26-05-15 16:10:48.384 [main] INFO  n.e.journalApp.JournalApplication - Starting JournalApplication using Java 11.0.31 on LAPTOP-4IL5G33D with PID 38992 (C:\Users\SIDDHU\OneDrive\Desktop\journalapp\journalApp\target\classes started by SIDDHU in C:\Users\SIDDHU\OneDrive\Desktop\journalapp\journalApp)
26-05-15 16:10:48.387 [main] INFO  n.e.journalApp.JournalApplication - The following 1 profile is active: "dev"
26-05-15 16:10:49.511 [main] INFO  o.s.d.r.c.RepositoryConfigurationDelegate - Bootstrapping Spring Data MongoDB repositories in DEFAULT mode.
26-05-15 16:10:49.599 [main] INFO  o.s.d.r.c.RepositoryConfigurationDelegate - Finished Spring Data repository scanning in 79 ms. Found 2 MongoDB repository interfaces.
26-05-15 16:10:51.346 [main] INFO  o.s.b.w.e.tomcat.TomcatWebServer - Tomcat initialized with port(s): 8082 (http)
26-05-15 16:10:51.357 [main] INFO  o.a.coyote.http11.Http11NioProtocol - Initializing ProtocolHandler ["http-nio-8082"]
26-05-15 16:10:51.362 [main] INFO  o.a.catalina.core.StandardService - Starting service [Tomcat]
26-05-15 16:10:51.362 [main] INFO  o.a.catalina.core.StandardEngine - Starting Servlet engine: [Apache Tomcat/9.0.80]
26-05-15 16:10:51.544 [main] INFO  o.a.c.c.C.[.[.[/journalapp] - Initializing Spring embedded WebApplicationContext
26-05-15 16:10:51.546 [main] INFO  o.s.b.w.s.c.ServletWebServerApplicationContext - Root WebApplicationContext: initialization completed in 3079 ms
26-05-15 16:10:51.966 [main] INFO  org.mongodb.driver.client - MongoClient with metadata {"driver": {"name": "mongo-java-driver|sync|spring-boot", "version": "4.6.1"}, "os": {"type": "Windows", "name": "Windows 11", "architecture": "amd64", "version": "10.0"}, "platform": "Java/Microsoft/11.0.31+11-LTS", "application": {"name": "Cluster0"}} created with settings MongoClientSettings{readPreference=primary, writeConcern=WriteConcern{w=null, wTimeout=null ms, journal=null}, retryWrites=true, retryReads=true, readConcern=ReadConcern{level=null}, credential=MongoCredential{mechanism=null, userName='banusiddharth35_db_user', source='admin', password=<hidden>, mechanismProperties=<hidden>}, streamFactoryFactory=null, commandListeners=[], codecRegistry=ProvidersCodecRegistry{codecProviders=[ValueCodecProvider{}, BsonValueCodecProvider{}, DBRefCodecProvider{}, DBObjectCodecProvider{}, DocumentCodecProvider{}, IterableCodecProvider{}, MapCodecProvider{}, GeoJsonCodecProvider{}, GridFSFileCodecProvider{}, Jsr310CodecProvider{}, JsonObjectCodecProvider{}, BsonCodecProvider{}, EnumCodecProvider{}, com.mongodb.Jep395RecordCodecProvider@7316523a]}, clusterSettings={hosts=[127.0.0.1:27017], srvHost=cluster0.1q4yqcd.mongodb.net, srvServiceName=mongodb, mode=MULTIPLE, requiredClusterType=REPLICA_SET, requiredReplicaSetName='atlas-mizxxc-shard-0', serverSelector='null', clusterListeners='[]', serverSelectionTimeout='30000 ms', localThreshold='30000 ms'}, socketSettings=SocketSettings{connectTimeoutMS=10000, readTimeoutMS=0, receiveBufferSize=0, sendBufferSize=0}, heartbeatSocketSettings=SocketSettings{connectTimeoutMS=10000, readTimeoutMS=10000, receiveBufferSize=0, sendBufferSize=0}, connectionPoolSettings=ConnectionPoolSettings{maxSize=100, minSize=0, maxWaitTimeMS=120000, maxConnectionLifeTimeMS=0, maxConnectionIdleTimeMS=0, maintenanceInitialDelayMS=0, maintenanceFrequencyMS=60000, connectionPoolListeners=[], maxConnecting=2}, serverSettings=ServerSettings{heartbeatFrequencyMS=10000, minHeartbeatFrequencyMS=500, serverListeners='[]', serverMonitorListeners='[]'}, sslSettings=SslSettings{enabled=true, invalidHostNameAllowed=false, context=null}, applicationName='Cluster0', compressorList=[], uuidRepresentation=JAVA_LEGACY, serverApi=null, autoEncryptionSettings=null, contextProvider=null}
26-05-15 16:10:51.993 [cluster-ClusterId{value='6a06f833f5dd7e1025a57f86', description='null'}-srv-cluster0.1q4yqcd.mongodb.net] INFO  org.mongodb.driver.cluster - Adding discovered server ac-ggf694n-shard-00-01.1q4yqcd.mongodb.net:27017 to client view of cluster
26-05-15 16:10:52.027 [cluster-ClusterId{value='6a06f833f5dd7e1025a57f86', description='null'}-srv-cluster0.1q4yqcd.mongodb.net] INFO  org.mongodb.driver.cluster - Adding discovered server ac-ggf694n-shard-00-00.1q4yqcd.mongodb.net:27017 to client view of cluster
26-05-15 16:10:52.029 [cluster-ClusterId{value='6a06f833f5dd7e1025a57f86', description='null'}-srv-cluster0.1q4yqcd.mongodb.net] INFO  org.mongodb.driver.cluster - Adding discovered server ac-ggf694n-shard-00-02.1q4yqcd.mongodb.net:27017 to client view of cluster
26-05-15 16:10:52.371 [main] INFO  org.mongodb.driver.cluster - No server chosen by com.mongodb.client.internal.MongoClientDelegate$1@1f992a3a from cluster description ClusterDescription{type=REPLICA_SET, connectionMode=MULTIPLE, serverDescriptions=[ServerDescription{address=ac-ggf694n-shard-00-00.1q4yqcd.mongodb.net:27017, type=UNKNOWN, state=CONNECTING}, ServerDescription{address=ac-ggf694n-shard-00-02.1q4yqcd.mongodb.net:27017, type=UNKNOWN, state=CONNECTING}, ServerDescription{address=ac-ggf694n-shard-00-01.1q4yqcd.mongodb.net:27017, type=UNKNOWN, state=CONNECTING}]}. Waiting for 30000 ms before timing out
26-05-15 16:10:52.473 [cluster-ClusterId{value='6a06f833f5dd7e1025a57f86', description='null'}-ac-ggf694n-shard-00-00.1q4yqcd.mongodb.net:27017] INFO  org.mongodb.driver.cluster - Exception in monitor thread while connecting to server ac-ggf694n-shard-00-00.1q4yqcd.mongodb.net:27017
com.mongodb.MongoSocketWriteException: Exception sending message
	at com.mongodb.internal.connection.InternalStreamConnection.translateWriteException(InternalStreamConnection.java:684)
	at com.mongodb.internal.connection.InternalStreamConnection.sendMessage(InternalStreamConnection.java:555)
	at com.mongodb.internal.connection.InternalStreamConnection.sendCommandMessage(InternalStreamConnection.java:381)
	at com.mongodb.internal.connection.InternalStreamConnection.sendAndReceive(InternalStreamConnection.java:329)
	at com.mongodb.internal.connection.CommandHelper.sendAndReceive(CommandHelper.java:101)
	at com.mongodb.internal.connection.CommandHelper.executeCommand(CommandHelper.java:45)
	at com.mongodb.internal.connection.InternalStreamConnectionInitializer.initializeConnectionDescription(InternalStreamConnectionInitializer.java:131)
	at com.mongodb.internal.connection.InternalStreamConnectionInitializer.startHandshake(InternalStreamConnectionInitializer.java:73)
	at com.mongodb.internal.connection.InternalStreamConnection.open(InternalStreamConnection.java:182)
	at com.mongodb.internal.connection.DefaultServerMonitor$ServerMonitorRunnable.lookupServerDescription(DefaultServerMonitor.java:193)
	at com.mongodb.internal.connection.DefaultServerMonitor$ServerMonitorRunnable.run(DefaultServerMonitor.java:157)
	at java.base/java.lang.Thread.run(Thread.java:829)
Caused by: javax.net.ssl.SSLException: Received fatal alert: internal_error
	at java.base/sun.security.ssl.Alert.createSSLException(Alert.java:133)
	at java.base/sun.security.ssl.Alert.createSSLException(Alert.java:117)
	at java.base/sun.security.ssl.TransportContext.fatal(TransportContext.java:353)
	at java.base/sun.security.ssl.Alert$AlertConsumer.consume(Alert.java:293)
	at java.base/sun.security.ssl.TransportContext.dispatch(TransportContext.java:192)
	at java.base/sun.security.ssl.SSLTransport.decode(SSLTransport.java:172)
	at java.base/sun.security.ssl.SSLSocketImpl.decode(SSLSocketImpl.java:1511)
	at java.base/sun.security.ssl.SSLSocketImpl.readHandshakeRecord(SSLSocketImpl.java:1421)
	at java.base/sun.security.ssl.SSLSocketImpl.startHandshake(SSLSocketImpl.java:456)
	at java.base/sun.security.ssl.SSLSocketImpl.ensureNegotiated(SSLSocketImpl.java:926)
	at java.base/sun.security.ssl.SSLSocketImpl$AppOutputStream.write(SSLSocketImpl.java:1296)
	at com.mongodb.internal.connection.SocketStream.write(SocketStream.java:99)
	at com.mongodb.internal.connection.InternalStreamConnection.sendMessage(InternalStreamConnection.java:552)
	... 10 common frames omitted
26-05-15 16:10:52.473 [cluster-ClusterId{value='6a06f833f5dd7e1025a57f86', description='null'}-ac-ggf694n-shard-00-01.1q4yqcd.mongodb.net:27017] INFO  org.mongodb.driver.cluster - Exception in monitor thread while connecting to server ac-ggf694n-shard-00-01.1q4yqcd.mongodb.net:27017
com.mongodb.MongoSocketWriteException: Exception sending message
	at com.mongodb.internal.connection.InternalStreamConnection.translateWriteException(InternalStreamConnection.java:684)
	at com.mongodb.internal.connection.InternalStreamConnection.sendMessage(InternalStreamConnection.java:555)
	at com.mongodb.internal.connection.InternalStreamConnection.sendCommandMessage(InternalStreamConnection.java:381)
	at com.mongodb.internal.connection.InternalStreamConnection.sendAndReceive(InternalStreamConnection.java:329)
	at com.mongodb.internal.connection.CommandHelper.sendAndReceive(CommandHelper.java:101)
	at com.mongodb.internal.connection.CommandHelper.executeCommand(CommandHelper.java:45)
	at com.mongodb.internal.connection.InternalStreamConnectionInitializer.initializeConnectionDescription(InternalStreamConnectionInitializer.java:131)
	at com.mongodb.internal.connection.InternalStreamConnectionInitializer.startHandshake(InternalStreamConnectionInitializer.java:73)
	at com.mongodb.internal.connection.InternalStreamConnection.open(InternalStreamConnection.java:182)
	at com.mongodb.internal.connection.DefaultServerMonitor$ServerMonitorRunnable.lookupServerDescription(DefaultServerMonitor.java:193)
	at com.mongodb.internal.connection.DefaultServerMonitor$ServerMonitorRunnable.run(DefaultServerMonitor.java:157)
	at java.base/java.lang.Thread.run(Thread.java:829)
Caused by: javax.net.ssl.SSLException: Received fatal alert: internal_error
	at java.base/sun.security.ssl.Alert.createSSLException(Alert.java:133)
	at java.base/sun.security.ssl.Alert.createSSLException(Alert.java:117)
	at java.base/sun.security.ssl.TransportContext.fatal(TransportContext.java:353)
	at java.base/sun.security.ssl.Alert$AlertConsumer.consume(Alert.java:293)
	at java.base/sun.security.ssl.TransportContext.dispatch(TransportContext.java:192)
	at java.base/sun.security.ssl.SSLTransport.decode(SSLTransport.java:172)
	at java.base/sun.security.ssl.SSLSocketImpl.decode(SSLSocketImpl.java:1511)
	at java.base/sun.security.ssl.SSLSocketImpl.readHandshakeRecord(SSLSocketImpl.java:1421)
	at java.base/sun.security.ssl.SSLSocketImpl.startHandshake(SSLSocketImpl.java:456)
	at java.base/sun.security.ssl.SSLSocketImpl.ensureNegotiated(SSLSocketImpl.java:926)
	at java.base/sun.security.ssl.SSLSocketImpl$AppOutputStream.write(SSLSocketImpl.java:1296)
	at com.mongodb.internal.connection.SocketStream.write(SocketStream.java:99)
	at com.mongodb.internal.connection.InternalStreamConnection.sendMessage(InternalStreamConnection.java:552)
	... 10 common frames omitted
26-05-15 16:10:52.473 [cluster-ClusterId{value='6a06f833f5dd7e1025a57f86', description='null'}-ac-ggf694n-shard-00-02.1q4yqcd.mongodb.net:27017] INFO  org.mongodb.driver.cluster - Exception in monitor thread while connecting to server ac-ggf694n-shard-00-02.1q4yqcd.mongodb.net:27017
com.mongodb.MongoSocketWriteException: Exception sending message
	at com.mongodb.internal.connection.InternalStreamConnection.translateWriteException(InternalStreamConnection.java:684)
	at com.mongodb.internal.connection.InternalStreamConnection.sendMessage(InternalStreamConnection.java:555)
	at com.mongodb.internal.connection.InternalStreamConnection.sendCommandMessage(InternalStreamConnection.java:381)
	at com.mongodb.internal.connection.InternalStreamConnection.sendAndReceive(InternalStreamConnection.java:329)
	at com.mongodb.internal.connection.CommandHelper.sendAndReceive(CommandHelper.java:101)
	at com.mongodb.internal.connection.CommandHelper.executeCommand(CommandHelper.java:45)
	at com.mongodb.internal.connection.InternalStreamConnectionInitializer.initializeConnectionDescription(InternalStreamConnectionInitializer.java:131)
	at com.mongodb.internal.connection.InternalStreamConnectionInitializer.startHandshake(InternalStreamConnectionInitializer.java:73)
	at com.mongodb.internal.connection.InternalStreamConnection.open(InternalStreamConnection.java:182)
	at com.mongodb.internal.connection.DefaultServerMonitor$ServerMonitorRunnable.lookupServerDescription(DefaultServerMonitor.java:193)
	at com.mongodb.internal.connection.DefaultServerMonitor$ServerMonitorRunnable.run(DefaultServerMonitor.java:157)
	at java.base/java.lang.Thread.run(Thread.java:829)
Caused by: javax.net.ssl.SSLException: Received fatal alert: internal_error
	at java.base/sun.security.ssl.Alert.createSSLException(Alert.java:133)
	at java.base/sun.security.ssl.Alert.createSSLException(Alert.java:117)
	at java.base/sun.security.ssl.TransportContext.fatal(TransportContext.java:353)
	at java.base/sun.security.ssl.Alert$AlertConsumer.consume(Alert.java:293)
	at java.base/sun.security.ssl.TransportContext.dispatch(TransportContext.java:192)
	at java.base/sun.security.ssl.SSLTransport.decode(SSLTransport.java:172)
	at java.base/sun.security.ssl.SSLSocketImpl.decode(SSLSocketImpl.java:1511)
	at java.base/sun.security.ssl.SSLSocketImpl.readHandshakeRecord(SSLSocketImpl.java:1421)
	at java.base/sun.security.ssl.SSLSocketImpl.startHandshake(SSLSocketImpl.java:456)
	at java.base/sun.security.ssl.SSLSocketImpl.ensureNegotiated(SSLSocketImpl.java:926)
	at java.base/sun.security.ssl.SSLSocketImpl$AppOutputStream.write(SSLSocketImpl.java:1296)
	at com.mongodb.internal.connection.SocketStream.write(SocketStream.java:99)
	at com.mongodb.internal.connection.InternalStreamConnection.sendMessage(InternalStreamConnection.java:552)
	... 10 common frames omitted
26-05-15 16:11:22.379 [main] WARN  o.s.b.w.s.c.AnnotationConfigServletWebServerApplicationContext - Exception encountered during context initialization - cancelling refresh attempt: org.springframework.beans.factory.UnsatisfiedDependencyException: Error creating bean with name 'springSecurity': Unsatisfied dependency expressed through field 'userservice'; nested exception is org.springframework.beans.factory.UnsatisfiedDependencyException: Error creating bean with name 'userdetailserviceimpl': Unsatisfied dependency expressed through field 'userRepository'; nested exception is org.springframework.beans.factory.BeanCreationException: Error creating bean with name 'userRepository' defined in net.engineeringdigest.journalApp.repository.UserRepository defined in @EnableMongoRepositories declared on MongoRepositoriesRegistrar.EnableMongoRepositoriesConfiguration: Cannot resolve reference to bean 'mongoTemplate' while setting bean property 'mongoOperations'; nested exception is org.springframework.beans.factory.BeanCreationException: Error creating bean with name 'mongoTemplate' defined in class path resource [org/springframework/boot/autoconfigure/data/mongo/MongoDatabaseFactoryDependentConfiguration.class]: Bean instantiation via factory method failed; nested exception is org.springframework.beans.BeanInstantiationException: Failed to instantiate [org.springframework.data.mongodb.core.MongoTemplate]: Factory method 'mongoTemplate' threw exception; nested exception is org.springframework.dao.DataAccessResourceFailureException: Timed out after 30000 ms while waiting for a server that matches com.mongodb.client.internal.MongoClientDelegate$1@1f992a3a. Client view of cluster state is {type=REPLICA_SET, servers=[{address=ac-ggf694n-shard-00-00.1q4yqcd.mongodb.net:27017, type=UNKNOWN, state=CONNECTING, exception={com.mongodb.MongoSocketWriteException: Exception sending message}, caused by {javax.net.ssl.SSLException: Received fatal alert: internal_error}}, {address=ac-ggf694n-shard-00-02.1q4yqcd.mongodb.net:27017, type=UNKNOWN, state=CONNECTING, exception={com.mongodb.MongoSocketWriteException: Exception sending message}, caused by {javax.net.ssl.SSLException: Received fatal alert: internal_error}}, {address=ac-ggf694n-shard-00-01.1q4yqcd.mongodb.net:27017, type=UNKNOWN, state=CONNECTING, exception={com.mongodb.MongoSocketWriteException: Exception sending message}, caused by {javax.net.ssl.SSLException: Received fatal alert: internal_error}}]; nested exception is com.mongodb.MongoTimeoutException: Timed out after 30000 ms while waiting for a server that matches com.mongodb.client.internal.MongoClientDelegate$1@1f992a3a. Client view of cluster state is {type=REPLICA_SET, servers=[{address=ac-ggf694n-shard-00-00.1q4yqcd.mongodb.net:27017, type=UNKNOWN, state=CONNECTING, exception={com.mongodb.MongoSocketWriteException: Exception sending message}, caused by {javax.net.ssl.SSLException: Received fatal alert: internal_error}}, {address=ac-ggf694n-shard-00-02.1q4yqcd.mongodb.net:27017, type=UNKNOWN, state=CONNECTING, exception={com.mongodb.MongoSocketWriteException: Exception sending message}, caused by {javax.net.ssl.SSLException: Received fatal alert: internal_error}}, {address=ac-ggf694n-shard-00-01.1q4yqcd.mongodb.net:27017, type=UNKNOWN, state=CONNECTING, exception={com.mongodb.MongoSocketWriteException: Exception sending message}, caused by {javax.net.ssl.SSLException: Received fatal alert: internal_error}}]
26-05-15 16:11:22.386 [main] INFO  o.a.catalina.core.StandardService - Stopping service [Tomcat]
26-05-15 16:11:22.404 [main] INFO  o.s.b.a.l.ConditionEvaluationReportLoggingListener - 

Error starting ApplicationContext. To display the conditions report re-run your application with 'debug' enabled.
26-05-15 16:11:22.442 [main] ERROR o.s.boot.SpringApplication - Application run failed
org.springframework.beans.factory.UnsatisfiedDependencyException: Error creating bean with name 'springSecurity': Unsatisfied dependency expressed through field 'userservice'; nested exception is org.springframework.beans.factory.UnsatisfiedDependencyException: Error creating bean with name 'userdetailserviceimpl': Unsatisfied dependency expressed through field 'userRepository'; nested exception is org.springframework.beans.factory.BeanCreationException: Error creating bean with name 'userRepository' defined in net.engineeringdigest.journalApp.repository.UserRepository defined in @EnableMongoRepositories declared on MongoRepositoriesRegistrar.EnableMongoRepositoriesConfiguration: Cannot resolve reference to bean 'mongoTemplate' while setting bean property 'mongoOperations'; nested exception is org.springframework.beans.factory.BeanCreationException: Error creating bean with name 'mongoTemplate' defined in class path resource [org/springframework/boot/autoconfigure/data/mongo/MongoDatabaseFactoryDependentConfiguration.class]: Bean instantiation via factory method failed; nested exception is org.springframework.beans.BeanInstantiationException: Failed to instantiate [org.springframework.data.mongodb.core.MongoTemplate]: Factory method 'mongoTemplate' threw exception; nested exception is org.springframework.dao.DataAccessResourceFailureException: Timed out after 30000 ms while waiting for a server that matches com.mongodb.client.internal.MongoClientDelegate$1@1f992a3a. Client view of cluster state is {type=REPLICA_SET, servers=[{address=ac-ggf694n-shard-00-00.1q4yqcd.mongodb.net:27017, type=UNKNOWN, state=CONNECTING, exception={com.mongodb.MongoSocketWriteException: Exception sending message}, caused by {javax.net.ssl.SSLException: Received fatal alert: internal_error}}, {address=ac-ggf694n-shard-00-02.1q4yqcd.mongodb.net:27017, type=UNKNOWN, state=CONNECTING, exception={com.mongodb.MongoSocketWriteException: Exception sending message}, caused by {javax.net.ssl.SSLException: Received fatal alert: internal_error}}, {address=ac-ggf694n-shard-00-01.1q4yqcd.mongodb.net:27017, type=UNKNOWN, state=CONNECTING, exception={com.mongodb.MongoSocketWriteException: Exception sending message}, caused by {javax.net.ssl.SSLException: Received fatal alert: internal_error}}]; nested exception is com.mongodb.MongoTimeoutException: Timed out after 30000 ms while waiting for a server that matches com.mongodb.client.internal.MongoClientDelegate$1@1f992a3a. Client view of cluster state is {type=REPLICA_SET, servers=[{address=ac-ggf694n-shard-00-00.1q4yqcd.mongodb.net:27017, type=UNKNOWN, state=CONNECTING, exception={com.mongodb.MongoSocketWriteException: Exception sending message}, caused by {javax.net.ssl.SSLException: Received fatal alert: internal_error}}, {address=ac-ggf694n-shard-00-02.1q4yqcd.mongodb.net:27017, type=UNKNOWN, state=CONNECTING, exception={com.mongodb.MongoSocketWriteException: Exception sending message}, caused by {javax.net.ssl.SSLException: Received fatal alert: internal_error}}, {address=ac-ggf694n-shard-00-01.1q4yqcd.mongodb.net:27017, type=UNKNOWN, state=CONNECTING, exception={com.mongodb.MongoSocketWriteException: Exception sending message}, caused by {javax.net.ssl.SSLException: Received fatal alert: internal_error}}]
	at org.springframework.beans.factory.annotation.AutowiredAnnotationBeanPostProcessor$AutowiredFieldElement.resolveFieldValue(AutowiredAnnotationBeanPostProcessor.java:713)
	at org.springframework.beans.factory.annotation.AutowiredAnnotationBeanPostProcessor$AutowiredFieldElement.inject(AutowiredAnnotationBeanPostProcessor.java:693)
	at org.springframework.beans.factory.annotation.InjectionMetadata.inject(InjectionMetadata.java:119)
	at org.springframework.beans.factory.annotation.AutowiredAnnotationBeanPostProcessor.postProcessProperties(AutowiredAnnotationBeanPostProcessor.java:408)
	at org.springframework.beans.factory.support.AbstractAutowireCapableBeanFactory.populateBean(AbstractAutowireCapableBeanFactory.java:1431)
	at org.springframework.beans.factory.support.AbstractAutowireCapableBeanFactory.doCreateBean(AbstractAutowireCapableBeanFactory.java:619)
	at org.springframework.beans.factory.support.AbstractAutowireCapableBeanFactory.createBean(AbstractAutowireCapableBeanFactory.java:542)
	at org.springframework.beans.factory.support.AbstractBeanFactory.lambda$doGetBean$0(AbstractBeanFactory.java:335)
	at org.springframework.beans.factory.support.DefaultSingletonBeanRegistry.getSingleton(DefaultSingletonBeanRegistry.java:234)
	at org.springframework.beans.factory.support.AbstractBeanFactory.doGetBean(AbstractBeanFactory.java:333)
	at org.springframework.beans.factory.support.AbstractBeanFactory.getBean(AbstractBeanFactory.java:208)
	at org.springframework.beans.factory.support.DefaultListableBeanFactory.preInstantiateSingletons(DefaultListableBeanFactory.java:955)
	at org.springframework.context.support.AbstractApplicationContext.finishBeanFactoryInitialization(AbstractApplicationContext.java:921)
	at org.springframework.context.support.AbstractApplicationContext.refresh(AbstractApplicationContext.java:583)
	at org.springframework.boot.web.servlet.context.ServletWebServerApplicationContext.refresh(ServletWebServerApplicationContext.java:147)
	at org.springframework.boot.SpringApplication.refresh(SpringApplication.java:731)
	at org.springframework.boot.SpringApplication.refreshContext(SpringApplication.java:408)
	at org.springframework.boot.SpringApplication.run(SpringApplication.java:307)
	at org.springframework.boot.SpringApplication.run(SpringApplication.java:1303)
	at org.springframework.boot.SpringApplication.run(SpringApplication.java:1292)
	at net.engineeringdigest.journalApp.JournalApplication.main(JournalApplication.java:17)
Caused by: org.springframework.beans.factory.UnsatisfiedDependencyException: Error creating bean with name 'userdetailserviceimpl': Unsatisfied dependency expressed through field 'userRepository'; nested exception is org.springframework.beans.factory.BeanCreationException: Error creating bean with name 'userRepository' defined in net.engineeringdigest.journalApp.repository.UserRepository defined in @EnableMongoRepositories declared on MongoRepositoriesRegistrar.EnableMongoRepositoriesConfiguration: Cannot resolve reference to bean 'mongoTemplate' while setting bean property 'mongoOperations'; nested exception is org.springframework.beans.factory.BeanCreationException: Error creating bean with name 'mongoTemplate' defined in class path resource [org/springframework/boot/autoconfigure/data/mongo/MongoDatabaseFactoryDependentConfiguration.class]: Bean instantiation via factory method failed; nested exception is org.springframework.beans.BeanInstantiationException: Failed to instantiate [org.springframework.data.mongodb.core.MongoTemplate]: Factory method 'mongoTemplate' threw exception; nested exception is org.springframework.dao.DataAccessResourceFailureException: Timed out after 30000 ms while waiting for a server that matches com.mongodb.client.internal.MongoClientDelegate$1@1f992a3a. Client view of cluster state is {type=REPLICA_SET, servers=[{address=ac-ggf694n-shard-00-00.1q4yqcd.mongodb.net:27017, type=UNKNOWN, state=CONNECTING, exception={com.mongodb.MongoSocketWriteException: Exception sending message}, caused by {javax.net.ssl.SSLException: Received fatal alert: internal_error}}, {address=ac-ggf694n-shard-00-02.1q4yqcd.mongodb.net:27017, type=UNKNOWN, state=CONNECTING, exception={com.mongodb.MongoSocketWriteException: Exception sending message}, caused by {javax.net.ssl.SSLException: Received fatal alert: internal_error}}, {address=ac-ggf694n-shard-00-01.1q4yqcd.mongodb.net:27017, type=UNKNOWN, state=CONNECTING, exception={com.mongodb.MongoSocketWriteException: Exception sending message}, caused by {javax.net.ssl.SSLException: Received fatal alert: internal_error}}]; nested exception is com.mongodb.MongoTimeoutException: Timed out after 30000 ms while waiting for a server that matches com.mongodb.client.internal.MongoClientDelegate$1@1f992a3a. Client view of cluster state is {type=REPLICA_SET, servers=[{address=ac-ggf694n-shard-00-00.1q4yqcd.mongodb.net:27017, type=UNKNOWN, state=CONNECTING, exception={com.mongodb.MongoSocketWriteException: Exception sending message}, caused by {javax.net.ssl.SSLException: Received fatal alert: internal_error}}, {address=ac-ggf694n-shard-00-02.1q4yqcd.mongodb.net:27017, type=UNKNOWN, state=CONNECTING, exception={com.mongodb.MongoSocketWriteException: Exception sending message}, caused by {javax.net.ssl.SSLException: Received fatal alert: internal_error}}, {address=ac-ggf694n-shard-00-01.1q4yqcd.mongodb.net:27017, type=UNKNOWN, state=CONNECTING, exception={com.mongodb.MongoSocketWriteException: Exception sending message}, caused by {javax.net.ssl.SSLException: Received fatal alert: internal_error}}]
	at org.springframework.beans.factory.annotation.AutowiredAnnotationBeanPostProcessor$AutowiredFieldElement.resolveFieldValue(AutowiredAnnotationBeanPostProcessor.java:713)
	at org.springframework.beans.factory.annotation.AutowiredAnnotationBeanPostProcessor$AutowiredFieldElement.inject(AutowiredAnnotationBeanPostProcessor.java:693)
	at org.springframework.beans.factory.annotation.InjectionMetadata.inject(InjectionMetadata.java:119)
	at org.springframework.beans.factory.annotation.AutowiredAnnotationBeanPostProcessor.postProcessProperties(AutowiredAnnotationBeanPostProcessor.java:408)
	at org.springframework.beans.factory.support.AbstractAutowireCapableBeanFactory.populateBean(AbstractAutowireCapableBeanFactory.java:1431)
	at org.springframework.beans.factory.support.AbstractAutowireCapableBeanFactory.doCreateBean(AbstractAutowireCapableBeanFactory.java:619)
	at org.springframework.beans.factory.support.AbstractAutowireCapableBeanFactory.createBean(AbstractAutowireCapableBeanFactory.java:542)
	at org.springframework.beans.factory.support.AbstractBeanFactory.lambda$doGetBean$0(AbstractBeanFactory.java:335)
	at org.springframework.beans.factory.support.DefaultSingletonBeanRegistry.getSingleton(DefaultSingletonBeanRegistry.java:234)
	at org.springframework.beans.factory.support.AbstractBeanFactory.doGetBean(AbstractBeanFactory.java:333)
	at org.springframework.beans.factory.support.AbstractBeanFactory.getBean(AbstractBeanFactory.java:208)
	at org.springframework.beans.factory.config.DependencyDescriptor.resolveCandidate(DependencyDescriptor.java:276)
	at org.springframework.beans.factory.support.DefaultListableBeanFactory.doResolveDependency(DefaultListableBeanFactory.java:1391)
	at org.springframework.beans.factory.support.DefaultListableBeanFactory.resolveDependency(DefaultListableBeanFactory.java:1311)
	at org.springframework.beans.factory.annotation.AutowiredAnnotationBeanPostProcessor$AutowiredFieldElement.resolveFieldValue(AutowiredAnnotationBeanPostProcessor.java:710)
	... 20 common frames omitted
Caused by: org.springframework.beans.factory.BeanCreationException: Error creating bean with name 'userRepository' defined in net.engineeringdigest.journalApp.repository.UserRepository defined in @EnableMongoRepositories declared on MongoRepositoriesRegistrar.EnableMongoRepositoriesConfiguration: Cannot resolve reference to bean 'mongoTemplate' while setting bean property 'mongoOperations'; nested exception is org.springframework.beans.factory.BeanCreationException: Error creating bean with name 'mongoTemplate' defined in class path resource [org/springframework/boot/autoconfigure/data/mongo/MongoDatabaseFactoryDependentConfiguration.class]: Bean instantiation via factory method failed; nested exception is org.springframework.beans.BeanInstantiationException: Failed to instantiate [org.springframework.data.mongodb.core.MongoTemplate]: Factory method 'mongoTemplate' threw exception; nested exception is org.springframework.dao.DataAccessResourceFailureException: Timed out after 30000 ms while waiting for a server that matches com.mongodb.client.internal.MongoClientDelegate$1@1f992a3a. Client view of cluster state is {type=REPLICA_SET, servers=[{address=ac-ggf694n-shard-00-00.1q4yqcd.mongodb.net:27017, type=UNKNOWN, state=CONNECTING, exception={com.mongodb.MongoSocketWriteException: Exception sending message}, caused by {javax.net.ssl.SSLException: Received fatal alert: internal_error}}, {address=ac-ggf694n-shard-00-02.1q4yqcd.mongodb.net:27017, type=UNKNOWN, state=CONNECTING, exception={com.mongodb.MongoSocketWriteException: Exception sending message}, caused by {javax.net.ssl.SSLException: Received fatal alert: internal_error}}, {address=ac-ggf694n-shard-00-01.1q4yqcd.mongodb.net:27017, type=UNKNOWN, state=CONNECTING, exception={com.mongodb.MongoSocketWriteException: Exception sending message}, caused by {javax.net.ssl.SSLException: Received fatal alert: internal_error}}]; nested exception is com.mongodb.MongoTimeoutException: Timed out after 30000 ms while waiting for a server that matches com.mongodb.client.internal.MongoClientDelegate$1@1f992a3a. Client view of cluster state is {type=REPLICA_SET, servers=[{address=ac-ggf694n-shard-00-00.1q4yqcd.mongodb.net:27017, type=UNKNOWN, state=CONNECTING, exception={com.mongodb.MongoSocketWriteException: Exception sending message}, caused by {javax.net.ssl.SSLException: Received fatal alert: internal_error}}, {address=ac-ggf694n-shard-00-02.1q4yqcd.mongodb.net:27017, type=UNKNOWN, state=CONNECTING, exception={com.mongodb.MongoSocketWriteException: Exception sending message}, caused by {javax.net.ssl.SSLException: Received fatal alert: internal_error}}, {address=ac-ggf694n-shard-00-01.1q4yqcd.mongodb.net:27017, type=UNKNOWN, state=CONNECTING, exception={com.mongodb.MongoSocketWriteException: Exception sending message}, caused by {javax.net.ssl.SSLException: Received fatal alert: internal_error}}]
	at org.springframework.beans.factory.support.BeanDefinitionValueResolver.resolveReference(BeanDefinitionValueResolver.java:342)
	at org.springframework.beans.factory.support.BeanDefinitionValueResolver.resolveValueIfNecessary(BeanDefinitionValueResolver.java:113)
	at org.springframework.beans.factory.support.AbstractAutowireCapableBeanFactory.applyPropertyValues(AbstractAutowireCapableBeanFactory.java:1707)
	at org.springframework.beans.factory.support.AbstractAutowireCapableBeanFactory.populateBean(AbstractAutowireCapableBeanFactory.java:1452)
	at org.springframework.beans.factory.support.AbstractAutowireCapableBeanFactory.doCreateBean(AbstractAutowireCapableBeanFactory.java:619)
	at org.springframework.beans.factory.support.AbstractAutowireCapableBeanFactory.createBean(AbstractAutowireCapableBeanFactory.java:542)
	at org.springframework.beans.factory.support.AbstractBeanFactory.lambda$doGetBean$0(AbstractBeanFactory.java:335)
	at org.springframework.beans.factory.support.DefaultSingletonBeanRegistry.getSingleton(DefaultSingletonBeanRegistry.java:234)
	at org.springframework.beans.factory.support.AbstractBeanFactory.doGetBean(AbstractBeanFactory.java:333)
	at org.springframework.beans.factory.support.AbstractBeanFactory.getBean(AbstractBeanFactory.java:208)
	at org.springframework.beans.factory.config.DependencyDescriptor.resolveCandidate(DependencyDescriptor.java:276)
	at org.springframework.beans.factory.support.DefaultListableBeanFactory.doResolveDependency(DefaultListableBeanFactory.java:1391)
	at org.springframework.beans.factory.support.DefaultListableBeanFactory.resolveDependency(DefaultListableBeanFactory.java:1311)
	at org.springframework.beans.factory.annotation.AutowiredAnnotationBeanPostProcessor$AutowiredFieldElement.resolveFieldValue(AutowiredAnnotationBeanPostProcessor.java:710)
	... 34 common frames omitted
Caused by: org.springframework.beans.factory.BeanCreationException: Error creating bean with name 'mongoTemplate' defined in class path resource [org/springframework/boot/autoconfigure/data/mongo/MongoDatabaseFactoryDependentConfiguration.class]: Bean instantiation via factory method failed; nested exception is org.springframework.beans.BeanInstantiationException: Failed to instantiate [org.springframework.data.mongodb.core.MongoTemplate]: Factory method 'mongoTemplate' threw exception; nested exception is org.springframework.dao.DataAccessResourceFailureException: Timed out after 30000 ms while waiting for a server that matches com.mongodb.client.internal.MongoClientDelegate$1@1f992a3a. Client view of cluster state is {type=REPLICA_SET, servers=[{address=ac-ggf694n-shard-00-00.1q4yqcd.mongodb.net:27017, type=UNKNOWN, state=CONNECTING, exception={com.mongodb.MongoSocketWriteException: Exception sending message}, caused by {javax.net.ssl.SSLException: Received fatal alert: internal_error}}, {address=ac-ggf694n-shard-00-02.1q4yqcd.mongodb.net:27017, type=UNKNOWN, state=CONNECTING, exception={com.mongodb.MongoSocketWriteException: Exception sending message}, caused by {javax.net.ssl.SSLException: Received fatal alert: internal_error}}, {address=ac-ggf694n-shard-00-01.1q4yqcd.mongodb.net:27017, type=UNKNOWN, state=CONNECTING, exception={com.mongodb.MongoSocketWriteException: Exception sending message}, caused by {javax.net.ssl.SSLException: Received fatal alert: internal_error}}]; nested exception is com.mongodb.MongoTimeoutException: Timed out after 30000 ms while waiting for a server that matches com.mongodb.client.internal.MongoClientDelegate$1@1f992a3a. Client view of cluster state is {type=REPLICA_SET, servers=[{address=ac-ggf694n-shard-00-00.1q4yqcd.mongodb.net:27017, type=UNKNOWN, state=CONNECTING, exception={com.mongodb.MongoSocketWriteException: Exception sending message}, caused by {javax.net.ssl.SSLException: Received fatal alert: internal_error}}, {address=ac-ggf694n-shard-00-02.1q4yqcd.mongodb.net:27017, type=UNKNOWN, state=CONNECTING, exception={com.mongodb.MongoSocketWriteException: Exception sending message}, caused by {javax.net.ssl.SSLException: Received fatal alert: internal_error}}, {address=ac-ggf694n-shard-00-01.1q4yqcd.mongodb.net:27017, type=UNKNOWN, state=CONNECTING, exception={com.mongodb.MongoSocketWriteException: Exception sending message}, caused by {javax.net.ssl.SSLException: Received fatal alert: internal_error}}]
	at org.springframework.beans.factory.support.ConstructorResolver.instantiate(ConstructorResolver.java:653)
	at org.springframework.beans.factory.support.ConstructorResolver.instantiateUsingFactoryMethod(ConstructorResolver.java:633)
	at org.springframework.beans.factory.support.AbstractAutowireCapableBeanFactory.instantiateUsingFactoryMethod(AbstractAutowireCapableBeanFactory.java:1352)
	at org.springframework.beans.factory.support.AbstractAutowireCapableBeanFactory.createBeanInstance(AbstractAutowireCapableBeanFactory.java:1195)
	at org.springframework.beans.factory.support.AbstractAutowireCapableBeanFactory.doCreateBean(AbstractAutowireCapableBeanFactory.java:582)
	at org.springframework.beans.factory.support.AbstractAutowireCapableBeanFactory.createBean(AbstractAutowireCapableBeanFactory.java:542)
	at org.springframework.beans.factory.support.AbstractBeanFactory.lambda$doGetBean$0(AbstractBeanFactory.java:335)
	at org.springframework.beans.factory.support.DefaultSingletonBeanRegistry.getSingleton(DefaultSingletonBeanRegistry.java:234)
	at org.springframework.beans.factory.support.AbstractBeanFactory.doGetBean(AbstractBeanFactory.java:333)
	at org.springframework.beans.factory.support.AbstractBeanFactory.getBean(AbstractBeanFactory.java:208)
	at org.springframework.beans.factory.support.BeanDefinitionValueResolver.resolveReference(BeanDefinitionValueResolver.java:330)
	... 47 common frames omitted
Caused by: org.springframework.beans.BeanInstantiationException: Failed to instantiate [org.springframework.data.mongodb.core.MongoTemplate]: Factory method 'mongoTemplate' threw exception; nested exception is org.springframework.dao.DataAccessResourceFailureException: Timed out after 30000 ms while waiting for a server that matches com.mongodb.client.internal.MongoClientDelegate$1@1f992a3a. Client view of cluster state is {type=REPLICA_SET, servers=[{address=ac-ggf694n-shard-00-00.1q4yqcd.mongodb.net:27017, type=UNKNOWN, state=CONNECTING, exception={com.mongodb.MongoSocketWriteException: Exception sending message}, caused by {javax.net.ssl.SSLException: Received fatal alert: internal_error}}, {address=ac-ggf694n-shard-00-02.1q4yqcd.mongodb.net:27017, type=UNKNOWN, state=CONNECTING, exception={com.mongodb.MongoSocketWriteException: Exception sending message}, caused by {javax.net.ssl.SSLException: Received fatal alert: internal_error}}, {address=ac-ggf694n-shard-00-01.1q4yqcd.mongodb.net:27017, type=UNKNOWN, state=CONNECTING, exception={com.mongodb.MongoSocketWriteException: Exception sending message}, caused by {javax.net.ssl.SSLException: Received fatal alert: internal_error}}]; nested exception is com.mongodb.MongoTimeoutException: Timed out after 30000 ms while waiting for a server that matches com.mongodb.client.internal.MongoClientDelegate$1@1f992a3a. Client view of cluster state is {type=REPLICA_SET, servers=[{address=ac-ggf694n-shard-00-00.1q4yqcd.mongodb.net:27017, type=UNKNOWN, state=CONNECTING, exception={com.mongodb.MongoSocketWriteException: Exception sending message}, caused by {javax.net.ssl.SSLException: Received fatal alert: internal_error}}, {address=ac-ggf694n-shard-00-02.1q4yqcd.mongodb.net:27017, type=UNKNOWN, state=CONNECTING, exception={com.mongodb.MongoSocketWriteException: Exception sending message}, caused by {javax.net.ssl.SSLException: Received fatal alert: internal_error}}, {address=ac-ggf694n-shard-00-01.1q4yqcd.mongodb.net:27017, type=UNKNOWN, state=CONNECTING, exception={com.mongodb.MongoSocketWriteException: Exception sending message}, caused by {javax.net.ssl.SSLException: Received fatal alert: internal_error}}]
	at org.springframework.beans.factory.support.SimpleInstantiationStrategy.instantiate(SimpleInstantiationStrategy.java:185)
	at org.springframework.beans.factory.support.ConstructorResolver.instantiate(ConstructorResolver.java:648)
	... 57 common frames omitted
Caused by: org.springframework.dao.DataAccessResourceFailureException: Timed out after 30000 ms while waiting for a server that matches com.mongodb.client.internal.MongoClientDelegate$1@1f992a3a. Client view of cluster state is {type=REPLICA_SET, servers=[{address=ac-ggf694n-shard-00-00.1q4yqcd.mongodb.net:27017, type=UNKNOWN, state=CONNECTING, exception={com.mongodb.MongoSocketWriteException: Exception sending message}, caused by {javax.net.ssl.SSLException: Received fatal alert: internal_error}}, {address=ac-ggf694n-shard-00-02.1q4yqcd.mongodb.net:27017, type=UNKNOWN, state=CONNECTING, exception={com.mongodb.MongoSocketWriteException: Exception sending message}, caused by {javax.net.ssl.SSLException: Received fatal alert: internal_error}}, {address=ac-ggf694n-shard-00-01.1q4yqcd.mongodb.net:27017, type=UNKNOWN, state=CONNECTING, exception={com.mongodb.MongoSocketWriteException: Exception sending message}, caused by {javax.net.ssl.SSLException: Received fatal alert: internal_error}}]; nested exception is com.mongodb.MongoTimeoutException: Timed out after 30000 ms while waiting for a server that matches com.mongodb.client.internal.MongoClientDelegate$1@1f992a3a. Client view of cluster state is {type=REPLICA_SET, servers=[{address=ac-ggf694n-shard-00-00.1q4yqcd.mongodb.net:27017, type=UNKNOWN, state=CONNECTING, exception={com.mongodb.MongoSocketWriteException: Exception sending message}, caused by {javax.net.ssl.SSLException: Received fatal alert: internal_error}}, {address=ac-ggf694n-shard-00-02.1q4yqcd.mongodb.net:27017, type=UNKNOWN, state=CONNECTING, exception={com.mongodb.MongoSocketWriteException: Exception sending message}, caused by {javax.net.ssl.SSLException: Received fatal alert: internal_error}}, {address=ac-ggf694n-shard-00-01.1q4yqcd.mongodb.net:27017, type=UNKNOWN, state=CONNECTING, exception={com.mongodb.MongoSocketWriteException: Exception sending message}, caused by {javax.net.ssl.SSLException: Received fatal alert: internal_error}}]
	at org.springframework.data.mongodb.core.MongoExceptionTranslator.translateExceptionIfPossible(MongoExceptionTranslator.java:95)
	at org.springframework.data.mongodb.core.MongoTemplate.potentiallyConvertRuntimeException(MongoTemplate.java:3029)
	at org.springframework.data.mongodb.core.MongoTemplate.execute(MongoTemplate.java:581)
	at org.springframework.data.mongodb.core.DefaultIndexOperations.execute(DefaultIndexOperations.java:215)
	at org.springframework.data.mongodb.core.DefaultIndexOperations.ensureIndex(DefaultIndexOperations.java:121)
	at org.springframework.data.mongodb.core.index.MongoPersistentEntityIndexCreator.createIndex(MongoPersistentEntityIndexCreator.java:157)
	at org.springframework.data.mongodb.core.index.MongoPersistentEntityIndexCreator.checkForAndCreateIndexes(MongoPersistentEntityIndexCreator.java:147)
	at org.springframework.data.mongodb.core.index.MongoPersistentEntityIndexCreator.checkForIndexes(MongoPersistentEntityIndexCreator.java:131)
	at org.springframework.data.mongodb.core.index.MongoPersistentEntityIndexCreator.<init>(MongoPersistentEntityIndexCreator.java:96)
	at org.springframework.data.mongodb.core.index.MongoPersistentEntityIndexCreator.<init>(MongoPersistentEntityIndexCreator.java:73)
	at org.springframework.data.mongodb.core.MongoTemplate.<init>(MongoTemplate.java:224)
	at org.springframework.boot.autoconfigure.data.mongo.MongoDatabaseFactoryDependentConfiguration.mongoTemplate(MongoDatabaseFactoryDependentConfiguration.java:63)
	at java.base/jdk.internal.reflect.NativeMethodAccessorImpl.invoke0(Native Method)
	at java.base/jdk.internal.reflect.NativeMethodAccessorImpl.invoke(NativeMethodAccessorImpl.java:62)
	at java.base/jdk.internal.reflect.DelegatingMethodAccessorImpl.invoke(DelegatingMethodAccessorImpl.java:43)
	at java.base/java.lang.reflect.Method.invoke(Method.java:566)
	at org.springframework.beans.factory.support.SimpleInstantiationStrategy.instantiate(SimpleInstantiationStrategy.java:154)
	... 58 common frames omitted
Caused by: com.mongodb.MongoTimeoutException: Timed out after 30000 ms while waiting for a server that matches com.mongodb.client.internal.MongoClientDelegate$1@1f992a3a. Client view of cluster state is {type=REPLICA_SET, servers=[{address=ac-ggf694n-shard-00-00.1q4yqcd.mongodb.net:27017, type=UNKNOWN, state=CONNECTING, exception={com.mongodb.MongoSocketWriteException: Exception sending message}, caused by {javax.net.ssl.SSLException: Received fatal alert: internal_error}}, {address=ac-ggf694n-shard-00-02.1q4yqcd.mongodb.net:27017, type=UNKNOWN, state=CONNECTING, exception={com.mongodb.MongoSocketWriteException: Exception sending message}, caused by {javax.net.ssl.SSLException: Received fatal alert: internal_error}}, {address=ac-ggf694n-shard-00-01.1q4yqcd.mongodb.net:27017, type=UNKNOWN, state=CONNECTING, exception={com.mongodb.MongoSocketWriteException: Exception sending message}, caused by {javax.net.ssl.SSLException: Received fatal alert: internal_error}}]
	at com.mongodb.internal.connection.BaseCluster.createTimeoutException(BaseCluster.java:424)
	at com.mongodb.internal.connection.BaseCluster.selectServer(BaseCluster.java:121)
	at com.mongodb.internal.connection.AbstractMultiServerCluster.selectServer(AbstractMultiServerCluster.java:50)
	at com.mongodb.client.internal.MongoClientDelegate.getConnectedClusterDescription(MongoClientDelegate.java:146)
	at com.mongodb.client.internal.MongoClientDelegate.createClientSession(MongoClientDelegate.java:101)
	at com.mongodb.client.internal.MongoClientDelegate$DelegateOperationExecutor.getClientSession(MongoClientDelegate.java:291)
	at com.mongodb.client.internal.MongoClientDelegate$DelegateOperationExecutor.execute(MongoClientDelegate.java:207)
	at com.mongodb.client.internal.MongoCollectionImpl.executeCreateIndexes(MongoCollectionImpl.java:848)
	at com.mongodb.client.internal.MongoCollectionImpl.createIndexes(MongoCollectionImpl.java:831)
	at com.mongodb.client.internal.MongoCollectionImpl.createIndexes(MongoCollectionImpl.java:826)
	at com.mongodb.client.internal.MongoCollectionImpl.createIndex(MongoCollectionImpl.java:811)
	at org.springframework.data.mongodb.core.DefaultIndexOperations.lambda$ensureIndex$0(DefaultIndexOperations.java:131)
	at org.springframework.data.mongodb.core.MongoTemplate.execute(MongoTemplate.java:579)
	... 72 common frames omitted
26-05-15 16:11:42.288 [main] INFO  o.s.b.t.c.SpringBootTestContextBootstrapper - Neither @ContextConfiguration nor @ContextHierarchy found for test class [net.engineeringdigest.journalApp.JournalApplicationTests], using SpringBootContextLoader
26-05-15 16:11:42.314 [main] INFO  o.s.t.c.s.AbstractContextLoader - Could not detect default resource locations for test class [net.engineeringdigest.journalApp.JournalApplicationTests]: no resource found for suffixes {-context.xml, Context.groovy}.
26-05-15 16:11:42.318 [main] INFO  o.s.t.c.s.AnnotationConfigContextLoaderUtils - Could not detect default configuration classes for test class [net.engineeringdigest.journalApp.JournalApplicationTests]: JournalApplicationTests does not declare any static, non-private, non-final, nested classes annotated with @Configuration.
26-05-15 16:11:42.697 [main] INFO  o.s.b.t.c.SpringBootTestContextBootstrapper - Found @SpringBootConfiguration net.engineeringdigest.journalApp.JournalApplication for test class net.engineeringdigest.journalApp.JournalApplicationTests
26-05-15 16:11:42.993 [main] INFO  o.s.b.t.c.SpringBootTestContextBootstrapper - Loaded default TestExecutionListener class names from location [META-INF/spring.factories]: [org.springframework.boot.test.mock.mockito.MockitoTestExecutionListener, org.springframework.boot.test.mock.mockito.ResetMocksTestExecutionListener, org.springframework.boot.test.autoconfigure.restdocs.RestDocsTestExecutionListener, org.springframework.boot.test.autoconfigure.web.client.MockRestServiceServerResetTestExecutionListener, org.springframework.boot.test.autoconfigure.web.servlet.MockMvcPrintOnlyOnFailureTestExecutionListener, org.springframework.boot.test.autoconfigure.web.servlet.WebDriverTestExecutionListener, org.springframework.boot.test.autoconfigure.webservices.client.MockWebServiceServerTestExecutionListener, org.springframework.test.context.web.ServletTestExecutionListener, org.springframework.test.context.support.DirtiesContextBeforeModesTestExecutionListener, org.springframework.test.context.event.ApplicationEventsTestExecutionListener, org.springframework.test.context.support.DependencyInjectionTestExecutionListener, org.springframework.test.context.support.DirtiesContextTestExecutionListener, org.springframework.test.context.transaction.TransactionalTestExecutionListener, org.springframework.test.context.jdbc.SqlScriptsTestExecutionListener, org.springframework.test.context.event.EventPublishingTestExecutionListener]
26-05-15 16:11:43.052 [main] INFO  o.s.b.t.c.SpringBootTestContextBootstrapper - Using TestExecutionListeners: [org.springframework.test.context.web.ServletTestExecutionListener@4218500f, org.springframework.test.context.support.DirtiesContextBeforeModesTestExecutionListener@4bff64c2, org.springframework.test.context.event.ApplicationEventsTestExecutionListener@1b2c4efb, org.springframework.boot.test.mock.mockito.MockitoTestExecutionListener@c35172e, org.springframework.boot.test.autoconfigure.SpringBootDependencyInjectionTestExecutionListener@c2db68f, org.springframework.test.context.support.DirtiesContextTestExecutionListener@3cc41abc, org.springframework.test.context.transaction.TransactionalTestExecutionListener@4566d049, org.springframework.test.context.jdbc.SqlScriptsTestExecutionListener@61ce23ac, org.springframework.test.context.event.EventPublishingTestExecutionListener@3668d4, org.springframework.boot.test.mock.mockito.ResetMocksTestExecutionListener@1c3b9394, org.springframework.boot.test.autoconfigure.restdocs.RestDocsTestExecutionListener@6f2cfcc2, org.springframework.boot.test.autoconfigure.web.client.MockRestServiceServerResetTestExecutionListener@7f6f61c8, org.springframework.boot.test.autoconfigure.web.servlet.MockMvcPrintOnlyOnFailureTestExecutionListener@4c2cc639, org.springframework.boot.test.autoconfigure.web.servlet.WebDriverTestExecutionListener@ccb4b1b, org.springframework.boot.test.autoconfigure.webservices.client.MockWebServiceServerTestExecutionListener@4097cac]
26-05-15 16:11:44.155 [main] INFO  n.e.j.JournalApplicationTests - Starting JournalApplicationTests using Java 11.0.31 on LAPTOP-4IL5G33D with PID 43148 (started by SIDDHU in C:\Users\SIDDHU\OneDrive\Desktop\journalapp\journalApp)
26-05-15 16:11:44.157 [main] INFO  n.e.j.JournalApplicationTests - The following 1 profile is active: "dev"
26-05-15 16:11:46.274 [main] INFO  o.s.d.r.c.RepositoryConfigurationDelegate - Bootstrapping Spring Data MongoDB repositories in DEFAULT mode.
26-05-15 16:11:46.442 [main] INFO  o.s.d.r.c.RepositoryConfigurationDelegate - Finished Spring Data repository scanning in 155 ms. Found 2 MongoDB repository interfaces.
26-05-15 16:11:49.735 [cluster-ClusterId{value='6a06f86d086286734c987d85', description='null'}-srv-cluster0.1q4yqcd.mongodb.net] INFO  org.mongodb.driver.cluster - Adding discovered server ac-ggf694n-shard-00-01.1q4yqcd.mongodb.net:27017 to client view of cluster
26-05-15 16:11:49.818 [main] INFO  org.mongodb.driver.client - MongoClient with metadata {"driver": {"name": "mongo-java-driver|sync|spring-boot", "version": "4.6.1"}, "os": {"type": "Windows", "name": "Windows 11", "architecture": "amd64", "version": "10.0"}, "platform": "Java/Microsoft/11.0.31+11-LTS", "application": {"name": "Cluster0"}} created with settings MongoClientSettings{readPreference=primary, writeConcern=WriteConcern{w=null, wTimeout=null ms, journal=null}, retryWrites=true, retryReads=true, readConcern=ReadConcern{level=null}, credential=MongoCredential{mechanism=null, userName='banusiddharth35_db_user', source='admin', password=<hidden>, mechanismProperties=<hidden>}, streamFactoryFactory=null, commandListeners=[], codecRegistry=ProvidersCodecRegistry{codecProviders=[ValueCodecProvider{}, BsonValueCodecProvider{}, DBRefCodecProvider{}, DBObjectCodecProvider{}, DocumentCodecProvider{}, IterableCodecProvider{}, MapCodecProvider{}, GeoJsonCodecProvider{}, GridFSFileCodecProvider{}, Jsr310CodecProvider{}, JsonObjectCodecProvider{}, BsonCodecProvider{}, EnumCodecProvider{}, com.mongodb.Jep395RecordCodecProvider@1280682]}, clusterSettings={hosts=[127.0.0.1:27017], srvHost=cluster0.1q4yqcd.mongodb.net, srvServiceName=mongodb, mode=MULTIPLE, requiredClusterType=REPLICA_SET, requiredReplicaSetName='atlas-mizxxc-shard-0', serverSelector='null', clusterListeners='[]', serverSelectionTimeout='30000 ms', localThreshold='30000 ms'}, socketSettings=SocketSettings{connectTimeoutMS=10000, readTimeoutMS=0, receiveBufferSize=0, sendBufferSize=0}, heartbeatSocketSettings=SocketSettings{connectTimeoutMS=10000, readTimeoutMS=10000, receiveBufferSize=0, sendBufferSize=0}, connectionPoolSettings=ConnectionPoolSettings{maxSize=100, minSize=0, maxWaitTimeMS=120000, maxConnectionLifeTimeMS=0, maxConnectionIdleTimeMS=0, maintenanceInitialDelayMS=0, maintenanceFrequencyMS=60000, connectionPoolListeners=[], maxConnecting=2}, serverSettings=ServerSettings{heartbeatFrequencyMS=10000, minHeartbeatFrequencyMS=500, serverListeners='[]', serverMonitorListeners='[]'}, sslSettings=SslSettings{enabled=true, invalidHostNameAllowed=false, context=null}, applicationName='Cluster0', compressorList=[], uuidRepresentation=JAVA_LEGACY, serverApi=null, autoEncryptionSettings=null, contextProvider=null}
26-05-15 16:11:49.875 [cluster-ClusterId{value='6a06f86d086286734c987d85', description='null'}-srv-cluster0.1q4yqcd.mongodb.net] INFO  org.mongodb.driver.cluster - Adding discovered server ac-ggf694n-shard-00-00.1q4yqcd.mongodb.net:27017 to client view of cluster
26-05-15 16:11:49.878 [cluster-ClusterId{value='6a06f86d086286734c987d85', description='null'}-srv-cluster0.1q4yqcd.mongodb.net] INFO  org.mongodb.driver.cluster - Adding discovered server ac-ggf694n-shard-00-02.1q4yqcd.mongodb.net:27017 to client view of cluster
26-05-15 16:11:50.594 [cluster-ClusterId{value='6a06f86d086286734c987d85', description='null'}-ac-ggf694n-shard-00-00.1q4yqcd.mongodb.net:27017] INFO  org.mongodb.driver.cluster - Exception in monitor thread while connecting to server ac-ggf694n-shard-00-00.1q4yqcd.mongodb.net:27017
com.mongodb.MongoSocketWriteException: Exception sending message
	at com.mongodb.internal.connection.InternalStreamConnection.translateWriteException(InternalStreamConnection.java:684)
	at com.mongodb.internal.connection.InternalStreamConnection.sendMessage(InternalStreamConnection.java:555)
	at com.mongodb.internal.connection.InternalStreamConnection.sendCommandMessage(InternalStreamConnection.java:381)
	at com.mongodb.internal.connection.InternalStreamConnection.sendAndReceive(InternalStreamConnection.java:329)
	at com.mongodb.internal.connection.CommandHelper.sendAndReceive(CommandHelper.java:101)
	at com.mongodb.internal.connection.CommandHelper.executeCommand(CommandHelper.java:45)
	at com.mongodb.internal.connection.InternalStreamConnectionInitializer.initializeConnectionDescription(InternalStreamConnectionInitializer.java:131)
	at com.mongodb.internal.connection.InternalStreamConnectionInitializer.startHandshake(InternalStreamConnectionInitializer.java:73)
	at com.mongodb.internal.connection.InternalStreamConnection.open(InternalStreamConnection.java:182)
	at com.mongodb.internal.connection.DefaultServerMonitor$ServerMonitorRunnable.lookupServerDescription(DefaultServerMonitor.java:193)
	at com.mongodb.internal.connection.DefaultServerMonitor$ServerMonitorRunnable.run(DefaultServerMonitor.java:157)
	at java.base/java.lang.Thread.run(Thread.java:829)
Caused by: javax.net.ssl.SSLException: Received fatal alert: internal_error
	at java.base/sun.security.ssl.Alert.createSSLException(Alert.java:133)
	at java.base/sun.security.ssl.Alert.createSSLException(Alert.java:117)
	at java.base/sun.security.ssl.TransportContext.fatal(TransportContext.java:353)
	at java.base/sun.security.ssl.Alert$AlertConsumer.consume(Alert.java:293)
	at java.base/sun.security.ssl.TransportContext.dispatch(TransportContext.java:192)
	at java.base/sun.security.ssl.SSLTransport.decode(SSLTransport.java:172)
	at java.base/sun.security.ssl.SSLSocketImpl.decode(SSLSocketImpl.java:1511)
	at java.base/sun.security.ssl.SSLSocketImpl.readHandshakeRecord(SSLSocketImpl.java:1421)
	at java.base/sun.security.ssl.SSLSocketImpl.startHandshake(SSLSocketImpl.java:456)
	at java.base/sun.security.ssl.SSLSocketImpl.ensureNegotiated(SSLSocketImpl.java:926)
	at java.base/sun.security.ssl.SSLSocketImpl$AppOutputStream.write(SSLSocketImpl.java:1296)
	at com.mongodb.internal.connection.SocketStream.write(SocketStream.java:99)
	at com.mongodb.internal.connection.InternalStreamConnection.sendMessage(InternalStreamConnection.java:552)
	... 10 common frames omitted
26-05-15 16:11:50.594 [cluster-ClusterId{value='6a06f86d086286734c987d85', description='null'}-ac-ggf694n-shard-00-02.1q4yqcd.mongodb.net:27017] INFO  org.mongodb.driver.cluster - Exception in monitor thread while connecting to server ac-ggf694n-shard-00-02.1q4yqcd.mongodb.net:27017
com.mongodb.MongoSocketWriteException: Exception sending message
	at com.mongodb.internal.connection.InternalStreamConnection.translateWriteException(InternalStreamConnection.java:684)
	at com.mongodb.internal.connection.InternalStreamConnection.sendMessage(InternalStreamConnection.java:555)
	at com.mongodb.internal.connection.InternalStreamConnection.sendCommandMessage(InternalStreamConnection.java:381)
	at com.mongodb.internal.connection.InternalStreamConnection.sendAndReceive(InternalStreamConnection.java:329)
	at com.mongodb.internal.connection.CommandHelper.sendAndReceive(CommandHelper.java:101)
	at com.mongodb.internal.connection.CommandHelper.executeCommand(CommandHelper.java:45)
	at com.mongodb.internal.connection.InternalStreamConnectionInitializer.initializeConnectionDescription(InternalStreamConnectionInitializer.java:131)
	at com.mongodb.internal.connection.InternalStreamConnectionInitializer.startHandshake(InternalStreamConnectionInitializer.java:73)
	at com.mongodb.internal.connection.InternalStreamConnection.open(InternalStreamConnection.java:182)
	at com.mongodb.internal.connection.DefaultServerMonitor$ServerMonitorRunnable.lookupServerDescription(DefaultServerMonitor.java:193)
	at com.mongodb.internal.connection.DefaultServerMonitor$ServerMonitorRunnable.run(DefaultServerMonitor.java:157)
	at java.base/java.lang.Thread.run(Thread.java:829)
Caused by: javax.net.ssl.SSLException: Received fatal alert: internal_error
	at java.base/sun.security.ssl.Alert.createSSLException(Alert.java:133)
	at java.base/sun.security.ssl.Alert.createSSLException(Alert.java:117)
	at java.base/sun.security.ssl.TransportContext.fatal(TransportContext.java:353)
	at java.base/sun.security.ssl.Alert$AlertConsumer.consume(Alert.java:293)
	at java.base/sun.security.ssl.TransportContext.dispatch(TransportContext.java:192)
	at java.base/sun.security.ssl.SSLTransport.decode(SSLTransport.java:172)
	at java.base/sun.security.ssl.SSLSocketImpl.decode(SSLSocketImpl.java:1511)
	at java.base/sun.security.ssl.SSLSocketImpl.readHandshakeRecord(SSLSocketImpl.java:1421)
	at java.base/sun.security.ssl.SSLSocketImpl.startHandshake(SSLSocketImpl.java:456)
	at java.base/sun.security.ssl.SSLSocketImpl.ensureNegotiated(SSLSocketImpl.java:926)
	at java.base/sun.security.ssl.SSLSocketImpl$AppOutputStream.write(SSLSocketImpl.java:1296)
	at com.mongodb.internal.connection.SocketStream.write(SocketStream.java:99)
	at com.mongodb.internal.connection.InternalStreamConnection.sendMessage(InternalStreamConnection.java:552)
	... 10 common frames omitted
26-05-15 16:11:50.594 [cluster-ClusterId{value='6a06f86d086286734c987d85', description='null'}-ac-ggf694n-shard-00-01.1q4yqcd.mongodb.net:27017] INFO  org.mongodb.driver.cluster - Exception in monitor thread while connecting to server ac-ggf694n-shard-00-01.1q4yqcd.mongodb.net:27017
com.mongodb.MongoSocketWriteException: Exception sending message
	at com.mongodb.internal.connection.InternalStreamConnection.translateWriteException(InternalStreamConnection.java:684)
	at com.mongodb.internal.connection.InternalStreamConnection.sendMessage(InternalStreamConnection.java:555)
	at com.mongodb.internal.connection.InternalStreamConnection.sendCommandMessage(InternalStreamConnection.java:381)
	at com.mongodb.internal.connection.InternalStreamConnection.sendAndReceive(InternalStreamConnection.java:329)
	at com.mongodb.internal.connection.CommandHelper.sendAndReceive(CommandHelper.java:101)
	at com.mongodb.internal.connection.CommandHelper.executeCommand(CommandHelper.java:45)
	at com.mongodb.internal.connection.InternalStreamConnectionInitializer.initializeConnectionDescription(InternalStreamConnectionInitializer.java:131)
	at com.mongodb.internal.connection.InternalStreamConnectionInitializer.startHandshake(InternalStreamConnectionInitializer.java:73)
	at com.mongodb.internal.connection.InternalStreamConnection.open(InternalStreamConnection.java:182)
	at com.mongodb.internal.connection.DefaultServerMonitor$ServerMonitorRunnable.lookupServerDescription(DefaultServerMonitor.java:193)
	at com.mongodb.internal.connection.DefaultServerMonitor$ServerMonitorRunnable.run(DefaultServerMonitor.java:157)
	at java.base/java.lang.Thread.run(Thread.java:829)
Caused by: javax.net.ssl.SSLException: Received fatal alert: internal_error
	at java.base/sun.security.ssl.Alert.createSSLException(Alert.java:133)
	at java.base/sun.security.ssl.Alert.createSSLException(Alert.java:117)
	at java.base/sun.security.ssl.TransportContext.fatal(TransportContext.java:353)
	at java.base/sun.security.ssl.Alert$AlertConsumer.consume(Alert.java:293)
	at java.base/sun.security.ssl.TransportContext.dispatch(TransportContext.java:192)
	at java.base/sun.security.ssl.SSLTransport.decode(SSLTransport.java:172)
	at java.base/sun.security.ssl.SSLSocketImpl.decode(SSLSocketImpl.java:1511)
	at java.base/sun.security.ssl.SSLSocketImpl.readHandshakeRecord(SSLSocketImpl.java:1421)
	at java.base/sun.security.ssl.SSLSocketImpl.startHandshake(SSLSocketImpl.java:456)
	at java.base/sun.security.ssl.SSLSocketImpl.ensureNegotiated(SSLSocketImpl.java:926)
	at java.base/sun.security.ssl.SSLSocketImpl$AppOutputStream.write(SSLSocketImpl.java:1296)
	at com.mongodb.internal.connection.SocketStream.write(SocketStream.java:99)
	at com.mongodb.internal.connection.InternalStreamConnection.sendMessage(InternalStreamConnection.java:552)
	... 10 common frames omitted
26-05-15 16:11:50.928 [main] INFO  org.mongodb.driver.cluster - No server chosen by com.mongodb.client.internal.MongoClientDelegate$1@1961d75a from cluster description ClusterDescription{type=REPLICA_SET, connectionMode=MULTIPLE, serverDescriptions=[ServerDescription{address=ac-ggf694n-shard-00-00.1q4yqcd.mongodb.net:27017, type=UNKNOWN, state=CONNECTING, exception={com.mongodb.MongoSocketWriteException: Exception sending message}, caused by {javax.net.ssl.SSLException: Received fatal alert: internal_error}}, ServerDescription{address=ac-ggf694n-shard-00-02.1q4yqcd.mongodb.net:27017, type=UNKNOWN, state=CONNECTING, exception={com.mongodb.MongoSocketWriteException: Exception sending message}, caused by {javax.net.ssl.SSLException: Received fatal alert: internal_error}}, ServerDescription{address=ac-ggf694n-shard-00-01.1q4yqcd.mongodb.net:27017, type=UNKNOWN, state=CONNECTING, exception={com.mongodb.MongoSocketWriteException: Exception sending message}, caused by {javax.net.ssl.SSLException: Received fatal alert: internal_error}}]}. Waiting for 30000 ms before timing out
26-05-15 16:12:20.933 [main] WARN  o.s.w.c.s.GenericWebApplicationContext - Exception encountered during context initialization - cancelling refresh attempt: org.springframework.beans.factory.UnsatisfiedDependencyException: Error creating bean with name 'springSecurity': Unsatisfied dependency expressed through field 'userservice'; nested exception is org.springframework.beans.factory.UnsatisfiedDependencyException: Error creating bean with name 'userdetailserviceimpl': Unsatisfied dependency expressed through field 'userRepository'; nested exception is org.springframework.beans.factory.BeanCreationException: Error creating bean with name 'userRepository' defined in net.engineeringdigest.journalApp.repository.UserRepository defined in @EnableMongoRepositories declared on MongoRepositoriesRegistrar.EnableMongoRepositoriesConfiguration: Cannot resolve reference to bean 'mongoTemplate' while setting bean property 'mongoOperations'; nested exception is org.springframework.beans.factory.BeanCreationException: Error creating bean with name 'mongoTemplate' defined in class path resource [org/springframework/boot/autoconfigure/data/mongo/MongoDatabaseFactoryDependentConfiguration.class]: Bean instantiation via factory method failed; nested exception is org.springframework.beans.BeanInstantiationException: Failed to instantiate [org.springframework.data.mongodb.core.MongoTemplate]: Factory method 'mongoTemplate' threw exception; nested exception is org.springframework.dao.DataAccessResourceFailureException: Timed out after 30000 ms while waiting for a server that matches com.mongodb.client.internal.MongoClientDelegate$1@1961d75a. Client view of cluster state is {type=REPLICA_SET, servers=[{address=ac-ggf694n-shard-00-00.1q4yqcd.mongodb.net:27017, type=UNKNOWN, state=CONNECTING, exception={com.mongodb.MongoSocketWriteException: Exception sending message}, caused by {javax.net.ssl.SSLException: Received fatal alert: internal_error}}, {address=ac-ggf694n-shard-00-02.1q4yqcd.mongodb.net:27017, type=UNKNOWN, state=CONNECTING, exception={com.mongodb.MongoSocketWriteException: Exception sending message}, caused by {javax.net.ssl.SSLException: Received fatal alert: internal_error}}, {address=ac-ggf694n-shard-00-01.1q4yqcd.mongodb.net:27017, type=UNKNOWN, state=CONNECTING, exception={com.mongodb.MongoSocketWriteException: Exception sending message}, caused by {javax.net.ssl.SSLException: Received fatal alert: internal_error}}]; nested exception is com.mongodb.MongoTimeoutException: Timed out after 30000 ms while waiting for a server that matches com.mongodb.client.internal.MongoClientDelegate$1@1961d75a. Client view of cluster state is {type=REPLICA_SET, servers=[{address=ac-ggf694n-shard-00-00.1q4yqcd.mongodb.net:27017, type=UNKNOWN, state=CONNECTING, exception={com.mongodb.MongoSocketWriteException: Exception sending message}, caused by {javax.net.ssl.SSLException: Received fatal alert: internal_error}}, {address=ac-ggf694n-shard-00-02.1q4yqcd.mongodb.net:27017, type=UNKNOWN, state=CONNECTING, exception={com.mongodb.MongoSocketWriteException: Exception sending message}, caused by {javax.net.ssl.SSLException: Received fatal alert: internal_error}}, {address=ac-ggf694n-shard-00-01.1q4yqcd.mongodb.net:27017, type=UNKNOWN, state=CONNECTING, exception={com.mongodb.MongoSocketWriteException: Exception sending message}, caused by {javax.net.ssl.SSLException: Received fatal alert: internal_error}}]
26-05-15 16:12:20.969 [main] INFO  o.s.b.a.l.ConditionEvaluationReportLoggingListener - 

Error starting ApplicationContext. To display the conditions report re-run your application with 'debug' enabled.
26-05-15 16:12:21.054 [main] ERROR o.s.boot.SpringApplication - Application run failed
org.springframework.beans.factory.UnsatisfiedDependencyException: Error creating bean with name 'springSecurity': Unsatisfied dependency expressed through field 'userservice'; nested exception is org.springframework.beans.factory.UnsatisfiedDependencyException: Error creating bean with name 'userdetailserviceimpl': Unsatisfied dependency expressed through field 'userRepository'; nested exception is org.springframework.beans.factory.BeanCreationException: Error creating bean with name 'userRepository' defined in net.engineeringdigest.journalApp.repository.UserRepository defined in @EnableMongoRepositories declared on MongoRepositoriesRegistrar.EnableMongoRepositoriesConfiguration: Cannot resolve reference to bean 'mongoTemplate' while setting bean property 'mongoOperations'; nested exception is org.springframework.beans.factory.BeanCreationException: Error creating bean with name 'mongoTemplate' defined in class path resource [org/springframework/boot/autoconfigure/data/mongo/MongoDatabaseFactoryDependentConfiguration.class]: Bean instantiation via factory method failed; nested exception is org.springframework.beans.BeanInstantiationException: Failed to instantiate [org.springframework.data.mongodb.core.MongoTemplate]: Factory method 'mongoTemplate' threw exception; nested exception is org.springframework.dao.DataAccessResourceFailureException: Timed out after 30000 ms while waiting for a server that matches com.mongodb.client.internal.MongoClientDelegate$1@1961d75a. Client view of cluster state is {type=REPLICA_SET, servers=[{address=ac-ggf694n-shard-00-00.1q4yqcd.mongodb.net:27017, type=UNKNOWN, state=CONNECTING, exception={com.mongodb.MongoSocketWriteException: Exception sending message}, caused by {javax.net.ssl.SSLException: Received fatal alert: internal_error}}, {address=ac-ggf694n-shard-00-02.1q4yqcd.mongodb.net:27017, type=UNKNOWN, state=CONNECTING, exception={com.mongodb.MongoSocketWriteException: Exception sending message}, caused by {javax.net.ssl.SSLException: Received fatal alert: internal_error}}, {address=ac-ggf694n-shard-00-01.1q4yqcd.mongodb.net:27017, type=UNKNOWN, state=CONNECTING, exception={com.mongodb.MongoSocketWriteException: Exception sending message}, caused by {javax.net.ssl.SSLException: Received fatal alert: internal_error}}]; nested exception is com.mongodb.MongoTimeoutException: Timed out after 30000 ms while waiting for a server that matches com.mongodb.client.internal.MongoClientDelegate$1@1961d75a. Client view of cluster state is {type=REPLICA_SET, servers=[{address=ac-ggf694n-shard-00-00.1q4yqcd.mongodb.net:27017, type=UNKNOWN, state=CONNECTING, exception={com.mongodb.MongoSocketWriteException: Exception sending message}, caused by {javax.net.ssl.SSLException: Received fatal alert: internal_error}}, {address=ac-ggf694n-shard-00-02.1q4yqcd.mongodb.net:27017, type=UNKNOWN, state=CONNECTING, exception={com.mongodb.MongoSocketWriteException: Exception sending message}, caused by {javax.net.ssl.SSLException: Received fatal alert: internal_error}}, {address=ac-ggf694n-shard-00-01.1q4yqcd.mongodb.net:27017, type=UNKNOWN, state=CONNECTING, exception={com.mongodb.MongoSocketWriteException: Exception sending message}, caused by {javax.net.ssl.SSLException: Received fatal alert: internal_error}}]
	at org.springframework.beans.factory.annotation.AutowiredAnnotationBeanPostProcessor$AutowiredFieldElement.resolveFieldValue(AutowiredAnnotationBeanPostProcessor.java:713)
	at org.springframework.beans.factory.annotation.AutowiredAnnotationBeanPostProcessor$AutowiredFieldElement.inject(AutowiredAnnotationBeanPostProcessor.java:693)
	at org.springframework.beans.factory.annotation.InjectionMetadata.inject(InjectionMetadata.java:119)
	at org.springframework.beans.factory.annotation.AutowiredAnnotationBeanPostProcessor.postProcessProperties(AutowiredAnnotationBeanPostProcessor.java:408)
	at org.springframework.beans.factory.support.AbstractAutowireCapableBeanFactory.populateBean(AbstractAutowireCapableBeanFactory.java:1431)
	at org.springframework.beans.factory.support.AbstractAutowireCapableBeanFactory.doCreateBean(AbstractAutowireCapableBeanFactory.java:619)
	at org.springframework.beans.factory.support.AbstractAutowireCapableBeanFactory.createBean(AbstractAutowireCapableBeanFactory.java:542)
	at org.springframework.beans.factory.support.AbstractBeanFactory.lambda$doGetBean$0(AbstractBeanFactory.java:335)
	at org.springframework.beans.factory.support.DefaultSingletonBeanRegistry.getSingleton(DefaultSingletonBeanRegistry.java:234)
	at org.springframework.beans.factory.support.AbstractBeanFactory.doGetBean(AbstractBeanFactory.java:333)
	at org.springframework.beans.factory.support.AbstractBeanFactory.getBean(AbstractBeanFactory.java:208)
	at org.springframework.beans.factory.support.DefaultListableBeanFactory.preInstantiateSingletons(DefaultListableBeanFactory.java:955)
	at org.springframework.context.support.AbstractApplicationContext.finishBeanFactoryInitialization(AbstractApplicationContext.java:921)
	at org.springframework.context.support.AbstractApplicationContext.refresh(AbstractApplicationContext.java:583)
	at org.springframework.boot.SpringApplication.refresh(SpringApplication.java:731)
	at org.springframework.boot.SpringApplication.refreshContext(SpringApplication.java:408)
	at org.springframework.boot.SpringApplication.run(SpringApplication.java:307)
	at org.springframework.boot.test.context.SpringBootContextLoader.loadContext(SpringBootContextLoader.java:136)
	at org.springframework.test.context.cache.DefaultCacheAwareContextLoaderDelegate.loadContextInternal(DefaultCacheAwareContextLoaderDelegate.java:141)
	at org.springframework.test.context.cache.DefaultCacheAwareContextLoaderDelegate.loadContext(DefaultCacheAwareContextLoaderDelegate.java:90)
	at org.springframework.test.context.support.DefaultTestContext.getApplicationContext(DefaultTestContext.java:124)
	at org.springframework.test.context.web.ServletTestExecutionListener.setUpRequestContextIfNecessary(ServletTestExecutionListener.java:190)
	at org.springframework.test.context.web.ServletTestExecutionListener.prepareTestInstance(ServletTestExecutionListener.java:132)
	at org.springframework.test.context.TestContextManager.prepareTestInstance(TestContextManager.java:248)
	at org.springframework.test.context.junit.jupiter.SpringExtension.postProcessTestInstance(SpringExtension.java:138)
	at org.junit.jupiter.engine.descriptor.ClassBasedTestDescriptor.lambda$invokeTestInstancePostProcessors$8(ClassBasedTestDescriptor.java:363)
	at org.junit.jupiter.engine.descriptor.ClassBasedTestDescriptor.executeAndMaskThrowable(ClassBasedTestDescriptor.java:368)
	at org.junit.jupiter.engine.descriptor.ClassBasedTestDescriptor.lambda$invokeTestInstancePostProcessors$9(ClassBasedTestDescriptor.java:363)
	at java.base/java.util.stream.ReferencePipeline$3$1.accept(ReferencePipeline.java:195)
	at java.base/java.util.stream.ReferencePipeline$2$1.accept(ReferencePipeline.java:177)
	at java.base/java.util.ArrayList$ArrayListSpliterator.forEachRemaining(ArrayList.java:1655)
	at java.base/java.util.stream.AbstractPipeline.copyInto(AbstractPipeline.java:484)
	at java.base/java.util.stream.AbstractPipeline.wrapAndCopyInto(AbstractPipeline.java:474)
	at java.base/java.util.stream.StreamSpliterators$WrappingSpliterator.forEachRemaining(StreamSpliterators.java:312)
	at java.base/java.util.stream.Streams$ConcatSpliterator.forEachRemaining(Streams.java:735)
	at java.base/java.util.stream.Streams$ConcatSpliterator.forEachRemaining(Streams.java:734)
	at java.base/java.util.stream.ReferencePipeline$Head.forEach(ReferencePipeline.java:658)
	at org.junit.jupiter.engine.descriptor.ClassBasedTestDescriptor.invokeTestInstancePostProcessors(ClassBasedTestDescriptor.java:362)
	at org.junit.jupiter.engine.descriptor.ClassBasedTestDescriptor.lambda$instantiateAndPostProcessTestInstance$6(ClassBasedTestDescriptor.java:283)
	at org.junit.platform.engine.support.hierarchical.ThrowableCollector.execute(ThrowableCollector.java:73)
	at org.junit.jupiter.engine.descriptor.ClassBasedTestDescriptor.instantiateAndPostProcessTestInstance(ClassBasedTestDescriptor.java:282)
	at org.junit.jupiter.engine.descriptor.ClassBasedTestDescriptor.lambda$testInstancesProvider$4(ClassBasedTestDescriptor.java:272)
	at java.base/java.util.Optional.orElseGet(Optional.java:369)
	at org.junit.jupiter.engine.descriptor.ClassBasedTestDescriptor.lambda$testInstancesProvider$5(ClassBasedTestDescriptor.java:271)
	at org.junit.jupiter.engine.execution.TestInstancesProvider.getTestInstances(TestInstancesProvider.java:31)
	at org.junit.jupiter.engine.descriptor.TestMethodTestDescriptor.lambda$prepare$0(TestMethodTestDescriptor.java:102)
	at org.junit.platform.engine.support.hierarchical.ThrowableCollector.execute(ThrowableCollector.java:73)
	at org.junit.jupiter.engine.descriptor.TestMethodTestDescriptor.prepare(TestMethodTestDescriptor.java:101)
	at org.junit.jupiter.engine.descriptor.TestMethodTestDescriptor.prepare(TestMethodTestDescriptor.java:66)
	at org.junit.platform.engine.support.hierarchical.NodeTestTask.lambda$prepare$2(NodeTestTask.java:123)
	at org.junit.platform.engine.support.hierarchical.ThrowableCollector.execute(ThrowableCollector.java:73)
	at org.junit.platform.engine.support.hierarchical.NodeTestTask.prepare(NodeTestTask.java:123)
	at org.junit.platform.engine.support.hierarchical.NodeTestTask.execute(NodeTestTask.java:90)
	at java.base/java.util.ArrayList.forEach(ArrayList.java:1541)
	at org.junit.platform.engine.support.hierarchical.SameThreadHierarchicalTestExecutorService.invokeAll(SameThreadHierarchicalTestExecutorService.java:41)
	at org.junit.platform.engine.support.hierarchical.NodeTestTask.lambda$executeRecursively$6(NodeTestTask.java:155)
	at org.junit.platform.engine.support.hierarchical.ThrowableCollector.execute(ThrowableCollector.java:73)
	at org.junit.platform.engine.support.hierarchical.NodeTestTask.lambda$executeRecursively$8(NodeTestTask.java:141)
	at org.junit.platform.engine.support.hierarchical.Node.around(Node.java:137)
	at org.junit.platform.engine.support.hierarchical.NodeTestTask.lambda$executeRecursively$9(NodeTestTask.java:139)
	at org.junit.platform.engine.support.hierarchical.ThrowableCollector.execute(ThrowableCollector.java:73)
	at org.junit.platform.engine.support.hierarchical.NodeTestTask.executeRecursively(NodeTestTask.java:138)
	at org.junit.platform.engine.support.hierarchical.NodeTestTask.execute(NodeTestTask.java:95)
	at java.base/java.util.ArrayList.forEach(ArrayList.java:1541)
	at org.junit.platform.engine.support.hierarchical.SameThreadHierarchicalTestExecutorService.invokeAll(SameThreadHierarchicalTestExecutorService.java:41)
	at org.junit.platform.engine.support.hierarchical.NodeTestTask.lambda$executeRecursively$6(NodeTestTask.java:155)
	at org.junit.platform.engine.support.hierarchical.ThrowableCollector.execute(ThrowableCollector.java:73)
	at org.junit.platform.engine.support.hierarchical.NodeTestTask.lambda$executeRecursively$8(NodeTestTask.java:141)
	at org.junit.platform.engine.support.hierarchical.Node.around(Node.java:137)
	at org.junit.platform.engine.support.hierarchical.NodeTestTask.lambda$executeRecursively$9(NodeTestTask.java:139)
	at org.junit.platform.engine.support.hierarchical.ThrowableCollector.execute(ThrowableCollector.java:73)
	at org.junit.platform.engine.support.hierarchical.NodeTestTask.executeRecursively(NodeTestTask.java:138)
	at org.junit.platform.engine.support.hierarchical.NodeTestTask.execute(NodeTestTask.java:95)
	at org.junit.platform.engine.support.hierarchical.SameThreadHierarchicalTestExecutorService.submit(SameThreadHierarchicalTestExecutorService.java:35)
	at org.junit.platform.engine.support.hierarchical.HierarchicalTestExecutor.execute(HierarchicalTestExecutor.java:57)
	at org.junit.platform.engine.support.hierarchical.HierarchicalTestEngine.execute(HierarchicalTestEngine.java:54)
	at org.junit.platform.launcher.core.DefaultLauncher.execute(DefaultLauncher.java:220)
	at org.junit.platform.launcher.core.DefaultLauncher.lambda$execute$6(DefaultLauncher.java:188)
	at org.junit.platform.launcher.core.DefaultLauncher.withInterceptedStreams(DefaultLauncher.java:202)
	at org.junit.platform.launcher.core.DefaultLauncher.execute(DefaultLauncher.java:181)
	at org.junit.platform.launcher.core.DefaultLauncher.execute(DefaultLauncher.java:128)
	at org.apache.maven.surefire.junitplatform.JUnitPlatformProvider.invokeAllTests(JUnitPlatformProvider.java:150)
	at org.apache.maven.surefire.junitplatform.JUnitPlatformProvider.invoke(JUnitPlatformProvider.java:124)
	at org.apache.maven.surefire.booter.ForkedBooter.invokeProviderInSameClassLoader(ForkedBooter.java:384)
	at org.apache.maven.surefire.booter.ForkedBooter.runSuitesInProcess(ForkedBooter.java:345)
	at org.apache.maven.surefire.booter.ForkedBooter.execute(ForkedBooter.java:126)
	at org.apache.maven.surefire.booter.ForkedBooter.main(ForkedBooter.java:418)
Caused by: org.springframework.beans.factory.UnsatisfiedDependencyException: Error creating bean with name 'userdetailserviceimpl': Unsatisfied dependency expressed through field 'userRepository'; nested exception is org.springframework.beans.factory.BeanCreationException: Error creating bean with name 'userRepository' defined in net.engineeringdigest.journalApp.repository.UserRepository defined in @EnableMongoRepositories declared on MongoRepositoriesRegistrar.EnableMongoRepositoriesConfiguration: Cannot resolve reference to bean 'mongoTemplate' while setting bean property 'mongoOperations'; nested exception is org.springframework.beans.factory.BeanCreationException: Error creating bean with name 'mongoTemplate' defined in class path resource [org/springframework/boot/autoconfigure/data/mongo/MongoDatabaseFactoryDependentConfiguration.class]: Bean instantiation via factory method failed; nested exception is org.springframework.beans.BeanInstantiationException: Failed to instantiate [org.springframework.data.mongodb.core.MongoTemplate]: Factory method 'mongoTemplate' threw exception; nested exception is org.springframework.dao.DataAccessResourceFailureException: Timed out after 30000 ms while waiting for a server that matches com.mongodb.client.internal.MongoClientDelegate$1@1961d75a. Client view of cluster state is {type=REPLICA_SET, servers=[{address=ac-ggf694n-shard-00-00.1q4yqcd.mongodb.net:27017, type=UNKNOWN, state=CONNECTING, exception={com.mongodb.MongoSocketWriteException: Exception sending message}, caused by {javax.net.ssl.SSLException: Received fatal alert: internal_error}}, {address=ac-ggf694n-shard-00-02.1q4yqcd.mongodb.net:27017, type=UNKNOWN, state=CONNECTING, exception={com.mongodb.MongoSocketWriteException: Exception sending message}, caused by {javax.net.ssl.SSLException: Received fatal alert: internal_error}}, {address=ac-ggf694n-shard-00-01.1q4yqcd.mongodb.net:27017, type=UNKNOWN, state=CONNECTING, exception={com.mongodb.MongoSocketWriteException: Exception sending message}, caused by {javax.net.ssl.SSLException: Received fatal alert: internal_error}}]; nested exception is com.mongodb.MongoTimeoutException: Timed out after 30000 ms while waiting for a server that matches com.mongodb.client.internal.MongoClientDelegate$1@1961d75a. Client view of cluster state is {type=REPLICA_SET, servers=[{address=ac-ggf694n-shard-00-00.1q4yqcd.mongodb.net:27017, type=UNKNOWN, state=CONNECTING, exception={com.mongodb.MongoSocketWriteException: Exception sending message}, caused by {javax.net.ssl.SSLException: Received fatal alert: internal_error}}, {address=ac-ggf694n-shard-00-02.1q4yqcd.mongodb.net:27017, type=UNKNOWN, state=CONNECTING, exception={com.mongodb.MongoSocketWriteException: Exception sending message}, caused by {javax.net.ssl.SSLException: Received fatal alert: internal_error}}, {address=ac-ggf694n-shard-00-01.1q4yqcd.mongodb.net:27017, type=UNKNOWN, state=CONNECTING, exception={com.mongodb.MongoSocketWriteException: Exception sending message}, caused by {javax.net.ssl.SSLException: Received fatal alert: internal_error}}]
	at org.springframework.beans.factory.annotation.AutowiredAnnotationBeanPostProcessor$AutowiredFieldElement.resolveFieldValue(AutowiredAnnotationBeanPostProcessor.java:713)
	at org.springframework.beans.factory.annotation.AutowiredAnnotationBeanPostProcessor$AutowiredFieldElement.inject(AutowiredAnnotationBeanPostProcessor.java:693)
	at org.springframework.beans.factory.annotation.InjectionMetadata.inject(InjectionMetadata.java:119)
	at org.springframework.beans.factory.annotation.AutowiredAnnotationBeanPostProcessor.postProcessProperties(AutowiredAnnotationBeanPostProcessor.java:408)
	at org.springframework.beans.factory.support.AbstractAutowireCapableBeanFactory.populateBean(AbstractAutowireCapableBeanFactory.java:1431)
	at org.springframework.beans.factory.support.AbstractAutowireCapableBeanFactory.doCreateBean(AbstractAutowireCapableBeanFactory.java:619)
	at org.springframework.beans.factory.support.AbstractAutowireCapableBeanFactory.createBean(AbstractAutowireCapableBeanFactory.java:542)
	at org.springframework.beans.factory.support.AbstractBeanFactory.lambda$doGetBean$0(AbstractBeanFactory.java:335)
	at org.springframework.beans.factory.support.DefaultSingletonBeanRegistry.getSingleton(DefaultSingletonBeanRegistry.java:234)
	at org.springframework.beans.factory.support.AbstractBeanFactory.doGetBean(AbstractBeanFactory.java:333)
	at org.springframework.beans.factory.support.AbstractBeanFactory.getBean(AbstractBeanFactory.java:208)
	at org.springframework.beans.factory.config.DependencyDescriptor.resolveCandidate(DependencyDescriptor.java:276)
	at org.springframework.beans.factory.support.DefaultListableBeanFactory.doResolveDependency(DefaultListableBeanFactory.java:1391)
	at org.springframework.beans.factory.support.DefaultListableBeanFactory.resolveDependency(DefaultListableBeanFactory.java:1311)
	at org.springframework.beans.factory.annotation.AutowiredAnnotationBeanPostProcessor$AutowiredFieldElement.resolveFieldValue(AutowiredAnnotationBeanPostProcessor.java:710)
	... 86 common frames omitted
Caused by: org.springframework.beans.factory.BeanCreationException: Error creating bean with name 'userRepository' defined in net.engineeringdigest.journalApp.repository.UserRepository defined in @EnableMongoRepositories declared on MongoRepositoriesRegistrar.EnableMongoRepositoriesConfiguration: Cannot resolve reference to bean 'mongoTemplate' while setting bean property 'mongoOperations'; nested exception is org.springframework.beans.factory.BeanCreationException: Error creating bean with name 'mongoTemplate' defined in class path resource [org/springframework/boot/autoconfigure/data/mongo/MongoDatabaseFactoryDependentConfiguration.class]: Bean instantiation via factory method failed; nested exception is org.springframework.beans.BeanInstantiationException: Failed to instantiate [org.springframework.data.mongodb.core.MongoTemplate]: Factory method 'mongoTemplate' threw exception; nested exception is org.springframework.dao.DataAccessResourceFailureException: Timed out after 30000 ms while waiting for a server that matches com.mongodb.client.internal.MongoClientDelegate$1@1961d75a. Client view of cluster state is {type=REPLICA_SET, servers=[{address=ac-ggf694n-shard-00-00.1q4yqcd.mongodb.net:27017, type=UNKNOWN, state=CONNECTING, exception={com.mongodb.MongoSocketWriteException: Exception sending message}, caused by {javax.net.ssl.SSLException: Received fatal alert: internal_error}}, {address=ac-ggf694n-shard-00-02.1q4yqcd.mongodb.net:27017, type=UNKNOWN, state=CONNECTING, exception={com.mongodb.MongoSocketWriteException: Exception sending message}, caused by {javax.net.ssl.SSLException: Received fatal alert: internal_error}}, {address=ac-ggf694n-shard-00-01.1q4yqcd.mongodb.net:27017, type=UNKNOWN, state=CONNECTING, exception={com.mongodb.MongoSocketWriteException: Exception sending message}, caused by {javax.net.ssl.SSLException: Received fatal alert: internal_error}}]; nested exception is com.mongodb.MongoTimeoutException: Timed out after 30000 ms while waiting for a server that matches com.mongodb.client.internal.MongoClientDelegate$1@1961d75a. Client view of cluster state is {type=REPLICA_SET, servers=[{address=ac-ggf694n-shard-00-00.1q4yqcd.mongodb.net:27017, type=UNKNOWN, state=CONNECTING, exception={com.mongodb.MongoSocketWriteException: Exception sending message}, caused by {javax.net.ssl.SSLException: Received fatal alert: internal_error}}, {address=ac-ggf694n-shard-00-02.1q4yqcd.mongodb.net:27017, type=UNKNOWN, state=CONNECTING, exception={com.mongodb.MongoSocketWriteException: Exception sending message}, caused by {javax.net.ssl.SSLException: Received fatal alert: internal_error}}, {address=ac-ggf694n-shard-00-01.1q4yqcd.mongodb.net:27017, type=UNKNOWN, state=CONNECTING, exception={com.mongodb.MongoSocketWriteException: Exception sending message}, caused by {javax.net.ssl.SSLException: Received fatal alert: internal_error}}]
	at org.springframework.beans.factory.support.BeanDefinitionValueResolver.resolveReference(BeanDefinitionValueResolver.java:342)
	at org.springframework.beans.factory.support.BeanDefinitionValueResolver.resolveValueIfNecessary(BeanDefinitionValueResolver.java:113)
	at org.springframework.beans.factory.support.AbstractAutowireCapableBeanFactory.applyPropertyValues(AbstractAutowireCapableBeanFactory.java:1707)
	at org.springframework.beans.factory.support.AbstractAutowireCapableBeanFactory.populateBean(AbstractAutowireCapableBeanFactory.java:1452)
	at org.springframework.beans.factory.support.AbstractAutowireCapableBeanFactory.doCreateBean(AbstractAutowireCapableBeanFactory.java:619)
	at org.springframework.beans.factory.support.AbstractAutowireCapableBeanFactory.createBean(AbstractAutowireCapableBeanFactory.java:542)
	at org.springframework.beans.factory.support.AbstractBeanFactory.lambda$doGetBean$0(AbstractBeanFactory.java:335)
	at org.springframework.beans.factory.support.DefaultSingletonBeanRegistry.getSingleton(DefaultSingletonBeanRegistry.java:234)
	at org.springframework.beans.factory.support.AbstractBeanFactory.doGetBean(AbstractBeanFactory.java:333)
	at org.springframework.beans.factory.support.AbstractBeanFactory.getBean(AbstractBeanFactory.java:208)
	at org.springframework.beans.factory.config.DependencyDescriptor.resolveCandidate(DependencyDescriptor.java:276)
	at org.springframework.beans.factory.support.DefaultListableBeanFactory.doResolveDependency(DefaultListableBeanFactory.java:1391)
	at org.springframework.beans.factory.support.DefaultListableBeanFactory.resolveDependency(DefaultListableBeanFactory.java:1311)
	at org.springframework.beans.factory.annotation.AutowiredAnnotationBeanPostProcessor$AutowiredFieldElement.resolveFieldValue(AutowiredAnnotationBeanPostProcessor.java:710)
	... 100 common frames omitted
Caused by: org.springframework.beans.factory.BeanCreationException: Error creating bean with name 'mongoTemplate' defined in class path resource [org/springframework/boot/autoconfigure/data/mongo/MongoDatabaseFactoryDependentConfiguration.class]: Bean instantiation via factory method failed; nested exception is org.springframework.beans.BeanInstantiationException: Failed to instantiate [org.springframework.data.mongodb.core.MongoTemplate]: Factory method 'mongoTemplate' threw exception; nested exception is org.springframework.dao.DataAccessResourceFailureException: Timed out after 30000 ms while waiting for a server that matches com.mongodb.client.internal.MongoClientDelegate$1@1961d75a. Client view of cluster state is {type=REPLICA_SET, servers=[{address=ac-ggf694n-shard-00-00.1q4yqcd.mongodb.net:27017, type=UNKNOWN, state=CONNECTING, exception={com.mongodb.MongoSocketWriteException: Exception sending message}, caused by {javax.net.ssl.SSLException: Received fatal alert: internal_error}}, {address=ac-ggf694n-shard-00-02.1q4yqcd.mongodb.net:27017, type=UNKNOWN, state=CONNECTING, exception={com.mongodb.MongoSocketWriteException: Exception sending message}, caused by {javax.net.ssl.SSLException: Received fatal alert: internal_error}}, {address=ac-ggf694n-shard-00-01.1q4yqcd.mongodb.net:27017, type=UNKNOWN, state=CONNECTING, exception={com.mongodb.MongoSocketWriteException: Exception sending message}, caused by {javax.net.ssl.SSLException: Received fatal alert: internal_error}}]; nested exception is com.mongodb.MongoTimeoutException: Timed out after 30000 ms while waiting for a server that matches com.mongodb.client.internal.MongoClientDelegate$1@1961d75a. Client view of cluster state is {type=REPLICA_SET, servers=[{address=ac-ggf694n-shard-00-00.1q4yqcd.mongodb.net:27017, type=UNKNOWN, state=CONNECTING, exception={com.mongodb.MongoSocketWriteException: Exception sending message}, caused by {javax.net.ssl.SSLException: Received fatal alert: internal_error}}, {address=ac-ggf694n-shard-00-02.1q4yqcd.mongodb.net:27017, type=UNKNOWN, state=CONNECTING, exception={com.mongodb.MongoSocketWriteException: Exception sending message}, caused by {javax.net.ssl.SSLException: Received fatal alert: internal_error}}, {address=ac-ggf694n-shard-00-01.1q4yqcd.mongodb.net:27017, type=UNKNOWN, state=CONNECTING, exception={com.mongodb.MongoSocketWriteException: Exception sending message}, caused by {javax.net.ssl.SSLException: Received fatal alert: internal_error}}]
	at org.springframework.beans.factory.support.ConstructorResolver.instantiate(ConstructorResolver.java:653)
	at org.springframework.beans.factory.support.ConstructorResolver.instantiateUsingFactoryMethod(ConstructorResolver.java:633)
	at org.springframework.beans.factory.support.AbstractAutowireCapableBeanFactory.instantiateUsingFactoryMethod(AbstractAutowireCapableBeanFactory.java:1352)
	at org.springframework.beans.factory.support.AbstractAutowireCapableBeanFactory.createBeanInstance(AbstractAutowireCapableBeanFactory.java:1195)
	at org.springframework.beans.factory.support.AbstractAutowireCapableBeanFactory.doCreateBean(AbstractAutowireCapableBeanFactory.java:582)
	at org.springframework.beans.factory.support.AbstractAutowireCapableBeanFactory.createBean(AbstractAutowireCapableBeanFactory.java:542)
	at org.springframework.beans.factory.support.AbstractBeanFactory.lambda$doGetBean$0(AbstractBeanFactory.java:335)
	at org.springframework.beans.factory.support.DefaultSingletonBeanRegistry.getSingleton(DefaultSingletonBeanRegistry.java:234)
	at org.springframework.beans.factory.support.AbstractBeanFactory.doGetBean(AbstractBeanFactory.java:333)
	at org.springframework.beans.factory.support.AbstractBeanFactory.getBean(AbstractBeanFactory.java:208)
	at org.springframework.beans.factory.support.BeanDefinitionValueResolver.resolveReference(BeanDefinitionValueResolver.java:330)
	... 113 common frames omitted
Caused by: org.springframework.beans.BeanInstantiationException: Failed to instantiate [org.springframework.data.mongodb.core.MongoTemplate]: Factory method 'mongoTemplate' threw exception; nested exception is org.springframework.dao.DataAccessResourceFailureException: Timed out after 30000 ms while waiting for a server that matches com.mongodb.client.internal.MongoClientDelegate$1@1961d75a. Client view of cluster state is {type=REPLICA_SET, servers=[{address=ac-ggf694n-shard-00-00.1q4yqcd.mongodb.net:27017, type=UNKNOWN, state=CONNECTING, exception={com.mongodb.MongoSocketWriteException: Exception sending message}, caused by {javax.net.ssl.SSLException: Received fatal alert: internal_error}}, {address=ac-ggf694n-shard-00-02.1q4yqcd.mongodb.net:27017, type=UNKNOWN, state=CONNECTING, exception={com.mongodb.MongoSocketWriteException: Exception sending message}, caused by {javax.net.ssl.SSLException: Received fatal alert: internal_error}}, {address=ac-ggf694n-shard-00-01.1q4yqcd.mongodb.net:27017, type=UNKNOWN, state=CONNECTING, exception={com.mongodb.MongoSocketWriteException: Exception sending message}, caused by {javax.net.ssl.SSLException: Received fatal alert: internal_error}}]; nested exception is com.mongodb.MongoTimeoutException: Timed out after 30000 ms while waiting for a server that matches com.mongodb.client.internal.MongoClientDelegate$1@1961d75a. Client view of cluster state is {type=REPLICA_SET, servers=[{address=ac-ggf694n-shard-00-00.1q4yqcd.mongodb.net:27017, type=UNKNOWN, state=CONNECTING, exception={com.mongodb.MongoSocketWriteException: Exception sending message}, caused by {javax.net.ssl.SSLException: Received fatal alert: internal_error}}, {address=ac-ggf694n-shard-00-02.1q4yqcd.mongodb.net:27017, type=UNKNOWN, state=CONNECTING, exception={com.mongodb.MongoSocketWriteException: Exception sending message}, caused by {javax.net.ssl.SSLException: Received fatal alert: internal_error}}, {address=ac-ggf694n-shard-00-01.1q4yqcd.mongodb.net:27017, type=UNKNOWN, state=CONNECTING, exception={com.mongodb.MongoSocketWriteException: Exception sending message}, caused by {javax.net.ssl.SSLException: Received fatal alert: internal_error}}]
	at org.springframework.beans.factory.support.SimpleInstantiationStrategy.instantiate(SimpleInstantiationStrategy.java:185)
	at org.springframework.beans.factory.support.ConstructorResolver.instantiate(ConstructorResolver.java:648)
	... 123 common frames omitted
Caused by: org.springframework.dao.DataAccessResourceFailureException: Timed out after 30000 ms while waiting for a server that matches com.mongodb.client.internal.MongoClientDelegate$1@1961d75a. Client view of cluster state is {type=REPLICA_SET, servers=[{address=ac-ggf694n-shard-00-00.1q4yqcd.mongodb.net:27017, type=UNKNOWN, state=CONNECTING, exception={com.mongodb.MongoSocketWriteException: Exception sending message}, caused by {javax.net.ssl.SSLException: Received fatal alert: internal_error}}, {address=ac-ggf694n-shard-00-02.1q4yqcd.mongodb.net:27017, type=UNKNOWN, state=CONNECTING, exception={com.mongodb.MongoSocketWriteException: Exception sending message}, caused by {javax.net.ssl.SSLException: Received fatal alert: internal_error}}, {address=ac-ggf694n-shard-00-01.1q4yqcd.mongodb.net:27017, type=UNKNOWN, state=CONNECTING, exception={com.mongodb.MongoSocketWriteException: Exception sending message}, caused by {javax.net.ssl.SSLException: Received fatal alert: internal_error}}]; nested exception is com.mongodb.MongoTimeoutException: Timed out after 30000 ms while waiting for a server that matches com.mongodb.client.internal.MongoClientDelegate$1@1961d75a. Client view of cluster state is {type=REPLICA_SET, servers=[{address=ac-ggf694n-shard-00-00.1q4yqcd.mongodb.net:27017, type=UNKNOWN, state=CONNECTING, exception={com.mongodb.MongoSocketWriteException: Exception sending message}, caused by {javax.net.ssl.SSLException: Received fatal alert: internal_error}}, {address=ac-ggf694n-shard-00-02.1q4yqcd.mongodb.net:27017, type=UNKNOWN, state=CONNECTING, exception={com.mongodb.MongoSocketWriteException: Exception sending message}, caused by {javax.net.ssl.SSLException: Received fatal alert: internal_error}}, {address=ac-ggf694n-shard-00-01.1q4yqcd.mongodb.net:27017, type=UNKNOWN, state=CONNECTING, exception={com.mongodb.MongoSocketWriteException: Exception sending message}, caused by {javax.net.ssl.SSLException: Received fatal alert: internal_error}}]
	at org.springframework.data.mongodb.core.MongoExceptionTranslator.translateExceptionIfPossible(MongoExceptionTranslator.java:95)
	at org.springframework.data.mongodb.core.MongoTemplate.potentiallyConvertRuntimeException(MongoTemplate.java:3029)
	at org.springframework.data.mongodb.core.MongoTemplate.execute(MongoTemplate.java:581)
	at org.springframework.data.mongodb.core.DefaultIndexOperations.execute(DefaultIndexOperations.java:215)
	at org.springframework.data.mongodb.core.DefaultIndexOperations.ensureIndex(DefaultIndexOperations.java:121)
	at org.springframework.data.mongodb.core.index.MongoPersistentEntityIndexCreator.createIndex(MongoPersistentEntityIndexCreator.java:157)
	at org.springframework.data.mongodb.core.index.MongoPersistentEntityIndexCreator.checkForAndCreateIndexes(MongoPersistentEntityIndexCreator.java:147)
	at org.springframework.data.mongodb.core.index.MongoPersistentEntityIndexCreator.checkForIndexes(MongoPersistentEntityIndexCreator.java:131)
	at org.springframework.data.mongodb.core.index.MongoPersistentEntityIndexCreator.<init>(MongoPersistentEntityIndexCreator.java:96)
	at org.springframework.data.mongodb.core.index.MongoPersistentEntityIndexCreator.<init>(MongoPersistentEntityIndexCreator.java:73)
	at org.springframework.data.mongodb.core.MongoTemplate.<init>(MongoTemplate.java:224)
	at org.springframework.boot.autoconfigure.data.mongo.MongoDatabaseFactoryDependentConfiguration.mongoTemplate(MongoDatabaseFactoryDependentConfiguration.java:63)
	at java.base/jdk.internal.reflect.NativeMethodAccessorImpl.invoke0(Native Method)
	at java.base/jdk.internal.reflect.NativeMethodAccessorImpl.invoke(NativeMethodAccessorImpl.java:62)
	at java.base/jdk.internal.reflect.DelegatingMethodAccessorImpl.invoke(DelegatingMethodAccessorImpl.java:43)
	at java.base/java.lang.reflect.Method.invoke(Method.java:566)
	at org.springframework.beans.factory.support.SimpleInstantiationStrategy.instantiate(SimpleInstantiationStrategy.java:154)
	... 124 common frames omitted
Caused by: com.mongodb.MongoTimeoutException: Timed out after 30000 ms while waiting for a server that matches com.mongodb.client.internal.MongoClientDelegate$1@1961d75a. Client view of cluster state is {type=REPLICA_SET, servers=[{address=ac-ggf694n-shard-00-00.1q4yqcd.mongodb.net:27017, type=UNKNOWN, state=CONNECTING, exception={com.mongodb.MongoSocketWriteException: Exception sending message}, caused by {javax.net.ssl.SSLException: Received fatal alert: internal_error}}, {address=ac-ggf694n-shard-00-02.1q4yqcd.mongodb.net:27017, type=UNKNOWN, state=CONNECTING, exception={com.mongodb.MongoSocketWriteException: Exception sending message}, caused by {javax.net.ssl.SSLException: Received fatal alert: internal_error}}, {address=ac-ggf694n-shard-00-01.1q4yqcd.mongodb.net:27017, type=UNKNOWN, state=CONNECTING, exception={com.mongodb.MongoSocketWriteException: Exception sending message}, caused by {javax.net.ssl.SSLException: Received fatal alert: internal_error}}]
	at com.mongodb.internal.connection.BaseCluster.createTimeoutException(BaseCluster.java:424)
	at com.mongodb.internal.connection.BaseCluster.selectServer(BaseCluster.java:121)
	at com.mongodb.internal.connection.AbstractMultiServerCluster.selectServer(AbstractMultiServerCluster.java:50)
	at com.mongodb.client.internal.MongoClientDelegate.getConnectedClusterDescription(MongoClientDelegate.java:146)
	at com.mongodb.client.internal.MongoClientDelegate.createClientSession(MongoClientDelegate.java:101)
	at com.mongodb.client.internal.MongoClientDelegate$DelegateOperationExecutor.getClientSession(MongoClientDelegate.java:291)
	at com.mongodb.client.internal.MongoClientDelegate$DelegateOperationExecutor.execute(MongoClientDelegate.java:207)
	at com.mongodb.client.internal.MongoCollectionImpl.executeCreateIndexes(MongoCollectionImpl.java:848)
	at com.mongodb.client.internal.MongoCollectionImpl.createIndexes(MongoCollectionImpl.java:831)
	at com.mongodb.client.internal.MongoCollectionImpl.createIndexes(MongoCollectionImpl.java:826)
	at com.mongodb.client.internal.MongoCollectionImpl.createIndex(MongoCollectionImpl.java:811)
	at org.springframework.data.mongodb.core.DefaultIndexOperations.lambda$ensureIndex$0(DefaultIndexOperations.java:131)
	at org.springframework.data.mongodb.core.MongoTemplate.execute(MongoTemplate.java:579)
	... 138 common frames omitted
26-05-15 16:12:21.066 [main] ERROR o.s.test.context.TestContextManager - Caught exception while allowing TestExecutionListener [org.springframework.test.context.web.ServletTestExecutionListener@4218500f] to prepare test instance [net.engineeringdigest.journalApp.JournalApplicationTests@266e9dda]
java.lang.IllegalStateException: Failed to load ApplicationContext
	at org.springframework.test.context.cache.DefaultCacheAwareContextLoaderDelegate.loadContext(DefaultCacheAwareContextLoaderDelegate.java:98)
	at org.springframework.test.context.support.DefaultTestContext.getApplicationContext(DefaultTestContext.java:124)
	at org.springframework.test.context.web.ServletTestExecutionListener.setUpRequestContextIfNecessary(ServletTestExecutionListener.java:190)
	at org.springframework.test.context.web.ServletTestExecutionListener.prepareTestInstance(ServletTestExecutionListener.java:132)
	at org.springframework.test.context.TestContextManager.prepareTestInstance(TestContextManager.java:248)
	at org.springframework.test.context.junit.jupiter.SpringExtension.postProcessTestInstance(SpringExtension.java:138)
	at org.junit.jupiter.engine.descriptor.ClassBasedTestDescriptor.lambda$invokeTestInstancePostProcessors$8(ClassBasedTestDescriptor.java:363)
	at org.junit.jupiter.engine.descriptor.ClassBasedTestDescriptor.executeAndMaskThrowable(ClassBasedTestDescriptor.java:368)
	at org.junit.jupiter.engine.descriptor.ClassBasedTestDescriptor.lambda$invokeTestInstancePostProcessors$9(ClassBasedTestDescriptor.java:363)
	at java.base/java.util.stream.ReferencePipeline$3$1.accept(ReferencePipeline.java:195)
	at java.base/java.util.stream.ReferencePipeline$2$1.accept(ReferencePipeline.java:177)
	at java.base/java.util.ArrayList$ArrayListSpliterator.forEachRemaining(ArrayList.java:1655)
	at java.base/java.util.stream.AbstractPipeline.copyInto(AbstractPipeline.java:484)
	at java.base/java.util.stream.AbstractPipeline.wrapAndCopyInto(AbstractPipeline.java:474)
	at java.base/java.util.stream.StreamSpliterators$WrappingSpliterator.forEachRemaining(StreamSpliterators.java:312)
	at java.base/java.util.stream.Streams$ConcatSpliterator.forEachRemaining(Streams.java:735)
	at java.base/java.util.stream.Streams$ConcatSpliterator.forEachRemaining(Streams.java:734)
	at java.base/java.util.stream.ReferencePipeline$Head.forEach(ReferencePipeline.java:658)
	at org.junit.jupiter.engine.descriptor.ClassBasedTestDescriptor.invokeTestInstancePostProcessors(ClassBasedTestDescriptor.java:362)
	at org.junit.jupiter.engine.descriptor.ClassBasedTestDescriptor.lambda$instantiateAndPostProcessTestInstance$6(ClassBasedTestDescriptor.java:283)
	at org.junit.platform.engine.support.hierarchical.ThrowableCollector.execute(ThrowableCollector.java:73)
	at org.junit.jupiter.engine.descriptor.ClassBasedTestDescriptor.instantiateAndPostProcessTestInstance(ClassBasedTestDescriptor.java:282)
	at org.junit.jupiter.engine.descriptor.ClassBasedTestDescriptor.lambda$testInstancesProvider$4(ClassBasedTestDescriptor.java:272)
	at java.base/java.util.Optional.orElseGet(Optional.java:369)
	at org.junit.jupiter.engine.descriptor.ClassBasedTestDescriptor.lambda$testInstancesProvider$5(ClassBasedTestDescriptor.java:271)
	at org.junit.jupiter.engine.execution.TestInstancesProvider.getTestInstances(TestInstancesProvider.java:31)
	at org.junit.jupiter.engine.descriptor.TestMethodTestDescriptor.lambda$prepare$0(TestMethodTestDescriptor.java:102)
	at org.junit.platform.engine.support.hierarchical.ThrowableCollector.execute(ThrowableCollector.java:73)
	at org.junit.jupiter.engine.descriptor.TestMethodTestDescriptor.prepare(TestMethodTestDescriptor.java:101)
	at org.junit.jupiter.engine.descriptor.TestMethodTestDescriptor.prepare(TestMethodTestDescriptor.java:66)
	at org.junit.platform.engine.support.hierarchical.NodeTestTask.lambda$prepare$2(NodeTestTask.java:123)
	at org.junit.platform.engine.support.hierarchical.ThrowableCollector.execute(ThrowableCollector.java:73)
	at org.junit.platform.engine.support.hierarchical.NodeTestTask.prepare(NodeTestTask.java:123)
	at org.junit.platform.engine.support.hierarchical.NodeTestTask.execute(NodeTestTask.java:90)
	at java.base/java.util.ArrayList.forEach(ArrayList.java:1541)
	at org.junit.platform.engine.support.hierarchical.SameThreadHierarchicalTestExecutorService.invokeAll(SameThreadHierarchicalTestExecutorService.java:41)
	at org.junit.platform.engine.support.hierarchical.NodeTestTask.lambda$executeRecursively$6(NodeTestTask.java:155)
	at org.junit.platform.engine.support.hierarchical.ThrowableCollector.execute(ThrowableCollector.java:73)
	at org.junit.platform.engine.support.hierarchical.NodeTestTask.lambda$executeRecursively$8(NodeTestTask.java:141)
	at org.junit.platform.engine.support.hierarchical.Node.around(Node.java:137)
	at org.junit.platform.engine.support.hierarchical.NodeTestTask.lambda$executeRecursively$9(NodeTestTask.java:139)
	at org.junit.platform.engine.support.hierarchical.ThrowableCollector.execute(ThrowableCollector.java:73)
	at org.junit.platform.engine.support.hierarchical.NodeTestTask.executeRecursively(NodeTestTask.java:138)
	at org.junit.platform.engine.support.hierarchical.NodeTestTask.execute(NodeTestTask.java:95)
	at java.base/java.util.ArrayList.forEach(ArrayList.java:1541)
	at org.junit.platform.engine.support.hierarchical.SameThreadHierarchicalTestExecutorService.invokeAll(SameThreadHierarchicalTestExecutorService.java:41)
	at org.junit.platform.engine.support.hierarchical.NodeTestTask.lambda$executeRecursively$6(NodeTestTask.java:155)
	at org.junit.platform.engine.support.hierarchical.ThrowableCollector.execute(ThrowableCollector.java:73)
	at org.junit.platform.engine.support.hierarchical.NodeTestTask.lambda$executeRecursively$8(NodeTestTask.java:141)
	at org.junit.platform.engine.support.hierarchical.Node.around(Node.java:137)
	at org.junit.platform.engine.support.hierarchical.NodeTestTask.lambda$executeRecursively$9(NodeTestTask.java:139)
	at org.junit.platform.engine.support.hierarchical.ThrowableCollector.execute(ThrowableCollector.java:73)
	at org.junit.platform.engine.support.hierarchical.NodeTestTask.executeRecursively(NodeTestTask.java:138)
	at org.junit.platform.engine.support.hierarchical.NodeTestTask.execute(NodeTestTask.java:95)
	at org.junit.platform.engine.support.hierarchical.SameThreadHierarchicalTestExecutorService.submit(SameThreadHierarchicalTestExecutorService.java:35)
	at org.junit.platform.engine.support.hierarchical.HierarchicalTestExecutor.execute(HierarchicalTestExecutor.java:57)
	at org.junit.platform.engine.support.hierarchical.HierarchicalTestEngine.execute(HierarchicalTestEngine.java:54)
	at org.junit.platform.launcher.core.DefaultLauncher.execute(DefaultLauncher.java:220)
	at org.junit.platform.launcher.core.DefaultLauncher.lambda$execute$6(DefaultLauncher.java:188)
	at org.junit.platform.launcher.core.DefaultLauncher.withInterceptedStreams(DefaultLauncher.java:202)
	at org.junit.platform.launcher.core.DefaultLauncher.execute(DefaultLauncher.java:181)
	at org.junit.platform.launcher.core.DefaultLauncher.execute(DefaultLauncher.java:128)
	at org.apache.maven.surefire.junitplatform.JUnitPlatformProvider.invokeAllTests(JUnitPlatformProvider.java:150)
	at org.apache.maven.surefire.junitplatform.JUnitPlatformProvider.invoke(JUnitPlatformProvider.java:124)
	at org.apache.maven.surefire.booter.ForkedBooter.invokeProviderInSameClassLoader(ForkedBooter.java:384)
	at org.apache.maven.surefire.booter.ForkedBooter.runSuitesInProcess(ForkedBooter.java:345)
	at org.apache.maven.surefire.booter.ForkedBooter.execute(ForkedBooter.java:126)
	at org.apache.maven.surefire.booter.ForkedBooter.main(ForkedBooter.java:418)
Caused by: org.springframework.beans.factory.UnsatisfiedDependencyException: Error creating bean with name 'springSecurity': Unsatisfied dependency expressed through field 'userservice'; nested exception is org.springframework.beans.factory.UnsatisfiedDependencyException: Error creating bean with name 'userdetailserviceimpl': Unsatisfied dependency expressed through field 'userRepository'; nested exception is org.springframework.beans.factory.BeanCreationException: Error creating bean with name 'userRepository' defined in net.engineeringdigest.journalApp.repository.UserRepository defined in @EnableMongoRepositories declared on MongoRepositoriesRegistrar.EnableMongoRepositoriesConfiguration: Cannot resolve reference to bean 'mongoTemplate' while setting bean property 'mongoOperations'; nested exception is org.springframework.beans.factory.BeanCreationException: Error creating bean with name 'mongoTemplate' defined in class path resource [org/springframework/boot/autoconfigure/data/mongo/MongoDatabaseFactoryDependentConfiguration.class]: Bean instantiation via factory method failed; nested exception is org.springframework.beans.BeanInstantiationException: Failed to instantiate [org.springframework.data.mongodb.core.MongoTemplate]: Factory method 'mongoTemplate' threw exception; nested exception is org.springframework.dao.DataAccessResourceFailureException: Timed out after 30000 ms while waiting for a server that matches com.mongodb.client.internal.MongoClientDelegate$1@1961d75a. Client view of cluster state is {type=REPLICA_SET, servers=[{address=ac-ggf694n-shard-00-00.1q4yqcd.mongodb.net:27017, type=UNKNOWN, state=CONNECTING, exception={com.mongodb.MongoSocketWriteException: Exception sending message}, caused by {javax.net.ssl.SSLException: Received fatal alert: internal_error}}, {address=ac-ggf694n-shard-00-02.1q4yqcd.mongodb.net:27017, type=UNKNOWN, state=CONNECTING, exception={com.mongodb.MongoSocketWriteException: Exception sending message}, caused by {javax.net.ssl.SSLException: Received fatal alert: internal_error}}, {address=ac-ggf694n-shard-00-01.1q4yqcd.mongodb.net:27017, type=UNKNOWN, state=CONNECTING, exception={com.mongodb.MongoSocketWriteException: Exception sending message}, caused by {javax.net.ssl.SSLException: Received fatal alert: internal_error}}]; nested exception is com.mongodb.MongoTimeoutException: Timed out after 30000 ms while waiting for a server that matches com.mongodb.client.internal.MongoClientDelegate$1@1961d75a. Client view of cluster state is {type=REPLICA_SET, servers=[{address=ac-ggf694n-shard-00-00.1q4yqcd.mongodb.net:27017, type=UNKNOWN, state=CONNECTING, exception={com.mongodb.MongoSocketWriteException: Exception sending message}, caused by {javax.net.ssl.SSLException: Received fatal alert: internal_error}}, {address=ac-ggf694n-shard-00-02.1q4yqcd.mongodb.net:27017, type=UNKNOWN, state=CONNECTING, exception={com.mongodb.MongoSocketWriteException: Exception sending message}, caused by {javax.net.ssl.SSLException: Received fatal alert: internal_error}}, {address=ac-ggf694n-shard-00-01.1q4yqcd.mongodb.net:27017, type=UNKNOWN, state=CONNECTING, exception={com.mongodb.MongoSocketWriteException: Exception sending message}, caused by {javax.net.ssl.SSLException: Received fatal alert: internal_error}}]
	at org.springframework.beans.factory.annotation.AutowiredAnnotationBeanPostProcessor$AutowiredFieldElement.resolveFieldValue(AutowiredAnnotationBeanPostProcessor.java:713)
	at org.springframework.beans.factory.annotation.AutowiredAnnotationBeanPostProcessor$AutowiredFieldElement.inject(AutowiredAnnotationBeanPostProcessor.java:693)
	at org.springframework.beans.factory.annotation.InjectionMetadata.inject(InjectionMetadata.java:119)
	at org.springframework.beans.factory.annotation.AutowiredAnnotationBeanPostProcessor.postProcessProperties(AutowiredAnnotationBeanPostProcessor.java:408)
	at org.springframework.beans.factory.support.AbstractAutowireCapableBeanFactory.populateBean(AbstractAutowireCapableBeanFactory.java:1431)
	at org.springframework.beans.factory.support.AbstractAutowireCapableBeanFactory.doCreateBean(AbstractAutowireCapableBeanFactory.java:619)
	at org.springframework.beans.factory.support.AbstractAutowireCapableBeanFactory.createBean(AbstractAutowireCapableBeanFactory.java:542)
	at org.springframework.beans.factory.support.AbstractBeanFactory.lambda$doGetBean$0(AbstractBeanFactory.java:335)
	at org.springframework.beans.factory.support.DefaultSingletonBeanRegistry.getSingleton(DefaultSingletonBeanRegistry.java:234)
	at org.springframework.beans.factory.support.AbstractBeanFactory.doGetBean(AbstractBeanFactory.java:333)
	at org.springframework.beans.factory.support.AbstractBeanFactory.getBean(AbstractBeanFactory.java:208)
	at org.springframework.beans.factory.support.DefaultListableBeanFactory.preInstantiateSingletons(DefaultListableBeanFactory.java:955)
	at org.springframework.context.support.AbstractApplicationContext.finishBeanFactoryInitialization(AbstractApplicationContext.java:921)
	at org.springframework.context.support.AbstractApplicationContext.refresh(AbstractApplicationContext.java:583)
	at org.springframework.boot.SpringApplication.refresh(SpringApplication.java:731)
	at org.springframework.boot.SpringApplication.refreshContext(SpringApplication.java:408)
	at org.springframework.boot.SpringApplication.run(SpringApplication.java:307)
	at org.springframework.boot.test.context.SpringBootContextLoader.loadContext(SpringBootContextLoader.java:136)
	at org.springframework.test.context.cache.DefaultCacheAwareContextLoaderDelegate.loadContextInternal(DefaultCacheAwareContextLoaderDelegate.java:141)
	at org.springframework.test.context.cache.DefaultCacheAwareContextLoaderDelegate.loadContext(DefaultCacheAwareContextLoaderDelegate.java:90)
	... 67 common frames omitted
Caused by: org.springframework.beans.factory.UnsatisfiedDependencyException: Error creating bean with name 'userdetailserviceimpl': Unsatisfied dependency expressed through field 'userRepository'; nested exception is org.springframework.beans.factory.BeanCreationException: Error creating bean with name 'userRepository' defined in net.engineeringdigest.journalApp.repository.UserRepository defined in @EnableMongoRepositories declared on MongoRepositoriesRegistrar.EnableMongoRepositoriesConfiguration: Cannot resolve reference to bean 'mongoTemplate' while setting bean property 'mongoOperations'; nested exception is org.springframework.beans.factory.BeanCreationException: Error creating bean with name 'mongoTemplate' defined in class path resource [org/springframework/boot/autoconfigure/data/mongo/MongoDatabaseFactoryDependentConfiguration.class]: Bean instantiation via factory method failed; nested exception is org.springframework.beans.BeanInstantiationException: Failed to instantiate [org.springframework.data.mongodb.core.MongoTemplate]: Factory method 'mongoTemplate' threw exception; nested exception is org.springframework.dao.DataAccessResourceFailureException: Timed out after 30000 ms while waiting for a server that matches com.mongodb.client.internal.MongoClientDelegate$1@1961d75a. Client view of cluster state is {type=REPLICA_SET, servers=[{address=ac-ggf694n-shard-00-00.1q4yqcd.mongodb.net:27017, type=UNKNOWN, state=CONNECTING, exception={com.mongodb.MongoSocketWriteException: Exception sending message}, caused by {javax.net.ssl.SSLException: Received fatal alert: internal_error}}, {address=ac-ggf694n-shard-00-02.1q4yqcd.mongodb.net:27017, type=UNKNOWN, state=CONNECTING, exception={com.mongodb.MongoSocketWriteException: Exception sending message}, caused by {javax.net.ssl.SSLException: Received fatal alert: internal_error}}, {address=ac-ggf694n-shard-00-01.1q4yqcd.mongodb.net:27017, type=UNKNOWN, state=CONNECTING, exception={com.mongodb.MongoSocketWriteException: Exception sending message}, caused by {javax.net.ssl.SSLException: Received fatal alert: internal_error}}]; nested exception is com.mongodb.MongoTimeoutException: Timed out after 30000 ms while waiting for a server that matches com.mongodb.client.internal.MongoClientDelegate$1@1961d75a. Client view of cluster state is {type=REPLICA_SET, servers=[{address=ac-ggf694n-shard-00-00.1q4yqcd.mongodb.net:27017, type=UNKNOWN, state=CONNECTING, exception={com.mongodb.MongoSocketWriteException: Exception sending message}, caused by {javax.net.ssl.SSLException: Received fatal alert: internal_error}}, {address=ac-ggf694n-shard-00-02.1q4yqcd.mongodb.net:27017, type=UNKNOWN, state=CONNECTING, exception={com.mongodb.MongoSocketWriteException: Exception sending message}, caused by {javax.net.ssl.SSLException: Received fatal alert: internal_error}}, {address=ac-ggf694n-shard-00-01.1q4yqcd.mongodb.net:27017, type=UNKNOWN, state=CONNECTING, exception={com.mongodb.MongoSocketWriteException: Exception sending message}, caused by {javax.net.ssl.SSLException: Received fatal alert: internal_error}}]
	at org.springframework.beans.factory.annotation.AutowiredAnnotationBeanPostProcessor$AutowiredFieldElement.resolveFieldValue(AutowiredAnnotationBeanPostProcessor.java:713)
	at org.springframework.beans.factory.annotation.AutowiredAnnotationBeanPostProcessor$AutowiredFieldElement.inject(AutowiredAnnotationBeanPostProcessor.java:693)
	at org.springframework.beans.factory.annotation.InjectionMetadata.inject(InjectionMetadata.java:119)
	at org.springframework.beans.factory.annotation.AutowiredAnnotationBeanPostProcessor.postProcessProperties(AutowiredAnnotationBeanPostProcessor.java:408)
	at org.springframework.beans.factory.support.AbstractAutowireCapableBeanFactory.populateBean(AbstractAutowireCapableBeanFactory.java:1431)
	at org.springframework.beans.factory.support.AbstractAutowireCapableBeanFactory.doCreateBean(AbstractAutowireCapableBeanFactory.java:619)
	at org.springframework.beans.factory.support.AbstractAutowireCapableBeanFactory.createBean(AbstractAutowireCapableBeanFactory.java:542)
	at org.springframework.beans.factory.support.AbstractBeanFactory.lambda$doGetBean$0(AbstractBeanFactory.java:335)
	at org.springframework.beans.factory.support.DefaultSingletonBeanRegistry.getSingleton(DefaultSingletonBeanRegistry.java:234)
	at org.springframework.beans.factory.support.AbstractBeanFactory.doGetBean(AbstractBeanFactory.java:333)
	at org.springframework.beans.factory.support.AbstractBeanFactory.getBean(AbstractBeanFactory.java:208)
	at org.springframework.beans.factory.config.DependencyDescriptor.resolveCandidate(DependencyDescriptor.java:276)
	at org.springframework.beans.factory.support.DefaultListableBeanFactory.doResolveDependency(DefaultListableBeanFactory.java:1391)
	at org.springframework.beans.factory.support.DefaultListableBeanFactory.resolveDependency(DefaultListableBeanFactory.java:1311)
	at org.springframework.beans.factory.annotation.AutowiredAnnotationBeanPostProcessor$AutowiredFieldElement.resolveFieldValue(AutowiredAnnotationBeanPostProcessor.java:710)
	... 86 common frames omitted
Caused by: org.springframework.beans.factory.BeanCreationException: Error creating bean with name 'userRepository' defined in net.engineeringdigest.journalApp.repository.UserRepository defined in @EnableMongoRepositories declared on MongoRepositoriesRegistrar.EnableMongoRepositoriesConfiguration: Cannot resolve reference to bean 'mongoTemplate' while setting bean property 'mongoOperations'; nested exception is org.springframework.beans.factory.BeanCreationException: Error creating bean with name 'mongoTemplate' defined in class path resource [org/springframework/boot/autoconfigure/data/mongo/MongoDatabaseFactoryDependentConfiguration.class]: Bean instantiation via factory method failed; nested exception is org.springframework.beans.BeanInstantiationException: Failed to instantiate [org.springframework.data.mongodb.core.MongoTemplate]: Factory method 'mongoTemplate' threw exception; nested exception is org.springframework.dao.DataAccessResourceFailureException: Timed out after 30000 ms while waiting for a server that matches com.mongodb.client.internal.MongoClientDelegate$1@1961d75a. Client view of cluster state is {type=REPLICA_SET, servers=[{address=ac-ggf694n-shard-00-00.1q4yqcd.mongodb.net:27017, type=UNKNOWN, state=CONNECTING, exception={com.mongodb.MongoSocketWriteException: Exception sending message}, caused by {javax.net.ssl.SSLException: Received fatal alert: internal_error}}, {address=ac-ggf694n-shard-00-02.1q4yqcd.mongodb.net:27017, type=UNKNOWN, state=CONNECTING, exception={com.mongodb.MongoSocketWriteException: Exception sending message}, caused by {javax.net.ssl.SSLException: Received fatal alert: internal_error}}, {address=ac-ggf694n-shard-00-01.1q4yqcd.mongodb.net:27017, type=UNKNOWN, state=CONNECTING, exception={com.mongodb.MongoSocketWriteException: Exception sending message}, caused by {javax.net.ssl.SSLException: Received fatal alert: internal_error}}]; nested exception is com.mongodb.MongoTimeoutException: Timed out after 30000 ms while waiting for a server that matches com.mongodb.client.internal.MongoClientDelegate$1@1961d75a. Client view of cluster state is {type=REPLICA_SET, servers=[{address=ac-ggf694n-shard-00-00.1q4yqcd.mongodb.net:27017, type=UNKNOWN, state=CONNECTING, exception={com.mongodb.MongoSocketWriteException: Exception sending message}, caused by {javax.net.ssl.SSLException: Received fatal alert: internal_error}}, {address=ac-ggf694n-shard-00-02.1q4yqcd.mongodb.net:27017, type=UNKNOWN, state=CONNECTING, exception={com.mongodb.MongoSocketWriteException: Exception sending message}, caused by {javax.net.ssl.SSLException: Received fatal alert: internal_error}}, {address=ac-ggf694n-shard-00-01.1q4yqcd.mongodb.net:27017, type=UNKNOWN, state=CONNECTING, exception={com.mongodb.MongoSocketWriteException: Exception sending message}, caused by {javax.net.ssl.SSLException: Received fatal alert: internal_error}}]
	at org.springframework.beans.factory.support.BeanDefinitionValueResolver.resolveReference(BeanDefinitionValueResolver.java:342)
	at org.springframework.beans.factory.support.BeanDefinitionValueResolver.resolveValueIfNecessary(BeanDefinitionValueResolver.java:113)
	at org.springframework.beans.factory.support.AbstractAutowireCapableBeanFactory.applyPropertyValues(AbstractAutowireCapableBeanFactory.java:1707)
	at org.springframework.beans.factory.support.AbstractAutowireCapableBeanFactory.populateBean(AbstractAutowireCapableBeanFactory.java:1452)
	at org.springframework.beans.factory.support.AbstractAutowireCapableBeanFactory.doCreateBean(AbstractAutowireCapableBeanFactory.java:619)
	at org.springframework.beans.factory.support.AbstractAutowireCapableBeanFactory.createBean(AbstractAutowireCapableBeanFactory.java:542)
	at org.springframework.beans.factory.support.AbstractBeanFactory.lambda$doGetBean$0(AbstractBeanFactory.java:335)
	at org.springframework.beans.factory.support.DefaultSingletonBeanRegistry.getSingleton(DefaultSingletonBeanRegistry.java:234)
	at org.springframework.beans.factory.support.AbstractBeanFactory.doGetBean(AbstractBeanFactory.java:333)
	at org.springframework.beans.factory.support.AbstractBeanFactory.getBean(AbstractBeanFactory.java:208)
	at org.springframework.beans.factory.config.DependencyDescriptor.resolveCandidate(DependencyDescriptor.java:276)
	at org.springframework.beans.factory.support.DefaultListableBeanFactory.doResolveDependency(DefaultListableBeanFactory.java:1391)
	at org.springframework.beans.factory.support.DefaultListableBeanFactory.resolveDependency(DefaultListableBeanFactory.java:1311)
	at org.springframework.beans.factory.annotation.AutowiredAnnotationBeanPostProcessor$AutowiredFieldElement.resolveFieldValue(AutowiredAnnotationBeanPostProcessor.java:710)
	... 100 common frames omitted
Caused by: org.springframework.beans.factory.BeanCreationException: Error creating bean with name 'mongoTemplate' defined in class path resource [org/springframework/boot/autoconfigure/data/mongo/MongoDatabaseFactoryDependentConfiguration.class]: Bean instantiation via factory method failed; nested exception is org.springframework.beans.BeanInstantiationException: Failed to instantiate [org.springframework.data.mongodb.core.MongoTemplate]: Factory method 'mongoTemplate' threw exception; nested exception is org.springframework.dao.DataAccessResourceFailureException: Timed out after 30000 ms while waiting for a server that matches com.mongodb.client.internal.MongoClientDelegate$1@1961d75a. Client view of cluster state is {type=REPLICA_SET, servers=[{address=ac-ggf694n-shard-00-00.1q4yqcd.mongodb.net:27017, type=UNKNOWN, state=CONNECTING, exception={com.mongodb.MongoSocketWriteException: Exception sending message}, caused by {javax.net.ssl.SSLException: Received fatal alert: internal_error}}, {address=ac-ggf694n-shard-00-02.1q4yqcd.mongodb.net:27017, type=UNKNOWN, state=CONNECTING, exception={com.mongodb.MongoSocketWriteException: Exception sending message}, caused by {javax.net.ssl.SSLException: Received fatal alert: internal_error}}, {address=ac-ggf694n-shard-00-01.1q4yqcd.mongodb.net:27017, type=UNKNOWN, state=CONNECTING, exception={com.mongodb.MongoSocketWriteException: Exception sending message}, caused by {javax.net.ssl.SSLException: Received fatal alert: internal_error}}]; nested exception is com.mongodb.MongoTimeoutException: Timed out after 30000 ms while waiting for a server that matches com.mongodb.client.internal.MongoClientDelegate$1@1961d75a. Client view of cluster state is {type=REPLICA_SET, servers=[{address=ac-ggf694n-shard-00-00.1q4yqcd.mongodb.net:27017, type=UNKNOWN, state=CONNECTING, exception={com.mongodb.MongoSocketWriteException: Exception sending message}, caused by {javax.net.ssl.SSLException: Received fatal alert: internal_error}}, {address=ac-ggf694n-shard-00-02.1q4yqcd.mongodb.net:27017, type=UNKNOWN, state=CONNECTING, exception={com.mongodb.MongoSocketWriteException: Exception sending message}, caused by {javax.net.ssl.SSLException: Received fatal alert: internal_error}}, {address=ac-ggf694n-shard-00-01.1q4yqcd.mongodb.net:27017, type=UNKNOWN, state=CONNECTING, exception={com.mongodb.MongoSocketWriteException: Exception sending message}, caused by {javax.net.ssl.SSLException: Received fatal alert: internal_error}}]
	at org.springframework.beans.factory.support.ConstructorResolver.instantiate(ConstructorResolver.java:653)
	at org.springframework.beans.factory.support.ConstructorResolver.instantiateUsingFactoryMethod(ConstructorResolver.java:633)
	at org.springframework.beans.factory.support.AbstractAutowireCapableBeanFactory.instantiateUsingFactoryMethod(AbstractAutowireCapableBeanFactory.java:1352)
	at org.springframework.beans.factory.support.AbstractAutowireCapableBeanFactory.createBeanInstance(AbstractAutowireCapableBeanFactory.java:1195)
	at org.springframework.beans.factory.support.AbstractAutowireCapableBeanFactory.doCreateBean(AbstractAutowireCapableBeanFactory.java:582)
	at org.springframework.beans.factory.support.AbstractAutowireCapableBeanFactory.createBean(AbstractAutowireCapableBeanFactory.java:542)
	at org.springframework.beans.factory.support.AbstractBeanFactory.lambda$doGetBean$0(AbstractBeanFactory.java:335)
	at org.springframework.beans.factory.support.DefaultSingletonBeanRegistry.getSingleton(DefaultSingletonBeanRegistry.java:234)
	at org.springframework.beans.factory.support.AbstractBeanFactory.doGetBean(AbstractBeanFactory.java:333)
	at org.springframework.beans.factory.support.AbstractBeanFactory.getBean(AbstractBeanFactory.java:208)
	at org.springframework.beans.factory.support.BeanDefinitionValueResolver.resolveReference(BeanDefinitionValueResolver.java:330)
	... 113 common frames omitted
Caused by: org.springframework.beans.BeanInstantiationException: Failed to instantiate [org.springframework.data.mongodb.core.MongoTemplate]: Factory method 'mongoTemplate' threw exception; nested exception is org.springframework.dao.DataAccessResourceFailureException: Timed out after 30000 ms while waiting for a server that matches com.mongodb.client.internal.MongoClientDelegate$1@1961d75a. Client view of cluster state is {type=REPLICA_SET, servers=[{address=ac-ggf694n-shard-00-00.1q4yqcd.mongodb.net:27017, type=UNKNOWN, state=CONNECTING, exception={com.mongodb.MongoSocketWriteException: Exception sending message}, caused by {javax.net.ssl.SSLException: Received fatal alert: internal_error}}, {address=ac-ggf694n-shard-00-02.1q4yqcd.mongodb.net:27017, type=UNKNOWN, state=CONNECTING, exception={com.mongodb.MongoSocketWriteException: Exception sending message}, caused by {javax.net.ssl.SSLException: Received fatal alert: internal_error}}, {address=ac-ggf694n-shard-00-01.1q4yqcd.mongodb.net:27017, type=UNKNOWN, state=CONNECTING, exception={com.mongodb.MongoSocketWriteException: Exception sending message}, caused by {javax.net.ssl.SSLException: Received fatal alert: internal_error}}]; nested exception is com.mongodb.MongoTimeoutException: Timed out after 30000 ms while waiting for a server that matches com.mongodb.client.internal.MongoClientDelegate$1@1961d75a. Client view of cluster state is {type=REPLICA_SET, servers=[{address=ac-ggf694n-shard-00-00.1q4yqcd.mongodb.net:27017, type=UNKNOWN, state=CONNECTING, exception={com.mongodb.MongoSocketWriteException: Exception sending message}, caused by {javax.net.ssl.SSLException: Received fatal alert: internal_error}}, {address=ac-ggf694n-shard-00-02.1q4yqcd.mongodb.net:27017, type=UNKNOWN, state=CONNECTING, exception={com.mongodb.MongoSocketWriteException: Exception sending message}, caused by {javax.net.ssl.SSLException: Received fatal alert: internal_error}}, {address=ac-ggf694n-shard-00-01.1q4yqcd.mongodb.net:27017, type=UNKNOWN, state=CONNECTING, exception={com.mongodb.MongoSocketWriteException: Exception sending message}, caused by {javax.net.ssl.SSLException: Received fatal alert: internal_error}}]
	at org.springframework.beans.factory.support.SimpleInstantiationStrategy.instantiate(SimpleInstantiationStrategy.java:185)
	at org.springframework.beans.factory.support.ConstructorResolver.instantiate(ConstructorResolver.java:648)
	... 123 common frames omitted
Caused by: org.springframework.dao.DataAccessResourceFailureException: Timed out after 30000 ms while waiting for a server that matches com.mongodb.client.internal.MongoClientDelegate$1@1961d75a. Client view of cluster state is {type=REPLICA_SET, servers=[{address=ac-ggf694n-shard-00-00.1q4yqcd.mongodb.net:27017, type=UNKNOWN, state=CONNECTING, exception={com.mongodb.MongoSocketWriteException: Exception sending message}, caused by {javax.net.ssl.SSLException: Received fatal alert: internal_error}}, {address=ac-ggf694n-shard-00-02.1q4yqcd.mongodb.net:27017, type=UNKNOWN, state=CONNECTING, exception={com.mongodb.MongoSocketWriteException: Exception sending message}, caused by {javax.net.ssl.SSLException: Received fatal alert: internal_error}}, {address=ac-ggf694n-shard-00-01.1q4yqcd.mongodb.net:27017, type=UNKNOWN, state=CONNECTING, exception={com.mongodb.MongoSocketWriteException: Exception sending message}, caused by {javax.net.ssl.SSLException: Received fatal alert: internal_error}}]; nested exception is com.mongodb.MongoTimeoutException: Timed out after 30000 ms while waiting for a server that matches com.mongodb.client.internal.MongoClientDelegate$1@1961d75a. Client view of cluster state is {type=REPLICA_SET, servers=[{address=ac-ggf694n-shard-00-00.1q4yqcd.mongodb.net:27017, type=UNKNOWN, state=CONNECTING, exception={com.mongodb.MongoSocketWriteException: Exception sending message}, caused by {javax.net.ssl.SSLException: Received fatal alert: internal_error}}, {address=ac-ggf694n-shard-00-02.1q4yqcd.mongodb.net:27017, type=UNKNOWN, state=CONNECTING, exception={com.mongodb.MongoSocketWriteException: Exception sending message}, caused by {javax.net.ssl.SSLException: Received fatal alert: internal_error}}, {address=ac-ggf694n-shard-00-01.1q4yqcd.mongodb.net:27017, type=UNKNOWN, state=CONNECTING, exception={com.mongodb.MongoSocketWriteException: Exception sending message}, caused by {javax.net.ssl.SSLException: Received fatal alert: internal_error}}]
	at org.springframework.data.mongodb.core.MongoExceptionTranslator.translateExceptionIfPossible(MongoExceptionTranslator.java:95)
	at org.springframework.data.mongodb.core.MongoTemplate.potentiallyConvertRuntimeException(MongoTemplate.java:3029)
	at org.springframework.data.mongodb.core.MongoTemplate.execute(MongoTemplate.java:581)
	at org.springframework.data.mongodb.core.DefaultIndexOperations.execute(DefaultIndexOperations.java:215)
	at org.springframework.data.mongodb.core.DefaultIndexOperations.ensureIndex(DefaultIndexOperations.java:121)
	at org.springframework.data.mongodb.core.index.MongoPersistentEntityIndexCreator.createIndex(MongoPersistentEntityIndexCreator.java:157)
	at org.springframework.data.mongodb.core.index.MongoPersistentEntityIndexCreator.checkForAndCreateIndexes(MongoPersistentEntityIndexCreator.java:147)
	at org.springframework.data.mongodb.core.index.MongoPersistentEntityIndexCreator.checkForIndexes(MongoPersistentEntityIndexCreator.java:131)
	at org.springframework.data.mongodb.core.index.MongoPersistentEntityIndexCreator.<init>(MongoPersistentEntityIndexCreator.java:96)
	at org.springframework.data.mongodb.core.index.MongoPersistentEntityIndexCreator.<init>(MongoPersistentEntityIndexCreator.java:73)
	at org.springframework.data.mongodb.core.MongoTemplate.<init>(MongoTemplate.java:224)
	at org.springframework.boot.autoconfigure.data.mongo.MongoDatabaseFactoryDependentConfiguration.mongoTemplate(MongoDatabaseFactoryDependentConfiguration.java:63)
	at java.base/jdk.internal.reflect.NativeMethodAccessorImpl.invoke0(Native Method)
	at java.base/jdk.internal.reflect.NativeMethodAccessorImpl.invoke(NativeMethodAccessorImpl.java:62)
	at java.base/jdk.internal.reflect.DelegatingMethodAccessorImpl.invoke(DelegatingMethodAccessorImpl.java:43)
	at java.base/java.lang.reflect.Method.invoke(Method.java:566)
	at org.springframework.beans.factory.support.SimpleInstantiationStrategy.instantiate(SimpleInstantiationStrategy.java:154)
	... 124 common frames omitted
Caused by: com.mongodb.MongoTimeoutException: Timed out after 30000 ms while waiting for a server that matches com.mongodb.client.internal.MongoClientDelegate$1@1961d75a. Client view of cluster state is {type=REPLICA_SET, servers=[{address=ac-ggf694n-shard-00-00.1q4yqcd.mongodb.net:27017, type=UNKNOWN, state=CONNECTING, exception={com.mongodb.MongoSocketWriteException: Exception sending message}, caused by {javax.net.ssl.SSLException: Received fatal alert: internal_error}}, {address=ac-ggf694n-shard-00-02.1q4yqcd.mongodb.net:27017, type=UNKNOWN, state=CONNECTING, exception={com.mongodb.MongoSocketWriteException: Exception sending message}, caused by {javax.net.ssl.SSLException: Received fatal alert: internal_error}}, {address=ac-ggf694n-shard-00-01.1q4yqcd.mongodb.net:27017, type=UNKNOWN, state=CONNECTING, exception={com.mongodb.MongoSocketWriteException: Exception sending message}, caused by {javax.net.ssl.SSLException: Received fatal alert: internal_error}}]
	at com.mongodb.internal.connection.BaseCluster.createTimeoutException(BaseCluster.java:424)
	at com.mongodb.internal.connection.BaseCluster.selectServer(BaseCluster.java:121)
	at com.mongodb.internal.connection.AbstractMultiServerCluster.selectServer(AbstractMultiServerCluster.java:50)
	at com.mongodb.client.internal.MongoClientDelegate.getConnectedClusterDescription(MongoClientDelegate.java:146)
	at com.mongodb.client.internal.MongoClientDelegate.createClientSession(MongoClientDelegate.java:101)
	at com.mongodb.client.internal.MongoClientDelegate$DelegateOperationExecutor.getClientSession(MongoClientDelegate.java:291)
	at com.mongodb.client.internal.MongoClientDelegate$DelegateOperationExecutor.execute(MongoClientDelegate.java:207)
	at com.mongodb.client.internal.MongoCollectionImpl.executeCreateIndexes(MongoCollectionImpl.java:848)
	at com.mongodb.client.internal.MongoCollectionImpl.createIndexes(MongoCollectionImpl.java:831)
	at com.mongodb.client.internal.MongoCollectionImpl.createIndexes(MongoCollectionImpl.java:826)
	at com.mongodb.client.internal.MongoCollectionImpl.createIndex(MongoCollectionImpl.java:811)
	at org.springframework.data.mongodb.core.DefaultIndexOperations.lambda$ensureIndex$0(DefaultIndexOperations.java:131)
	at org.springframework.data.mongodb.core.MongoTemplate.execute(MongoTemplate.java:579)
	... 138 common frames omitted
26-05-15 16:12:23.538 [main] INFO  o.s.b.t.c.SpringBootTestContextBootstrapper - Neither @ContextConfiguration nor @ContextHierarchy found for test class [net.engineeringdigest.journalApp.service.UserServiceTests], using SpringBootContextLoader
26-05-15 16:12:23.561 [main] INFO  o.s.t.c.s.AbstractContextLoader - Could not detect default resource locations for test class [net.engineeringdigest.journalApp.service.UserServiceTests]: no resource found for suffixes {-context.xml, Context.groovy}.
26-05-15 16:12:23.563 [main] INFO  o.s.t.c.s.AnnotationConfigContextLoaderUtils - Could not detect default configuration classes for test class [net.engineeringdigest.journalApp.service.UserServiceTests]: UserServiceTests does not declare any static, non-private, non-final, nested classes annotated with @Configuration.
26-05-15 16:12:23.609 [main] INFO  o.s.b.t.c.SpringBootTestContextBootstrapper - Found @SpringBootConfiguration net.engineeringdigest.journalApp.JournalApplication for test class net.engineeringdigest.journalApp.service.UserServiceTests
26-05-15 16:12:23.617 [main] INFO  o.s.b.t.c.SpringBootTestContextBootstrapper - Loaded default TestExecutionListener class names from location [META-INF/spring.factories]: [org.springframework.boot.test.mock.mockito.MockitoTestExecutionListener, org.springframework.boot.test.mock.mockito.ResetMocksTestExecutionListener, org.springframework.boot.test.autoconfigure.restdocs.RestDocsTestExecutionListener, org.springframework.boot.test.autoconfigure.web.client.MockRestServiceServerResetTestExecutionListener, org.springframework.boot.test.autoconfigure.web.servlet.MockMvcPrintOnlyOnFailureTestExecutionListener, org.springframework.boot.test.autoconfigure.web.servlet.WebDriverTestExecutionListener, org.springframework.boot.test.autoconfigure.webservices.client.MockWebServiceServerTestExecutionListener, org.springframework.test.context.web.ServletTestExecutionListener, org.springframework.test.context.support.DirtiesContextBeforeModesTestExecutionListener, org.springframework.test.context.event.ApplicationEventsTestExecutionListener, org.springframework.test.context.support.DependencyInjectionTestExecutionListener, org.springframework.test.context.support.DirtiesContextTestExecutionListener, org.springframework.test.context.transaction.TransactionalTestExecutionListener, org.springframework.test.context.jdbc.SqlScriptsTestExecutionListener, org.springframework.test.context.event.EventPublishingTestExecutionListener]
26-05-15 16:12:23.619 [main] INFO  o.s.b.t.c.SpringBootTestContextBootstrapper - Using TestExecutionListeners: [org.springframework.test.context.web.ServletTestExecutionListener@58f7215c, org.springframework.test.context.support.DirtiesContextBeforeModesTestExecutionListener@55638165, org.springframework.test.context.event.ApplicationEventsTestExecutionListener@4fa91d5b, org.springframework.boot.test.mock.mockito.MockitoTestExecutionListener@7ce30c0b, org.springframework.boot.test.autoconfigure.SpringBootDependencyInjectionTestExecutionListener@1d7f2f0a, org.springframework.test.context.support.DirtiesContextTestExecutionListener@54defd69, org.springframework.test.context.transaction.TransactionalTestExecutionListener@531a716c, org.springframework.test.context.jdbc.SqlScriptsTestExecutionListener@377dbc50, org.springframework.test.context.event.EventPublishingTestExecutionListener@531ec2ca, org.springframework.boot.test.mock.mockito.ResetMocksTestExecutionListener@70884875, org.springframework.boot.test.autoconfigure.restdocs.RestDocsTestExecutionListener@7019d619, org.springframework.boot.test.autoconfigure.web.client.MockRestServiceServerResetTestExecutionListener@2a5c6b76, org.springframework.boot.test.autoconfigure.web.servlet.MockMvcPrintOnlyOnFailureTestExecutionListener@ff1f465, org.springframework.boot.test.autoconfigure.web.servlet.WebDriverTestExecutionListener@3d88ce0e, org.springframework.boot.test.autoconfigure.webservices.client.MockWebServiceServerTestExecutionListener@31f7eb8]
26-05-15 16:12:24.152 [main] INFO  n.e.j.service.UserServiceTests - Starting UserServiceTests using Java 11.0.31 on LAPTOP-4IL5G33D with PID 43148 (started by SIDDHU in C:\Users\SIDDHU\OneDrive\Desktop\journalapp\journalApp)
26-05-15 16:12:24.153 [main] INFO  n.e.j.service.UserServiceTests - The following 1 profile is active: "dev"
26-05-15 16:12:24.937 [main] INFO  o.s.d.r.c.RepositoryConfigurationDelegate - Bootstrapping Spring Data MongoDB repositories in DEFAULT mode.
26-05-15 16:12:25.003 [main] INFO  o.s.d.r.c.RepositoryConfigurationDelegate - Finished Spring Data repository scanning in 65 ms. Found 2 MongoDB repository interfaces.
26-05-15 16:12:25.814 [main] INFO  org.mongodb.driver.client - MongoClient with metadata {"driver": {"name": "mongo-java-driver|sync|spring-boot", "version": "4.6.1"}, "os": {"type": "Windows", "name": "Windows 11", "architecture": "amd64", "version": "10.0"}, "platform": "Java/Microsoft/11.0.31+11-LTS", "application": {"name": "Cluster0"}} created with settings MongoClientSettings{readPreference=primary, writeConcern=WriteConcern{w=null, wTimeout=null ms, journal=null}, retryWrites=true, retryReads=true, readConcern=ReadConcern{level=null}, credential=MongoCredential{mechanism=null, userName='banusiddharth35_db_user', source='admin', password=<hidden>, mechanismProperties=<hidden>}, streamFactoryFactory=null, commandListeners=[], codecRegistry=ProvidersCodecRegistry{codecProviders=[ValueCodecProvider{}, BsonValueCodecProvider{}, DBRefCodecProvider{}, DBObjectCodecProvider{}, DocumentCodecProvider{}, IterableCodecProvider{}, MapCodecProvider{}, GeoJsonCodecProvider{}, GridFSFileCodecProvider{}, Jsr310CodecProvider{}, JsonObjectCodecProvider{}, BsonCodecProvider{}, EnumCodecProvider{}, com.mongodb.Jep395RecordCodecProvider@1280682]}, clusterSettings={hosts=[127.0.0.1:27017], srvHost=cluster0.1q4yqcd.mongodb.net, srvServiceName=mongodb, mode=MULTIPLE, requiredClusterType=REPLICA_SET, requiredReplicaSetName='atlas-mizxxc-shard-0', serverSelector='null', clusterListeners='[]', serverSelectionTimeout='30000 ms', localThreshold='30000 ms'}, socketSettings=SocketSettings{connectTimeoutMS=10000, readTimeoutMS=0, receiveBufferSize=0, sendBufferSize=0}, heartbeatSocketSettings=SocketSettings{connectTimeoutMS=10000, readTimeoutMS=10000, receiveBufferSize=0, sendBufferSize=0}, connectionPoolSettings=ConnectionPoolSettings{maxSize=100, minSize=0, maxWaitTimeMS=120000, maxConnectionLifeTimeMS=0, maxConnectionIdleTimeMS=0, maintenanceInitialDelayMS=0, maintenanceFrequencyMS=60000, connectionPoolListeners=[], maxConnecting=2}, serverSettings=ServerSettings{heartbeatFrequencyMS=10000, minHeartbeatFrequencyMS=500, serverListeners='[]', serverMonitorListeners='[]'}, sslSettings=SslSettings{enabled=true, invalidHostNameAllowed=false, context=null}, applicationName='Cluster0', compressorList=[], uuidRepresentation=JAVA_LEGACY, serverApi=null, autoEncryptionSettings=null, contextProvider=null}
26-05-15 16:12:25.871 [cluster-ClusterId{value='6a06f891086286734c987d86', description='null'}-srv-cluster0.1q4yqcd.mongodb.net] INFO  org.mongodb.driver.cluster - Adding discovered server ac-ggf694n-shard-00-01.1q4yqcd.mongodb.net:27017 to client view of cluster
26-05-15 16:12:25.880 [cluster-ClusterId{value='6a06f891086286734c987d86', description='null'}-srv-cluster0.1q4yqcd.mongodb.net] INFO  org.mongodb.driver.cluster - Adding discovered server ac-ggf694n-shard-00-00.1q4yqcd.mongodb.net:27017 to client view of cluster
26-05-15 16:12:25.882 [cluster-ClusterId{value='6a06f891086286734c987d86', description='null'}-srv-cluster0.1q4yqcd.mongodb.net] INFO  org.mongodb.driver.cluster - Adding discovered server ac-ggf694n-shard-00-02.1q4yqcd.mongodb.net:27017 to client view of cluster
26-05-15 16:12:25.967 [cluster-ClusterId{value='6a06f891086286734c987d86', description='null'}-ac-ggf694n-shard-00-01.1q4yqcd.mongodb.net:27017] INFO  org.mongodb.driver.cluster - Exception in monitor thread while connecting to server ac-ggf694n-shard-00-01.1q4yqcd.mongodb.net:27017
com.mongodb.MongoSocketWriteException: Exception sending message
	at com.mongodb.internal.connection.InternalStreamConnection.translateWriteException(InternalStreamConnection.java:684)
	at com.mongodb.internal.connection.InternalStreamConnection.sendMessage(InternalStreamConnection.java:555)
	at com.mongodb.internal.connection.InternalStreamConnection.sendCommandMessage(InternalStreamConnection.java:381)
	at com.mongodb.internal.connection.InternalStreamConnection.sendAndReceive(InternalStreamConnection.java:329)
	at com.mongodb.internal.connection.CommandHelper.sendAndReceive(CommandHelper.java:101)
	at com.mongodb.internal.connection.CommandHelper.executeCommand(CommandHelper.java:45)
	at com.mongodb.internal.connection.InternalStreamConnectionInitializer.initializeConnectionDescription(InternalStreamConnectionInitializer.java:131)
	at com.mongodb.internal.connection.InternalStreamConnectionInitializer.startHandshake(InternalStreamConnectionInitializer.java:73)
	at com.mongodb.internal.connection.InternalStreamConnection.open(InternalStreamConnection.java:182)
	at com.mongodb.internal.connection.DefaultServerMonitor$ServerMonitorRunnable.lookupServerDescription(DefaultServerMonitor.java:193)
	at com.mongodb.internal.connection.DefaultServerMonitor$ServerMonitorRunnable.run(DefaultServerMonitor.java:157)
	at java.base/java.lang.Thread.run(Thread.java:829)
Caused by: javax.net.ssl.SSLException: Received fatal alert: internal_error
	at java.base/sun.security.ssl.Alert.createSSLException(Alert.java:133)
	at java.base/sun.security.ssl.Alert.createSSLException(Alert.java:117)
	at java.base/sun.security.ssl.TransportContext.fatal(TransportContext.java:353)
	at java.base/sun.security.ssl.Alert$AlertConsumer.consume(Alert.java:293)
	at java.base/sun.security.ssl.TransportContext.dispatch(TransportContext.java:192)
	at java.base/sun.security.ssl.SSLTransport.decode(SSLTransport.java:172)
	at java.base/sun.security.ssl.SSLSocketImpl.decode(SSLSocketImpl.java:1511)
	at java.base/sun.security.ssl.SSLSocketImpl.readHandshakeRecord(SSLSocketImpl.java:1421)
	at java.base/sun.security.ssl.SSLSocketImpl.startHandshake(SSLSocketImpl.java:456)
	at java.base/sun.security.ssl.SSLSocketImpl.ensureNegotiated(SSLSocketImpl.java:926)
	at java.base/sun.security.ssl.SSLSocketImpl$AppOutputStream.write(SSLSocketImpl.java:1296)
	at com.mongodb.internal.connection.SocketStream.write(SocketStream.java:99)
	at com.mongodb.internal.connection.InternalStreamConnection.sendMessage(InternalStreamConnection.java:552)
	... 10 common frames omitted
26-05-15 16:12:25.996 [cluster-ClusterId{value='6a06f891086286734c987d86', description='null'}-ac-ggf694n-shard-00-02.1q4yqcd.mongodb.net:27017] INFO  org.mongodb.driver.cluster - Exception in monitor thread while connecting to server ac-ggf694n-shard-00-02.1q4yqcd.mongodb.net:27017
com.mongodb.MongoSocketWriteException: Exception sending message
	at com.mongodb.internal.connection.InternalStreamConnection.translateWriteException(InternalStreamConnection.java:684)
	at com.mongodb.internal.connection.InternalStreamConnection.sendMessage(InternalStreamConnection.java:555)
	at com.mongodb.internal.connection.InternalStreamConnection.sendCommandMessage(InternalStreamConnection.java:381)
	at com.mongodb.internal.connection.InternalStreamConnection.sendAndReceive(InternalStreamConnection.java:329)
	at com.mongodb.internal.connection.CommandHelper.sendAndReceive(CommandHelper.java:101)
	at com.mongodb.internal.connection.CommandHelper.executeCommand(CommandHelper.java:45)
	at com.mongodb.internal.connection.InternalStreamConnectionInitializer.initializeConnectionDescription(InternalStreamConnectionInitializer.java:131)
	at com.mongodb.internal.connection.InternalStreamConnectionInitializer.startHandshake(InternalStreamConnectionInitializer.java:73)
	at com.mongodb.internal.connection.InternalStreamConnection.open(InternalStreamConnection.java:182)
	at com.mongodb.internal.connection.DefaultServerMonitor$ServerMonitorRunnable.lookupServerDescription(DefaultServerMonitor.java:193)
	at com.mongodb.internal.connection.DefaultServerMonitor$ServerMonitorRunnable.run(DefaultServerMonitor.java:157)
	at java.base/java.lang.Thread.run(Thread.java:829)
Caused by: javax.net.ssl.SSLException: Received fatal alert: internal_error
	at java.base/sun.security.ssl.Alert.createSSLException(Alert.java:133)
	at java.base/sun.security.ssl.Alert.createSSLException(Alert.java:117)
	at java.base/sun.security.ssl.TransportContext.fatal(TransportContext.java:353)
	at java.base/sun.security.ssl.Alert$AlertConsumer.consume(Alert.java:293)
	at java.base/sun.security.ssl.TransportContext.dispatch(TransportContext.java:192)
	at java.base/sun.security.ssl.SSLTransport.decode(SSLTransport.java:172)
	at java.base/sun.security.ssl.SSLSocketImpl.decode(SSLSocketImpl.java:1511)
	at java.base/sun.security.ssl.SSLSocketImpl.readHandshakeRecord(SSLSocketImpl.java:1421)
	at java.base/sun.security.ssl.SSLSocketImpl.startHandshake(SSLSocketImpl.java:456)
	at java.base/sun.security.ssl.SSLSocketImpl.ensureNegotiated(SSLSocketImpl.java:926)
	at java.base/sun.security.ssl.SSLSocketImpl$AppOutputStream.write(SSLSocketImpl.java:1296)
	at com.mongodb.internal.connection.SocketStream.write(SocketStream.java:99)
	at com.mongodb.internal.connection.InternalStreamConnection.sendMessage(InternalStreamConnection.java:552)
	... 10 common frames omitted
26-05-15 16:12:26.007 [cluster-ClusterId{value='6a06f891086286734c987d86', description='null'}-ac-ggf694n-shard-00-00.1q4yqcd.mongodb.net:27017] INFO  org.mongodb.driver.cluster - Exception in monitor thread while connecting to server ac-ggf694n-shard-00-00.1q4yqcd.mongodb.net:27017
com.mongodb.MongoSocketWriteException: Exception sending message
	at com.mongodb.internal.connection.InternalStreamConnection.translateWriteException(InternalStreamConnection.java:684)
	at com.mongodb.internal.connection.InternalStreamConnection.sendMessage(InternalStreamConnection.java:555)
	at com.mongodb.internal.connection.InternalStreamConnection.sendCommandMessage(InternalStreamConnection.java:381)
	at com.mongodb.internal.connection.InternalStreamConnection.sendAndReceive(InternalStreamConnection.java:329)
	at com.mongodb.internal.connection.CommandHelper.sendAndReceive(CommandHelper.java:101)
	at com.mongodb.internal.connection.CommandHelper.executeCommand(CommandHelper.java:45)
	at com.mongodb.internal.connection.InternalStreamConnectionInitializer.initializeConnectionDescription(InternalStreamConnectionInitializer.java:131)
	at com.mongodb.internal.connection.InternalStreamConnectionInitializer.startHandshake(InternalStreamConnectionInitializer.java:73)
	at com.mongodb.internal.connection.InternalStreamConnection.open(InternalStreamConnection.java:182)
	at com.mongodb.internal.connection.DefaultServerMonitor$ServerMonitorRunnable.lookupServerDescription(DefaultServerMonitor.java:193)
	at com.mongodb.internal.connection.DefaultServerMonitor$ServerMonitorRunnable.run(DefaultServerMonitor.java:157)
	at java.base/java.lang.Thread.run(Thread.java:829)
Caused by: javax.net.ssl.SSLException: Received fatal alert: internal_error
	at java.base/sun.security.ssl.Alert.createSSLException(Alert.java:133)
	at java.base/sun.security.ssl.Alert.createSSLException(Alert.java:117)
	at java.base/sun.security.ssl.TransportContext.fatal(TransportContext.java:353)
	at java.base/sun.security.ssl.Alert$AlertConsumer.consume(Alert.java:293)
	at java.base/sun.security.ssl.TransportContext.dispatch(TransportContext.java:192)
	at java.base/sun.security.ssl.SSLTransport.decode(SSLTransport.java:172)
	at java.base/sun.security.ssl.SSLSocketImpl.decode(SSLSocketImpl.java:1511)
	at java.base/sun.security.ssl.SSLSocketImpl.readHandshakeRecord(SSLSocketImpl.java:1421)
	at java.base/sun.security.ssl.SSLSocketImpl.startHandshake(SSLSocketImpl.java:456)
	at java.base/sun.security.ssl.SSLSocketImpl.ensureNegotiated(SSLSocketImpl.java:926)
	at java.base/sun.security.ssl.SSLSocketImpl$AppOutputStream.write(SSLSocketImpl.java:1296)
	at com.mongodb.internal.connection.SocketStream.write(SocketStream.java:99)
	at com.mongodb.internal.connection.InternalStreamConnection.sendMessage(InternalStreamConnection.java:552)
	... 10 common frames omitted
26-05-15 16:12:26.126 [main] INFO  org.mongodb.driver.cluster - No server chosen by com.mongodb.client.internal.MongoClientDelegate$1@ac417a2 from cluster description ClusterDescription{type=REPLICA_SET, connectionMode=MULTIPLE, serverDescriptions=[ServerDescription{address=ac-ggf694n-shard-00-00.1q4yqcd.mongodb.net:27017, type=UNKNOWN, state=CONNECTING, exception={com.mongodb.MongoSocketWriteException: Exception sending message}, caused by {javax.net.ssl.SSLException: Received fatal alert: internal_error}}, ServerDescription{address=ac-ggf694n-shard-00-02.1q4yqcd.mongodb.net:27017, type=UNKNOWN, state=CONNECTING, exception={com.mongodb.MongoSocketWriteException: Exception sending message}, caused by {javax.net.ssl.SSLException: Received fatal alert: internal_error}}, ServerDescription{address=ac-ggf694n-shard-00-01.1q4yqcd.mongodb.net:27017, type=UNKNOWN, state=CONNECTING, exception={com.mongodb.MongoSocketWriteException: Exception sending message}, caused by {javax.net.ssl.SSLException: Received fatal alert: internal_error}}]}. Waiting for 30000 ms before timing out
26-05-15 16:12:56.122 [main] WARN  o.s.w.c.s.GenericWebApplicationContext - Exception encountered during context initialization - cancelling refresh attempt: org.springframework.beans.factory.UnsatisfiedDependencyException: Error creating bean with name 'springSecurity': Unsatisfied dependency expressed through field 'userservice'; nested exception is org.springframework.beans.factory.UnsatisfiedDependencyException: Error creating bean with name 'userdetailserviceimpl': Unsatisfied dependency expressed through field 'userRepository'; nested exception is org.springframework.beans.factory.BeanCreationException: Error creating bean with name 'userRepository' defined in net.engineeringdigest.journalApp.repository.UserRepository defined in @EnableMongoRepositories declared on MongoRepositoriesRegistrar.EnableMongoRepositoriesConfiguration: Cannot resolve reference to bean 'mongoTemplate' while setting bean property 'mongoOperations'; nested exception is org.springframework.beans.factory.BeanCreationException: Error creating bean with name 'mongoTemplate' defined in class path resource [org/springframework/boot/autoconfigure/data/mongo/MongoDatabaseFactoryDependentConfiguration.class]: Bean instantiation via factory method failed; nested exception is org.springframework.beans.BeanInstantiationException: Failed to instantiate [org.springframework.data.mongodb.core.MongoTemplate]: Factory method 'mongoTemplate' threw exception; nested exception is org.springframework.dao.DataAccessResourceFailureException: Timed out after 30000 ms while waiting for a server that matches com.mongodb.client.internal.MongoClientDelegate$1@ac417a2. Client view of cluster state is {type=REPLICA_SET, servers=[{address=ac-ggf694n-shard-00-00.1q4yqcd.mongodb.net:27017, type=UNKNOWN, state=CONNECTING, exception={com.mongodb.MongoSocketWriteException: Exception sending message}, caused by {javax.net.ssl.SSLException: Received fatal alert: internal_error}}, {address=ac-ggf694n-shard-00-02.1q4yqcd.mongodb.net:27017, type=UNKNOWN, state=CONNECTING, exception={com.mongodb.MongoSocketWriteException: Exception sending message}, caused by {javax.net.ssl.SSLException: Received fatal alert: internal_error}}, {address=ac-ggf694n-shard-00-01.1q4yqcd.mongodb.net:27017, type=UNKNOWN, state=CONNECTING, exception={com.mongodb.MongoSocketWriteException: Exception sending message}, caused by {javax.net.ssl.SSLException: Received fatal alert: internal_error}}]; nested exception is com.mongodb.MongoTimeoutException: Timed out after 30000 ms while waiting for a server that matches com.mongodb.client.internal.MongoClientDelegate$1@ac417a2. Client view of cluster state is {type=REPLICA_SET, servers=[{address=ac-ggf694n-shard-00-00.1q4yqcd.mongodb.net:27017, type=UNKNOWN, state=CONNECTING, exception={com.mongodb.MongoSocketWriteException: Exception sending message}, caused by {javax.net.ssl.SSLException: Received fatal alert: internal_error}}, {address=ac-ggf694n-shard-00-02.1q4yqcd.mongodb.net:27017, type=UNKNOWN, state=CONNECTING, exception={com.mongodb.MongoSocketWriteException: Exception sending message}, caused by {javax.net.ssl.SSLException: Received fatal alert: internal_error}}, {address=ac-ggf694n-shard-00-01.1q4yqcd.mongodb.net:27017, type=UNKNOWN, state=CONNECTING, exception={com.mongodb.MongoSocketWriteException: Exception sending message}, caused by {javax.net.ssl.SSLException: Received fatal alert: internal_error}}]
26-05-15 16:12:56.140 [main] INFO  o.s.b.a.l.ConditionEvaluationReportLoggingListener - 

Error starting ApplicationContext. To display the conditions report re-run your application with 'debug' enabled.
26-05-15 16:12:56.149 [main] ERROR o.s.boot.SpringApplication - Application run failed
org.springframework.beans.factory.UnsatisfiedDependencyException: Error creating bean with name 'springSecurity': Unsatisfied dependency expressed through field 'userservice'; nested exception is org.springframework.beans.factory.UnsatisfiedDependencyException: Error creating bean with name 'userdetailserviceimpl': Unsatisfied dependency expressed through field 'userRepository'; nested exception is org.springframework.beans.factory.BeanCreationException: Error creating bean with name 'userRepository' defined in net.engineeringdigest.journalApp.repository.UserRepository defined in @EnableMongoRepositories declared on MongoRepositoriesRegistrar.EnableMongoRepositoriesConfiguration: Cannot resolve reference to bean 'mongoTemplate' while setting bean property 'mongoOperations'; nested exception is org.springframework.beans.factory.BeanCreationException: Error creating bean with name 'mongoTemplate' defined in class path resource [org/springframework/boot/autoconfigure/data/mongo/MongoDatabaseFactoryDependentConfiguration.class]: Bean instantiation via factory method failed; nested exception is org.springframework.beans.BeanInstantiationException: Failed to instantiate [org.springframework.data.mongodb.core.MongoTemplate]: Factory method 'mongoTemplate' threw exception; nested exception is org.springframework.dao.DataAccessResourceFailureException: Timed out after 30000 ms while waiting for a server that matches com.mongodb.client.internal.MongoClientDelegate$1@ac417a2. Client view of cluster state is {type=REPLICA_SET, servers=[{address=ac-ggf694n-shard-00-00.1q4yqcd.mongodb.net:27017, type=UNKNOWN, state=CONNECTING, exception={com.mongodb.MongoSocketWriteException: Exception sending message}, caused by {javax.net.ssl.SSLException: Received fatal alert: internal_error}}, {address=ac-ggf694n-shard-00-02.1q4yqcd.mongodb.net:27017, type=UNKNOWN, state=CONNECTING, exception={com.mongodb.MongoSocketWriteException: Exception sending message}, caused by {javax.net.ssl.SSLException: Received fatal alert: internal_error}}, {address=ac-ggf694n-shard-00-01.1q4yqcd.mongodb.net:27017, type=UNKNOWN, state=CONNECTING, exception={com.mongodb.MongoSocketWriteException: Exception sending message}, caused by {javax.net.ssl.SSLException: Received fatal alert: internal_error}}]; nested exception is com.mongodb.MongoTimeoutException: Timed out after 30000 ms while waiting for a server that matches com.mongodb.client.internal.MongoClientDelegate$1@ac417a2. Client view of cluster state is {type=REPLICA_SET, servers=[{address=ac-ggf694n-shard-00-00.1q4yqcd.mongodb.net:27017, type=UNKNOWN, state=CONNECTING, exception={com.mongodb.MongoSocketWriteException: Exception sending message}, caused by {javax.net.ssl.SSLException: Received fatal alert: internal_error}}, {address=ac-ggf694n-shard-00-02.1q4yqcd.mongodb.net:27017, type=UNKNOWN, state=CONNECTING, exception={com.mongodb.MongoSocketWriteException: Exception sending message}, caused by {javax.net.ssl.SSLException: Received fatal alert: internal_error}}, {address=ac-ggf694n-shard-00-01.1q4yqcd.mongodb.net:27017, type=UNKNOWN, state=CONNECTING, exception={com.mongodb.MongoSocketWriteException: Exception sending message}, caused by {javax.net.ssl.SSLException: Received fatal alert: internal_error}}]
	at org.springframework.beans.factory.annotation.AutowiredAnnotationBeanPostProcessor$AutowiredFieldElement.resolveFieldValue(AutowiredAnnotationBeanPostProcessor.java:713)
	at org.springframework.beans.factory.annotation.AutowiredAnnotationBeanPostProcessor$AutowiredFieldElement.inject(AutowiredAnnotationBeanPostProcessor.java:693)
	at org.springframework.beans.factory.annotation.InjectionMetadata.inject(InjectionMetadata.java:119)
	at org.springframework.beans.factory.annotation.AutowiredAnnotationBeanPostProcessor.postProcessProperties(AutowiredAnnotationBeanPostProcessor.java:408)
	at org.springframework.beans.factory.support.AbstractAutowireCapableBeanFactory.populateBean(AbstractAutowireCapableBeanFactory.java:1431)
	at org.springframework.beans.factory.support.AbstractAutowireCapableBeanFactory.doCreateBean(AbstractAutowireCapableBeanFactory.java:619)
	at org.springframework.beans.factory.support.AbstractAutowireCapableBeanFactory.createBean(AbstractAutowireCapableBeanFactory.java:542)
	at org.springframework.beans.factory.support.AbstractBeanFactory.lambda$doGetBean$0(AbstractBeanFactory.java:335)
	at org.springframework.beans.factory.support.DefaultSingletonBeanRegistry.getSingleton(DefaultSingletonBeanRegistry.java:234)
	at org.springframework.beans.factory.support.AbstractBeanFactory.doGetBean(AbstractBeanFactory.java:333)
	at org.springframework.beans.factory.support.AbstractBeanFactory.getBean(AbstractBeanFactory.java:208)
	at org.springframework.beans.factory.support.DefaultListableBeanFactory.preInstantiateSingletons(DefaultListableBeanFactory.java:955)
	at org.springframework.context.support.AbstractApplicationContext.finishBeanFactoryInitialization(AbstractApplicationContext.java:921)
	at org.springframework.context.support.AbstractApplicationContext.refresh(AbstractApplicationContext.java:583)
	at org.springframework.boot.SpringApplication.refresh(SpringApplication.java:731)
	at org.springframework.boot.SpringApplication.refreshContext(SpringApplication.java:408)
	at org.springframework.boot.SpringApplication.run(SpringApplication.java:307)
	at org.springframework.boot.test.context.SpringBootContextLoader.loadContext(SpringBootContextLoader.java:136)
	at org.springframework.test.context.cache.DefaultCacheAwareContextLoaderDelegate.loadContextInternal(DefaultCacheAwareContextLoaderDelegate.java:141)
	at org.springframework.test.context.cache.DefaultCacheAwareContextLoaderDelegate.loadContext(DefaultCacheAwareContextLoaderDelegate.java:90)
	at org.springframework.test.context.support.DefaultTestContext.getApplicationContext(DefaultTestContext.java:124)
	at org.springframework.test.context.web.ServletTestExecutionListener.setUpRequestContextIfNecessary(ServletTestExecutionListener.java:190)
	at org.springframework.test.context.web.ServletTestExecutionListener.prepareTestInstance(ServletTestExecutionListener.java:132)
	at org.springframework.test.context.TestContextManager.prepareTestInstance(TestContextManager.java:248)
	at org.springframework.test.context.junit.jupiter.SpringExtension.postProcessTestInstance(SpringExtension.java:138)
	at org.junit.jupiter.engine.descriptor.ClassBasedTestDescriptor.lambda$invokeTestInstancePostProcessors$8(ClassBasedTestDescriptor.java:363)
	at org.junit.jupiter.engine.descriptor.ClassBasedTestDescriptor.executeAndMaskThrowable(ClassBasedTestDescriptor.java:368)
	at org.junit.jupiter.engine.descriptor.ClassBasedTestDescriptor.lambda$invokeTestInstancePostProcessors$9(ClassBasedTestDescriptor.java:363)
	at java.base/java.util.stream.ReferencePipeline$3$1.accept(ReferencePipeline.java:195)
	at java.base/java.util.stream.ReferencePipeline$2$1.accept(ReferencePipeline.java:177)
	at java.base/java.util.ArrayList$ArrayListSpliterator.forEachRemaining(ArrayList.java:1655)
	at java.base/java.util.stream.AbstractPipeline.copyInto(AbstractPipeline.java:484)
	at java.base/java.util.stream.AbstractPipeline.wrapAndCopyInto(AbstractPipeline.java:474)
	at java.base/java.util.stream.StreamSpliterators$WrappingSpliterator.forEachRemaining(StreamSpliterators.java:312)
	at java.base/java.util.stream.Streams$ConcatSpliterator.forEachRemaining(Streams.java:735)
	at java.base/java.util.stream.Streams$ConcatSpliterator.forEachRemaining(Streams.java:734)
	at java.base/java.util.stream.Streams$ConcatSpliterator.forEachRemaining(Streams.java:734)
	at java.base/java.util.stream.ReferencePipeline$Head.forEach(ReferencePipeline.java:658)
	at org.junit.jupiter.engine.descriptor.ClassBasedTestDescriptor.invokeTestInstancePostProcessors(ClassBasedTestDescriptor.java:362)
	at org.junit.jupiter.engine.descriptor.ClassBasedTestDescriptor.lambda$instantiateAndPostProcessTestInstance$6(ClassBasedTestDescriptor.java:283)
	at org.junit.platform.engine.support.hierarchical.ThrowableCollector.execute(ThrowableCollector.java:73)
	at org.junit.jupiter.engine.descriptor.ClassBasedTestDescriptor.instantiateAndPostProcessTestInstance(ClassBasedTestDescriptor.java:282)
	at org.junit.jupiter.engine.descriptor.ClassBasedTestDescriptor.lambda$testInstancesProvider$4(ClassBasedTestDescriptor.java:272)
	at java.base/java.util.Optional.orElseGet(Optional.java:369)
	at org.junit.jupiter.engine.descriptor.ClassBasedTestDescriptor.lambda$testInstancesProvider$5(ClassBasedTestDescriptor.java:271)
	at org.junit.jupiter.engine.execution.TestInstancesProvider.getTestInstances(TestInstancesProvider.java:31)
	at org.junit.jupiter.engine.descriptor.TestMethodTestDescriptor.lambda$prepare$0(TestMethodTestDescriptor.java:102)
	at org.junit.platform.engine.support.hierarchical.ThrowableCollector.execute(ThrowableCollector.java:73)
	at org.junit.jupiter.engine.descriptor.TestMethodTestDescriptor.prepare(TestMethodTestDescriptor.java:101)
	at org.junit.jupiter.engine.descriptor.TestMethodTestDescriptor.prepare(TestMethodTestDescriptor.java:66)
	at org.junit.platform.engine.support.hierarchical.NodeTestTask.lambda$prepare$2(NodeTestTask.java:123)
	at org.junit.platform.engine.support.hierarchical.ThrowableCollector.execute(ThrowableCollector.java:73)
	at org.junit.platform.engine.support.hierarchical.NodeTestTask.prepare(NodeTestTask.java:123)
	at org.junit.platform.engine.support.hierarchical.NodeTestTask.execute(NodeTestTask.java:90)
	at org.junit.platform.engine.support.hierarchical.SameThreadHierarchicalTestExecutorService.submit(SameThreadHierarchicalTestExecutorService.java:35)
	at org.junit.platform.engine.support.hierarchical.NodeTestTask$DefaultDynamicTestExecutor.execute(NodeTestTask.java:226)
	at org.junit.platform.engine.support.hierarchical.NodeTestTask$DefaultDynamicTestExecutor.execute(NodeTestTask.java:204)
	at org.junit.jupiter.engine.descriptor.TestTemplateTestDescriptor.execute(TestTemplateTestDescriptor.java:139)
	at org.junit.jupiter.engine.descriptor.TestTemplateTestDescriptor.lambda$execute$2(TestTemplateTestDescriptor.java:107)
	at java.base/java.util.stream.ForEachOps$ForEachOp$OfRef.accept(ForEachOps.java:183)
	at java.base/java.util.stream.ReferencePipeline$3$1.accept(ReferencePipeline.java:195)
	at java.base/java.util.stream.ReferencePipeline$2$1.accept(ReferencePipeline.java:177)
	at java.base/java.util.stream.ReferencePipeline$3$1.accept(ReferencePipeline.java:195)
	at java.base/java.util.stream.ForEachOps$ForEachOp$OfRef.accept(ForEachOps.java:183)
	at java.base/java.util.stream.ReferencePipeline$3$1.accept(ReferencePipeline.java:195)
	at java.base/java.util.stream.ReferencePipeline$3$1.accept(ReferencePipeline.java:195)
	at java.base/java.util.stream.ReferencePipeline$3$1.accept(ReferencePipeline.java:195)
	at java.base/java.util.stream.Streams$StreamBuilderImpl.forEachRemaining(Streams.java:411)
	at java.base/java.util.stream.ReferencePipeline$Head.forEach(ReferencePipeline.java:658)
	at java.base/java.util.stream.ReferencePipeline$7$1.accept(ReferencePipeline.java:274)
	at java.base/java.util.stream.ReferencePipeline$3$1.accept(ReferencePipeline.java:195)
	at java.base/java.util.stream.ReferencePipeline$3$1.accept(ReferencePipeline.java:195)
	at java.base/java.util.stream.ReferencePipeline$3$1.accept(ReferencePipeline.java:195)
	at java.base/java.util.ArrayList$ArrayListSpliterator.forEachRemaining(ArrayList.java:1655)
	at java.base/java.util.stream.AbstractPipeline.copyInto(AbstractPipeline.java:484)
	at java.base/java.util.stream.AbstractPipeline.wrapAndCopyInto(AbstractPipeline.java:474)
	at java.base/java.util.stream.ForEachOps$ForEachOp.evaluateSequential(ForEachOps.java:150)
	at java.base/java.util.stream.ForEachOps$ForEachOp$OfRef.evaluateSequential(ForEachOps.java:173)
	at java.base/java.util.stream.AbstractPipeline.evaluate(AbstractPipeline.java:234)
	at java.base/java.util.stream.ReferencePipeline.forEach(ReferencePipeline.java:497)
	at java.base/java.util.stream.ReferencePipeline$7$1.accept(ReferencePipeline.java:274)
	at java.base/java.util.ArrayList$ArrayListSpliterator.forEachRemaining(ArrayList.java:1655)
	at java.base/java.util.stream.AbstractPipeline.copyInto(AbstractPipeline.java:484)
	at java.base/java.util.stream.AbstractPipeline.wrapAndCopyInto(AbstractPipeline.java:474)
	at java.base/java.util.stream.ForEachOps$ForEachOp.evaluateSequential(ForEachOps.java:150)
	at java.base/java.util.stream.ForEachOps$ForEachOp$OfRef.evaluateSequential(ForEachOps.java:173)
	at java.base/java.util.stream.AbstractPipeline.evaluate(AbstractPipeline.java:234)
	at java.base/java.util.stream.ReferencePipeline.forEach(ReferencePipeline.java:497)
	at org.junit.jupiter.engine.descriptor.TestTemplateTestDescriptor.execute(TestTemplateTestDescriptor.java:107)
	at org.junit.jupiter.engine.descriptor.TestTemplateTestDescriptor.execute(TestTemplateTestDescriptor.java:42)
	at org.junit.platform.engine.support.hierarchical.NodeTestTask.lambda$executeRecursively$6(NodeTestTask.java:151)
	at org.junit.platform.engine.support.hierarchical.ThrowableCollector.execute(ThrowableCollector.java:73)
	at org.junit.platform.engine.support.hierarchical.NodeTestTask.lambda$executeRecursively$8(NodeTestTask.java:141)
	at org.junit.platform.engine.support.hierarchical.Node.around(Node.java:137)
	at org.junit.platform.engine.support.hierarchical.NodeTestTask.lambda$executeRecursively$9(NodeTestTask.java:139)
	at org.junit.platform.engine.support.hierarchical.ThrowableCollector.execute(ThrowableCollector.java:73)
	at org.junit.platform.engine.support.hierarchical.NodeTestTask.executeRecursively(NodeTestTask.java:138)
	at org.junit.platform.engine.support.hierarchical.NodeTestTask.execute(NodeTestTask.java:95)
	at java.base/java.util.ArrayList.forEach(ArrayList.java:1541)
	at org.junit.platform.engine.support.hierarchical.SameThreadHierarchicalTestExecutorService.invokeAll(SameThreadHierarchicalTestExecutorService.java:41)
	at org.junit.platform.engine.support.hierarchical.NodeTestTask.lambda$executeRecursively$6(NodeTestTask.java:155)
	at org.junit.platform.engine.support.hierarchical.ThrowableCollector.execute(ThrowableCollector.java:73)
	at org.junit.platform.engine.support.hierarchical.NodeTestTask.lambda$executeRecursively$8(NodeTestTask.java:141)
	at org.junit.platform.engine.support.hierarchical.Node.around(Node.java:137)
	at org.junit.platform.engine.support.hierarchical.NodeTestTask.lambda$executeRecursively$9(NodeTestTask.java:139)
	at org.junit.platform.engine.support.hierarchical.ThrowableCollector.execute(ThrowableCollector.java:73)
	at org.junit.platform.engine.support.hierarchical.NodeTestTask.executeRecursively(NodeTestTask.java:138)
	at org.junit.platform.engine.support.hierarchical.NodeTestTask.execute(NodeTestTask.java:95)
	at java.base/java.util.ArrayList.forEach(ArrayList.java:1541)
	at org.junit.platform.engine.support.hierarchical.SameThreadHierarchicalTestExecutorService.invokeAll(SameThreadHierarchicalTestExecutorService.java:41)
	at org.junit.platform.engine.support.hierarchical.NodeTestTask.lambda$executeRecursively$6(NodeTestTask.java:155)
	at org.junit.platform.engine.support.hierarchical.ThrowableCollector.execute(ThrowableCollector.java:73)
	at org.junit.platform.engine.support.hierarchical.NodeTestTask.lambda$executeRecursively$8(NodeTestTask.java:141)
	at org.junit.platform.engine.support.hierarchical.Node.around(Node.java:137)
	at org.junit.platform.engine.support.hierarchical.NodeTestTask.lambda$executeRecursively$9(NodeTestTask.java:139)
	at org.junit.platform.engine.support.hierarchical.ThrowableCollector.execute(ThrowableCollector.java:73)
	at org.junit.platform.engine.support.hierarchical.NodeTestTask.executeRecursively(NodeTestTask.java:138)
	at org.junit.platform.engine.support.hierarchical.NodeTestTask.execute(NodeTestTask.java:95)
	at org.junit.platform.engine.support.hierarchical.SameThreadHierarchicalTestExecutorService.submit(SameThreadHierarchicalTestExecutorService.java:35)
	at org.junit.platform.engine.support.hierarchical.HierarchicalTestExecutor.execute(HierarchicalTestExecutor.java:57)
	at org.junit.platform.engine.support.hierarchical.HierarchicalTestEngine.execute(HierarchicalTestEngine.java:54)
	at org.junit.platform.launcher.core.DefaultLauncher.execute(DefaultLauncher.java:220)
	at org.junit.platform.launcher.core.DefaultLauncher.lambda$execute$6(DefaultLauncher.java:188)
	at org.junit.platform.launcher.core.DefaultLauncher.withInterceptedStreams(DefaultLauncher.java:202)
	at org.junit.platform.launcher.core.DefaultLauncher.execute(DefaultLauncher.java:181)
	at org.junit.platform.launcher.core.DefaultLauncher.execute(DefaultLauncher.java:128)
	at org.apache.maven.surefire.junitplatform.JUnitPlatformProvider.invokeAllTests(JUnitPlatformProvider.java:150)
	at org.apache.maven.surefire.junitplatform.JUnitPlatformProvider.invoke(JUnitPlatformProvider.java:124)
	at org.apache.maven.surefire.booter.ForkedBooter.invokeProviderInSameClassLoader(ForkedBooter.java:384)
	at org.apache.maven.surefire.booter.ForkedBooter.runSuitesInProcess(ForkedBooter.java:345)
	at org.apache.maven.surefire.booter.ForkedBooter.execute(ForkedBooter.java:126)
	at org.apache.maven.surefire.booter.ForkedBooter.main(ForkedBooter.java:418)
Caused by: org.springframework.beans.factory.UnsatisfiedDependencyException: Error creating bean with name 'userdetailserviceimpl': Unsatisfied dependency expressed through field 'userRepository'; nested exception is org.springframework.beans.factory.BeanCreationException: Error creating bean with name 'userRepository' defined in net.engineeringdigest.journalApp.repository.UserRepository defined in @EnableMongoRepositories declared on MongoRepositoriesRegistrar.EnableMongoRepositoriesConfiguration: Cannot resolve reference to bean 'mongoTemplate' while setting bean property 'mongoOperations'; nested exception is org.springframework.beans.factory.BeanCreationException: Error creating bean with name 'mongoTemplate' defined in class path resource [org/springframework/boot/autoconfigure/data/mongo/MongoDatabaseFactoryDependentConfiguration.class]: Bean instantiation via factory method failed; nested exception is org.springframework.beans.BeanInstantiationException: Failed to instantiate [org.springframework.data.mongodb.core.MongoTemplate]: Factory method 'mongoTemplate' threw exception; nested exception is org.springframework.dao.DataAccessResourceFailureException: Timed out after 30000 ms while waiting for a server that matches com.mongodb.client.internal.MongoClientDelegate$1@ac417a2. Client view of cluster state is {type=REPLICA_SET, servers=[{address=ac-ggf694n-shard-00-00.1q4yqcd.mongodb.net:27017, type=UNKNOWN, state=CONNECTING, exception={com.mongodb.MongoSocketWriteException: Exception sending message}, caused by {javax.net.ssl.SSLException: Received fatal alert: internal_error}}, {address=ac-ggf694n-shard-00-02.1q4yqcd.mongodb.net:27017, type=UNKNOWN, state=CONNECTING, exception={com.mongodb.MongoSocketWriteException: Exception sending message}, caused by {javax.net.ssl.SSLException: Received fatal alert: internal_error}}, {address=ac-ggf694n-shard-00-01.1q4yqcd.mongodb.net:27017, type=UNKNOWN, state=CONNECTING, exception={com.mongodb.MongoSocketWriteException: Exception sending message}, caused by {javax.net.ssl.SSLException: Received fatal alert: internal_error}}]; nested exception is com.mongodb.MongoTimeoutException: Timed out after 30000 ms while waiting for a server that matches com.mongodb.client.internal.MongoClientDelegate$1@ac417a2. Client view of cluster state is {type=REPLICA_SET, servers=[{address=ac-ggf694n-shard-00-00.1q4yqcd.mongodb.net:27017, type=UNKNOWN, state=CONNECTING, exception={com.mongodb.MongoSocketWriteException: Exception sending message}, caused by {javax.net.ssl.SSLException: Received fatal alert: internal_error}}, {address=ac-ggf694n-shard-00-02.1q4yqcd.mongodb.net:27017, type=UNKNOWN, state=CONNECTING, exception={com.mongodb.MongoSocketWriteException: Exception sending message}, caused by {javax.net.ssl.SSLException: Received fatal alert: internal_error}}, {address=ac-ggf694n-shard-00-01.1q4yqcd.mongodb.net:27017, type=UNKNOWN, state=CONNECTING, exception={com.mongodb.MongoSocketWriteException: Exception sending message}, caused by {javax.net.ssl.SSLException: Received fatal alert: internal_error}}]
	at org.springframework.beans.factory.annotation.AutowiredAnnotationBeanPostProcessor$AutowiredFieldElement.resolveFieldValue(AutowiredAnnotationBeanPostProcessor.java:713)
	at org.springframework.beans.factory.annotation.AutowiredAnnotationBeanPostProcessor$AutowiredFieldElement.inject(AutowiredAnnotationBeanPostProcessor.java:693)
	at org.springframework.beans.factory.annotation.InjectionMetadata.inject(InjectionMetadata.java:119)
	at org.springframework.beans.factory.annotation.AutowiredAnnotationBeanPostProcessor.postProcessProperties(AutowiredAnnotationBeanPostProcessor.java:408)
	at org.springframework.beans.factory.support.AbstractAutowireCapableBeanFactory.populateBean(AbstractAutowireCapableBeanFactory.java:1431)
	at org.springframework.beans.factory.support.AbstractAutowireCapableBeanFactory.doCreateBean(AbstractAutowireCapableBeanFactory.java:619)
	at org.springframework.beans.factory.support.AbstractAutowireCapableBeanFactory.createBean(AbstractAutowireCapableBeanFactory.java:542)
	at org.springframework.beans.factory.support.AbstractBeanFactory.lambda$doGetBean$0(AbstractBeanFactory.java:335)
	at org.springframework.beans.factory.support.DefaultSingletonBeanRegistry.getSingleton(DefaultSingletonBeanRegistry.java:234)
	at org.springframework.beans.factory.support.AbstractBeanFactory.doGetBean(AbstractBeanFactory.java:333)
	at org.springframework.beans.factory.support.AbstractBeanFactory.getBean(AbstractBeanFactory.java:208)
	at org.springframework.beans.factory.config.DependencyDescriptor.resolveCandidate(DependencyDescriptor.java:276)
	at org.springframework.beans.factory.support.DefaultListableBeanFactory.doResolveDependency(DefaultListableBeanFactory.java:1391)
	at org.springframework.beans.factory.support.DefaultListableBeanFactory.resolveDependency(DefaultListableBeanFactory.java:1311)
	at org.springframework.beans.factory.annotation.AutowiredAnnotationBeanPostProcessor$AutowiredFieldElement.resolveFieldValue(AutowiredAnnotationBeanPostProcessor.java:710)
	... 131 common frames omitted
Caused by: org.springframework.beans.factory.BeanCreationException: Error creating bean with name 'userRepository' defined in net.engineeringdigest.journalApp.repository.UserRepository defined in @EnableMongoRepositories declared on MongoRepositoriesRegistrar.EnableMongoRepositoriesConfiguration: Cannot resolve reference to bean 'mongoTemplate' while setting bean property 'mongoOperations'; nested exception is org.springframework.beans.factory.BeanCreationException: Error creating bean with name 'mongoTemplate' defined in class path resource [org/springframework/boot/autoconfigure/data/mongo/MongoDatabaseFactoryDependentConfiguration.class]: Bean instantiation via factory method failed; nested exception is org.springframework.beans.BeanInstantiationException: Failed to instantiate [org.springframework.data.mongodb.core.MongoTemplate]: Factory method 'mongoTemplate' threw exception; nested exception is org.springframework.dao.DataAccessResourceFailureException: Timed out after 30000 ms while waiting for a server that matches com.mongodb.client.internal.MongoClientDelegate$1@ac417a2. Client view of cluster state is {type=REPLICA_SET, servers=[{address=ac-ggf694n-shard-00-00.1q4yqcd.mongodb.net:27017, type=UNKNOWN, state=CONNECTING, exception={com.mongodb.MongoSocketWriteException: Exception sending message}, caused by {javax.net.ssl.SSLException: Received fatal alert: internal_error}}, {address=ac-ggf694n-shard-00-02.1q4yqcd.mongodb.net:27017, type=UNKNOWN, state=CONNECTING, exception={com.mongodb.MongoSocketWriteException: Exception sending message}, caused by {javax.net.ssl.SSLException: Received fatal alert: internal_error}}, {address=ac-ggf694n-shard-00-01.1q4yqcd.mongodb.net:27017, type=UNKNOWN, state=CONNECTING, exception={com.mongodb.MongoSocketWriteException: Exception sending message}, caused by {javax.net.ssl.SSLException: Received fatal alert: internal_error}}]; nested exception is com.mongodb.MongoTimeoutException: Timed out after 30000 ms while waiting for a server that matches com.mongodb.client.internal.MongoClientDelegate$1@ac417a2. Client view of cluster state is {type=REPLICA_SET, servers=[{address=ac-ggf694n-shard-00-00.1q4yqcd.mongodb.net:27017, type=UNKNOWN, state=CONNECTING, exception={com.mongodb.MongoSocketWriteException: Exception sending message}, caused by {javax.net.ssl.SSLException: Received fatal alert: internal_error}}, {address=ac-ggf694n-shard-00-02.1q4yqcd.mongodb.net:27017, type=UNKNOWN, state=CONNECTING, exception={com.mongodb.MongoSocketWriteException: Exception sending message}, caused by {javax.net.ssl.SSLException: Received fatal alert: internal_error}}, {address=ac-ggf694n-shard-00-01.1q4yqcd.mongodb.net:27017, type=UNKNOWN, state=CONNECTING, exception={com.mongodb.MongoSocketWriteException: Exception sending message}, caused by {javax.net.ssl.SSLException: Received fatal alert: internal_error}}]
	at org.springframework.beans.factory.support.BeanDefinitionValueResolver.resolveReference(BeanDefinitionValueResolver.java:342)
	at org.springframework.beans.factory.support.BeanDefinitionValueResolver.resolveValueIfNecessary(BeanDefinitionValueResolver.java:113)
	at org.springframework.beans.factory.support.AbstractAutowireCapableBeanFactory.applyPropertyValues(AbstractAutowireCapableBeanFactory.java:1707)
	at org.springframework.beans.factory.support.AbstractAutowireCapableBeanFactory.populateBean(AbstractAutowireCapableBeanFactory.java:1452)
	at org.springframework.beans.factory.support.AbstractAutowireCapableBeanFactory.doCreateBean(AbstractAutowireCapableBeanFactory.java:619)
	at org.springframework.beans.factory.support.AbstractAutowireCapableBeanFactory.createBean(AbstractAutowireCapableBeanFactory.java:542)
	at org.springframework.beans.factory.support.AbstractBeanFactory.lambda$doGetBean$0(AbstractBeanFactory.java:335)
	at org.springframework.beans.factory.support.DefaultSingletonBeanRegistry.getSingleton(DefaultSingletonBeanRegistry.java:234)
	at org.springframework.beans.factory.support.AbstractBeanFactory.doGetBean(AbstractBeanFactory.java:333)
	at org.springframework.beans.factory.support.AbstractBeanFactory.getBean(AbstractBeanFactory.java:208)
	at org.springframework.beans.factory.config.DependencyDescriptor.resolveCandidate(DependencyDescriptor.java:276)
	at org.springframework.beans.factory.support.DefaultListableBeanFactory.doResolveDependency(DefaultListableBeanFactory.java:1391)
	at org.springframework.beans.factory.support.DefaultListableBeanFactory.resolveDependency(DefaultListableBeanFactory.java:1311)
	at org.springframework.beans.factory.annotation.AutowiredAnnotationBeanPostProcessor$AutowiredFieldElement.resolveFieldValue(AutowiredAnnotationBeanPostProcessor.java:710)
	... 145 common frames omitted
Caused by: org.springframework.beans.factory.BeanCreationException: Error creating bean with name 'mongoTemplate' defined in class path resource [org/springframework/boot/autoconfigure/data/mongo/MongoDatabaseFactoryDependentConfiguration.class]: Bean instantiation via factory method failed; nested exception is org.springframework.beans.BeanInstantiationException: Failed to instantiate [org.springframework.data.mongodb.core.MongoTemplate]: Factory method 'mongoTemplate' threw exception; nested exception is org.springframework.dao.DataAccessResourceFailureException: Timed out after 30000 ms while waiting for a server that matches com.mongodb.client.internal.MongoClientDelegate$1@ac417a2. Client view of cluster state is {type=REPLICA_SET, servers=[{address=ac-ggf694n-shard-00-00.1q4yqcd.mongodb.net:27017, type=UNKNOWN, state=CONNECTING, exception={com.mongodb.MongoSocketWriteException: Exception sending message}, caused by {javax.net.ssl.SSLException: Received fatal alert: internal_error}}, {address=ac-ggf694n-shard-00-02.1q4yqcd.mongodb.net:27017, type=UNKNOWN, state=CONNECTING, exception={com.mongodb.MongoSocketWriteException: Exception sending message}, caused by {javax.net.ssl.SSLException: Received fatal alert: internal_error}}, {address=ac-ggf694n-shard-00-01.1q4yqcd.mongodb.net:27017, type=UNKNOWN, state=CONNECTING, exception={com.mongodb.MongoSocketWriteException: Exception sending message}, caused by {javax.net.ssl.SSLException: Received fatal alert: internal_error}}]; nested exception is com.mongodb.MongoTimeoutException: Timed out after 30000 ms while waiting for a server that matches com.mongodb.client.internal.MongoClientDelegate$1@ac417a2. Client view of cluster state is {type=REPLICA_SET, servers=[{address=ac-ggf694n-shard-00-00.1q4yqcd.mongodb.net:27017, type=UNKNOWN, state=CONNECTING, exception={com.mongodb.MongoSocketWriteException: Exception sending message}, caused by {javax.net.ssl.SSLException: Received fatal alert: internal_error}}, {address=ac-ggf694n-shard-00-02.1q4yqcd.mongodb.net:27017, type=UNKNOWN, state=CONNECTING, exception={com.mongodb.MongoSocketWriteException: Exception sending message}, caused by {javax.net.ssl.SSLException: Received fatal alert: internal_error}}, {address=ac-ggf694n-shard-00-01.1q4yqcd.mongodb.net:27017, type=UNKNOWN, state=CONNECTING, exception={com.mongodb.MongoSocketWriteException: Exception sending message}, caused by {javax.net.ssl.SSLException: Received fatal alert: internal_error}}]
	at org.springframework.beans.factory.support.ConstructorResolver.instantiate(ConstructorResolver.java:653)
	at org.springframework.beans.factory.support.ConstructorResolver.instantiateUsingFactoryMethod(ConstructorResolver.java:633)
	at org.springframework.beans.factory.support.AbstractAutowireCapableBeanFactory.instantiateUsingFactoryMethod(AbstractAutowireCapableBeanFactory.java:1352)
	at org.springframework.beans.factory.support.AbstractAutowireCapableBeanFactory.createBeanInstance(AbstractAutowireCapableBeanFactory.java:1195)
	at org.springframework.beans.factory.support.AbstractAutowireCapableBeanFactory.doCreateBean(AbstractAutowireCapableBeanFactory.java:582)
	at org.springframework.beans.factory.support.AbstractAutowireCapableBeanFactory.createBean(AbstractAutowireCapableBeanFactory.java:542)
	at org.springframework.beans.factory.support.AbstractBeanFactory.lambda$doGetBean$0(AbstractBeanFactory.java:335)
	at org.springframework.beans.factory.support.DefaultSingletonBeanRegistry.getSingleton(DefaultSingletonBeanRegistry.java:234)
	at org.springframework.beans.factory.support.AbstractBeanFactory.doGetBean(AbstractBeanFactory.java:333)
	at org.springframework.beans.factory.support.AbstractBeanFactory.getBean(AbstractBeanFactory.java:208)
	at org.springframework.beans.factory.support.BeanDefinitionValueResolver.resolveReference(BeanDefinitionValueResolver.java:330)
	... 158 common frames omitted
Caused by: org.springframework.beans.BeanInstantiationException: Failed to instantiate [org.springframework.data.mongodb.core.MongoTemplate]: Factory method 'mongoTemplate' threw exception; nested exception is org.springframework.dao.DataAccessResourceFailureException: Timed out after 30000 ms while waiting for a server that matches com.mongodb.client.internal.MongoClientDelegate$1@ac417a2. Client view of cluster state is {type=REPLICA_SET, servers=[{address=ac-ggf694n-shard-00-00.1q4yqcd.mongodb.net:27017, type=UNKNOWN, state=CONNECTING, exception={com.mongodb.MongoSocketWriteException: Exception sending message}, caused by {javax.net.ssl.SSLException: Received fatal alert: internal_error}}, {address=ac-ggf694n-shard-00-02.1q4yqcd.mongodb.net:27017, type=UNKNOWN, state=CONNECTING, exception={com.mongodb.MongoSocketWriteException: Exception sending message}, caused by {javax.net.ssl.SSLException: Received fatal alert: internal_error}}, {address=ac-ggf694n-shard-00-01.1q4yqcd.mongodb.net:27017, type=UNKNOWN, state=CONNECTING, exception={com.mongodb.MongoSocketWriteException: Exception sending message}, caused by {javax.net.ssl.SSLException: Received fatal alert: internal_error}}]; nested exception is com.mongodb.MongoTimeoutException: Timed out after 30000 ms while waiting for a server that matches com.mongodb.client.internal.MongoClientDelegate$1@ac417a2. Client view of cluster state is {type=REPLICA_SET, servers=[{address=ac-ggf694n-shard-00-00.1q4yqcd.mongodb.net:27017, type=UNKNOWN, state=CONNECTING, exception={com.mongodb.MongoSocketWriteException: Exception sending message}, caused by {javax.net.ssl.SSLException: Received fatal alert: internal_error}}, {address=ac-ggf694n-shard-00-02.1q4yqcd.mongodb.net:27017, type=UNKNOWN, state=CONNECTING, exception={com.mongodb.MongoSocketWriteException: Exception sending message}, caused by {javax.net.ssl.SSLException: Received fatal alert: internal_error}}, {address=ac-ggf694n-shard-00-01.1q4yqcd.mongodb.net:27017, type=UNKNOWN, state=CONNECTING, exception={com.mongodb.MongoSocketWriteException: Exception sending message}, caused by {javax.net.ssl.SSLException: Received fatal alert: internal_error}}]
	at org.springframework.beans.factory.support.SimpleInstantiationStrategy.instantiate(SimpleInstantiationStrategy.java:185)
	at org.springframework.beans.factory.support.ConstructorResolver.instantiate(ConstructorResolver.java:648)
	... 168 common frames omitted
Caused by: org.springframework.dao.DataAccessResourceFailureException: Timed out after 30000 ms while waiting for a server that matches com.mongodb.client.internal.MongoClientDelegate$1@ac417a2. Client view of cluster state is {type=REPLICA_SET, servers=[{address=ac-ggf694n-shard-00-00.1q4yqcd.mongodb.net:27017, type=UNKNOWN, state=CONNECTING, exception={com.mongodb.MongoSocketWriteException: Exception sending message}, caused by {javax.net.ssl.SSLException: Received fatal alert: internal_error}}, {address=ac-ggf694n-shard-00-02.1q4yqcd.mongodb.net:27017, type=UNKNOWN, state=CONNECTING, exception={com.mongodb.MongoSocketWriteException: Exception sending message}, caused by {javax.net.ssl.SSLException: Received fatal alert: internal_error}}, {address=ac-ggf694n-shard-00-01.1q4yqcd.mongodb.net:27017, type=UNKNOWN, state=CONNECTING, exception={com.mongodb.MongoSocketWriteException: Exception sending message}, caused by {javax.net.ssl.SSLException: Received fatal alert: internal_error}}]; nested exception is com.mongodb.MongoTimeoutException: Timed out after 30000 ms while waiting for a server that matches com.mongodb.client.internal.MongoClientDelegate$1@ac417a2. Client view of cluster state is {type=REPLICA_SET, servers=[{address=ac-ggf694n-shard-00-00.1q4yqcd.mongodb.net:27017, type=UNKNOWN, state=CONNECTING, exception={com.mongodb.MongoSocketWriteException: Exception sending message}, caused by {javax.net.ssl.SSLException: Received fatal alert: internal_error}}, {address=ac-ggf694n-shard-00-02.1q4yqcd.mongodb.net:27017, type=UNKNOWN, state=CONNECTING, exception={com.mongodb.MongoSocketWriteException: Exception sending message}, caused by {javax.net.ssl.SSLException: Received fatal alert: internal_error}}, {address=ac-ggf694n-shard-00-01.1q4yqcd.mongodb.net:27017, type=UNKNOWN, state=CONNECTING, exception={com.mongodb.MongoSocketWriteException: Exception sending message}, caused by {javax.net.ssl.SSLException: Received fatal alert: internal_error}}]
	at org.springframework.data.mongodb.core.MongoExceptionTranslator.translateExceptionIfPossible(MongoExceptionTranslator.java:95)
	at org.springframework.data.mongodb.core.MongoTemplate.potentiallyConvertRuntimeException(MongoTemplate.java:3029)
	at org.springframework.data.mongodb.core.MongoTemplate.execute(MongoTemplate.java:581)
	at org.springframework.data.mongodb.core.DefaultIndexOperations.execute(DefaultIndexOperations.java:215)
	at org.springframework.data.mongodb.core.DefaultIndexOperations.ensureIndex(DefaultIndexOperations.java:121)
	at org.springframework.data.mongodb.core.index.MongoPersistentEntityIndexCreator.createIndex(MongoPersistentEntityIndexCreator.java:157)
	at org.springframework.data.mongodb.core.index.MongoPersistentEntityIndexCreator.checkForAndCreateIndexes(MongoPersistentEntityIndexCreator.java:147)
	at org.springframework.data.mongodb.core.index.MongoPersistentEntityIndexCreator.checkForIndexes(MongoPersistentEntityIndexCreator.java:131)
	at org.springframework.data.mongodb.core.index.MongoPersistentEntityIndexCreator.<init>(MongoPersistentEntityIndexCreator.java:96)
	at org.springframework.data.mongodb.core.index.MongoPersistentEntityIndexCreator.<init>(MongoPersistentEntityIndexCreator.java:73)
	at org.springframework.data.mongodb.core.MongoTemplate.<init>(MongoTemplate.java:224)
	at org.springframework.boot.autoconfigure.data.mongo.MongoDatabaseFactoryDependentConfiguration.mongoTemplate(MongoDatabaseFactoryDependentConfiguration.java:63)
	at java.base/jdk.internal.reflect.NativeMethodAccessorImpl.invoke0(Native Method)
	at java.base/jdk.internal.reflect.NativeMethodAccessorImpl.invoke(NativeMethodAccessorImpl.java:62)
	at java.base/jdk.internal.reflect.DelegatingMethodAccessorImpl.invoke(DelegatingMethodAccessorImpl.java:43)
	at java.base/java.lang.reflect.Method.invoke(Method.java:566)
	at org.springframework.beans.factory.support.SimpleInstantiationStrategy.instantiate(SimpleInstantiationStrategy.java:154)
	... 169 common frames omitted
Caused by: com.mongodb.MongoTimeoutException: Timed out after 30000 ms while waiting for a server that matches com.mongodb.client.internal.MongoClientDelegate$1@ac417a2. Client view of cluster state is {type=REPLICA_SET, servers=[{address=ac-ggf694n-shard-00-00.1q4yqcd.mongodb.net:27017, type=UNKNOWN, state=CONNECTING, exception={com.mongodb.MongoSocketWriteException: Exception sending message}, caused by {javax.net.ssl.SSLException: Received fatal alert: internal_error}}, {address=ac-ggf694n-shard-00-02.1q4yqcd.mongodb.net:27017, type=UNKNOWN, state=CONNECTING, exception={com.mongodb.MongoSocketWriteException: Exception sending message}, caused by {javax.net.ssl.SSLException: Received fatal alert: internal_error}}, {address=ac-ggf694n-shard-00-01.1q4yqcd.mongodb.net:27017, type=UNKNOWN, state=CONNECTING, exception={com.mongodb.MongoSocketWriteException: Exception sending message}, caused by {javax.net.ssl.SSLException: Received fatal alert: internal_error}}]
	at com.mongodb.internal.connection.BaseCluster.createTimeoutException(BaseCluster.java:424)
	at com.mongodb.internal.connection.BaseCluster.selectServer(BaseCluster.java:121)
	at com.mongodb.internal.connection.AbstractMultiServerCluster.selectServer(AbstractMultiServerCluster.java:50)
	at com.mongodb.client.internal.MongoClientDelegate.getConnectedClusterDescription(MongoClientDelegate.java:146)
	at com.mongodb.client.internal.MongoClientDelegate.createClientSession(MongoClientDelegate.java:101)
	at com.mongodb.client.internal.MongoClientDelegate$DelegateOperationExecutor.getClientSession(MongoClientDelegate.java:291)
	at com.mongodb.client.internal.MongoClientDelegate$DelegateOperationExecutor.execute(MongoClientDelegate.java:207)
	at com.mongodb.client.internal.MongoCollectionImpl.executeCreateIndexes(MongoCollectionImpl.java:848)
	at com.mongodb.client.internal.MongoCollectionImpl.createIndexes(MongoCollectionImpl.java:831)
	at com.mongodb.client.internal.MongoCollectionImpl.createIndexes(MongoCollectionImpl.java:826)
	at com.mongodb.client.internal.MongoCollectionImpl.createIndex(MongoCollectionImpl.java:811)
	at org.springframework.data.mongodb.core.DefaultIndexOperations.lambda$ensureIndex$0(DefaultIndexOperations.java:131)
	at org.springframework.data.mongodb.core.MongoTemplate.execute(MongoTemplate.java:579)
	... 183 common frames omitted
26-05-15 16:12:56.154 [main] ERROR o.s.test.context.TestContextManager - Caught exception while allowing TestExecutionListener [org.springframework.test.context.web.ServletTestExecutionListener@58f7215c] to prepare test instance [net.engineeringdigest.journalApp.service.UserServiceTests@246de37e]
java.lang.IllegalStateException: Failed to load ApplicationContext
	at org.springframework.test.context.cache.DefaultCacheAwareContextLoaderDelegate.loadContext(DefaultCacheAwareContextLoaderDelegate.java:98)
	at org.springframework.test.context.support.DefaultTestContext.getApplicationContext(DefaultTestContext.java:124)
	at org.springframework.test.context.web.ServletTestExecutionListener.setUpRequestContextIfNecessary(ServletTestExecutionListener.java:190)
	at org.springframework.test.context.web.ServletTestExecutionListener.prepareTestInstance(ServletTestExecutionListener.java:132)
	at org.springframework.test.context.TestContextManager.prepareTestInstance(TestContextManager.java:248)
	at org.springframework.test.context.junit.jupiter.SpringExtension.postProcessTestInstance(SpringExtension.java:138)
	at org.junit.jupiter.engine.descriptor.ClassBasedTestDescriptor.lambda$invokeTestInstancePostProcessors$8(ClassBasedTestDescriptor.java:363)
	at org.junit.jupiter.engine.descriptor.ClassBasedTestDescriptor.executeAndMaskThrowable(ClassBasedTestDescriptor.java:368)
	at org.junit.jupiter.engine.descriptor.ClassBasedTestDescriptor.lambda$invokeTestInstancePostProcessors$9(ClassBasedTestDescriptor.java:363)
	at java.base/java.util.stream.ReferencePipeline$3$1.accept(ReferencePipeline.java:195)
	at java.base/java.util.stream.ReferencePipeline$2$1.accept(ReferencePipeline.java:177)
	at java.base/java.util.ArrayList$ArrayListSpliterator.forEachRemaining(ArrayList.java:1655)
	at java.base/java.util.stream.AbstractPipeline.copyInto(AbstractPipeline.java:484)
	at java.base/java.util.stream.AbstractPipeline.wrapAndCopyInto(AbstractPipeline.java:474)
	at java.base/java.util.stream.StreamSpliterators$WrappingSpliterator.forEachRemaining(StreamSpliterators.java:312)
	at java.base/java.util.stream.Streams$ConcatSpliterator.forEachRemaining(Streams.java:735)
	at java.base/java.util.stream.Streams$ConcatSpliterator.forEachRemaining(Streams.java:734)
	at java.base/java.util.stream.Streams$ConcatSpliterator.forEachRemaining(Streams.java:734)
	at java.base/java.util.stream.ReferencePipeline$Head.forEach(ReferencePipeline.java:658)
	at org.junit.jupiter.engine.descriptor.ClassBasedTestDescriptor.invokeTestInstancePostProcessors(ClassBasedTestDescriptor.java:362)
	at org.junit.jupiter.engine.descriptor.ClassBasedTestDescriptor.lambda$instantiateAndPostProcessTestInstance$6(ClassBasedTestDescriptor.java:283)
	at org.junit.platform.engine.support.hierarchical.ThrowableCollector.execute(ThrowableCollector.java:73)
	at org.junit.jupiter.engine.descriptor.ClassBasedTestDescriptor.instantiateAndPostProcessTestInstance(ClassBasedTestDescriptor.java:282)
	at org.junit.jupiter.engine.descriptor.ClassBasedTestDescriptor.lambda$testInstancesProvider$4(ClassBasedTestDescriptor.java:272)
	at java.base/java.util.Optional.orElseGet(Optional.java:369)
	at org.junit.jupiter.engine.descriptor.ClassBasedTestDescriptor.lambda$testInstancesProvider$5(ClassBasedTestDescriptor.java:271)
	at org.junit.jupiter.engine.execution.TestInstancesProvider.getTestInstances(TestInstancesProvider.java:31)
	at org.junit.jupiter.engine.descriptor.TestMethodTestDescriptor.lambda$prepare$0(TestMethodTestDescriptor.java:102)
	at org.junit.platform.engine.support.hierarchical.ThrowableCollector.execute(ThrowableCollector.java:73)
	at org.junit.jupiter.engine.descriptor.TestMethodTestDescriptor.prepare(TestMethodTestDescriptor.java:101)
	at org.junit.jupiter.engine.descriptor.TestMethodTestDescriptor.prepare(TestMethodTestDescriptor.java:66)
	at org.junit.platform.engine.support.hierarchical.NodeTestTask.lambda$prepare$2(NodeTestTask.java:123)
	at org.junit.platform.engine.support.hierarchical.ThrowableCollector.execute(ThrowableCollector.java:73)
	at org.junit.platform.engine.support.hierarchical.NodeTestTask.prepare(NodeTestTask.java:123)
	at org.junit.platform.engine.support.hierarchical.NodeTestTask.execute(NodeTestTask.java:90)
	at org.junit.platform.engine.support.hierarchical.SameThreadHierarchicalTestExecutorService.submit(SameThreadHierarchicalTestExecutorService.java:35)
	at org.junit.platform.engine.support.hierarchical.NodeTestTask$DefaultDynamicTestExecutor.execute(NodeTestTask.java:226)
	at org.junit.platform.engine.support.hierarchical.NodeTestTask$DefaultDynamicTestExecutor.execute(NodeTestTask.java:204)
	at org.junit.jupiter.engine.descriptor.TestTemplateTestDescriptor.execute(TestTemplateTestDescriptor.java:139)
	at org.junit.jupiter.engine.descriptor.TestTemplateTestDescriptor.lambda$execute$2(TestTemplateTestDescriptor.java:107)
	at java.base/java.util.stream.ForEachOps$ForEachOp$OfRef.accept(ForEachOps.java:183)
	at java.base/java.util.stream.ReferencePipeline$3$1.accept(ReferencePipeline.java:195)
	at java.base/java.util.stream.ReferencePipeline$2$1.accept(ReferencePipeline.java:177)
	at java.base/java.util.stream.ReferencePipeline$3$1.accept(ReferencePipeline.java:195)
	at java.base/java.util.stream.ForEachOps$ForEachOp$OfRef.accept(ForEachOps.java:183)
	at java.base/java.util.stream.ReferencePipeline$3$1.accept(ReferencePipeline.java:195)
	at java.base/java.util.stream.ReferencePipeline$3$1.accept(ReferencePipeline.java:195)
	at java.base/java.util.stream.ReferencePipeline$3$1.accept(ReferencePipeline.java:195)
	at java.base/java.util.stream.Streams$StreamBuilderImpl.forEachRemaining(Streams.java:411)
	at java.base/java.util.stream.ReferencePipeline$Head.forEach(ReferencePipeline.java:658)
	at java.base/java.util.stream.ReferencePipeline$7$1.accept(ReferencePipeline.java:274)
	at java.base/java.util.stream.ReferencePipeline$3$1.accept(ReferencePipeline.java:195)
	at java.base/java.util.stream.ReferencePipeline$3$1.accept(ReferencePipeline.java:195)
	at java.base/java.util.stream.ReferencePipeline$3$1.accept(ReferencePipeline.java:195)
	at java.base/java.util.ArrayList$ArrayListSpliterator.forEachRemaining(ArrayList.java:1655)
	at java.base/java.util.stream.AbstractPipeline.copyInto(AbstractPipeline.java:484)
	at java.base/java.util.stream.AbstractPipeline.wrapAndCopyInto(AbstractPipeline.java:474)
	at java.base/java.util.stream.ForEachOps$ForEachOp.evaluateSequential(ForEachOps.java:150)
	at java.base/java.util.stream.ForEachOps$ForEachOp$OfRef.evaluateSequential(ForEachOps.java:173)
	at java.base/java.util.stream.AbstractPipeline.evaluate(AbstractPipeline.java:234)
	at java.base/java.util.stream.ReferencePipeline.forEach(ReferencePipeline.java:497)
	at java.base/java.util.stream.ReferencePipeline$7$1.accept(ReferencePipeline.java:274)
	at java.base/java.util.ArrayList$ArrayListSpliterator.forEachRemaining(ArrayList.java:1655)
	at java.base/java.util.stream.AbstractPipeline.copyInto(AbstractPipeline.java:484)
	at java.base/java.util.stream.AbstractPipeline.wrapAndCopyInto(AbstractPipeline.java:474)
	at java.base/java.util.stream.ForEachOps$ForEachOp.evaluateSequential(ForEachOps.java:150)
	at java.base/java.util.stream.ForEachOps$ForEachOp$OfRef.evaluateSequential(ForEachOps.java:173)
	at java.base/java.util.stream.AbstractPipeline.evaluate(AbstractPipeline.java:234)
	at java.base/java.util.stream.ReferencePipeline.forEach(ReferencePipeline.java:497)
	at org.junit.jupiter.engine.descriptor.TestTemplateTestDescriptor.execute(TestTemplateTestDescriptor.java:107)
	at org.junit.jupiter.engine.descriptor.TestTemplateTestDescriptor.execute(TestTemplateTestDescriptor.java:42)
	at org.junit.platform.engine.support.hierarchical.NodeTestTask.lambda$executeRecursively$6(NodeTestTask.java:151)
	at org.junit.platform.engine.support.hierarchical.ThrowableCollector.execute(ThrowableCollector.java:73)
	at org.junit.platform.engine.support.hierarchical.NodeTestTask.lambda$executeRecursively$8(NodeTestTask.java:141)
	at org.junit.platform.engine.support.hierarchical.Node.around(Node.java:137)
	at org.junit.platform.engine.support.hierarchical.NodeTestTask.lambda$executeRecursively$9(NodeTestTask.java:139)
	at org.junit.platform.engine.support.hierarchical.ThrowableCollector.execute(ThrowableCollector.java:73)
	at org.junit.platform.engine.support.hierarchical.NodeTestTask.executeRecursively(NodeTestTask.java:138)
	at org.junit.platform.engine.support.hierarchical.NodeTestTask.execute(NodeTestTask.java:95)
	at java.base/java.util.ArrayList.forEach(ArrayList.java:1541)
	at org.junit.platform.engine.support.hierarchical.SameThreadHierarchicalTestExecutorService.invokeAll(SameThreadHierarchicalTestExecutorService.java:41)
	at org.junit.platform.engine.support.hierarchical.NodeTestTask.lambda$executeRecursively$6(NodeTestTask.java:155)
	at org.junit.platform.engine.support.hierarchical.ThrowableCollector.execute(ThrowableCollector.java:73)
	at org.junit.platform.engine.support.hierarchical.NodeTestTask.lambda$executeRecursively$8(NodeTestTask.java:141)
	at org.junit.platform.engine.support.hierarchical.Node.around(Node.java:137)
	at org.junit.platform.engine.support.hierarchical.NodeTestTask.lambda$executeRecursively$9(NodeTestTask.java:139)
	at org.junit.platform.engine.support.hierarchical.ThrowableCollector.execute(ThrowableCollector.java:73)
	at org.junit.platform.engine.support.hierarchical.NodeTestTask.executeRecursively(NodeTestTask.java:138)
	at org.junit.platform.engine.support.hierarchical.NodeTestTask.execute(NodeTestTask.java:95)
	at java.base/java.util.ArrayList.forEach(ArrayList.java:1541)
	at org.junit.platform.engine.support.hierarchical.SameThreadHierarchicalTestExecutorService.invokeAll(SameThreadHierarchicalTestExecutorService.java:41)
	at org.junit.platform.engine.support.hierarchical.NodeTestTask.lambda$executeRecursively$6(NodeTestTask.java:155)
	at org.junit.platform.engine.support.hierarchical.ThrowableCollector.execute(ThrowableCollector.java:73)
	at org.junit.platform.engine.support.hierarchical.NodeTestTask.lambda$executeRecursively$8(NodeTestTask.java:141)
	at org.junit.platform.engine.support.hierarchical.Node.around(Node.java:137)
	at org.junit.platform.engine.support.hierarchical.NodeTestTask.lambda$executeRecursively$9(NodeTestTask.java:139)
	at org.junit.platform.engine.support.hierarchical.ThrowableCollector.execute(ThrowableCollector.java:73)
	at org.junit.platform.engine.support.hierarchical.NodeTestTask.executeRecursively(NodeTestTask.java:138)
	at org.junit.platform.engine.support.hierarchical.NodeTestTask.execute(NodeTestTask.java:95)
	at org.junit.platform.engine.support.hierarchical.SameThreadHierarchicalTestExecutorService.submit(SameThreadHierarchicalTestExecutorService.java:35)
	at org.junit.platform.engine.support.hierarchical.HierarchicalTestExecutor.execute(HierarchicalTestExecutor.java:57)
	at org.junit.platform.engine.support.hierarchical.HierarchicalTestEngine.execute(HierarchicalTestEngine.java:54)
	at org.junit.platform.launcher.core.DefaultLauncher.execute(DefaultLauncher.java:220)
	at org.junit.platform.launcher.core.DefaultLauncher.lambda$execute$6(DefaultLauncher.java:188)
	at org.junit.platform.launcher.core.DefaultLauncher.withInterceptedStreams(DefaultLauncher.java:202)
	at org.junit.platform.launcher.core.DefaultLauncher.execute(DefaultLauncher.java:181)
	at org.junit.platform.launcher.core.DefaultLauncher.execute(DefaultLauncher.java:128)
	at org.apache.maven.surefire.junitplatform.JUnitPlatformProvider.invokeAllTests(JUnitPlatformProvider.java:150)
	at org.apache.maven.surefire.junitplatform.JUnitPlatformProvider.invoke(JUnitPlatformProvider.java:124)
	at org.apache.maven.surefire.booter.ForkedBooter.invokeProviderInSameClassLoader(ForkedBooter.java:384)
	at org.apache.maven.surefire.booter.ForkedBooter.runSuitesInProcess(ForkedBooter.java:345)
	at org.apache.maven.surefire.booter.ForkedBooter.execute(ForkedBooter.java:126)
	at org.apache.maven.surefire.booter.ForkedBooter.main(ForkedBooter.java:418)
Caused by: org.springframework.beans.factory.UnsatisfiedDependencyException: Error creating bean with name 'springSecurity': Unsatisfied dependency expressed through field 'userservice'; nested exception is org.springframework.beans.factory.UnsatisfiedDependencyException: Error creating bean with name 'userdetailserviceimpl': Unsatisfied dependency expressed through field 'userRepository'; nested exception is org.springframework.beans.factory.BeanCreationException: Error creating bean with name 'userRepository' defined in net.engineeringdigest.journalApp.repository.UserRepository defined in @EnableMongoRepositories declared on MongoRepositoriesRegistrar.EnableMongoRepositoriesConfiguration: Cannot resolve reference to bean 'mongoTemplate' while setting bean property 'mongoOperations'; nested exception is org.springframework.beans.factory.BeanCreationException: Error creating bean with name 'mongoTemplate' defined in class path resource [org/springframework/boot/autoconfigure/data/mongo/MongoDatabaseFactoryDependentConfiguration.class]: Bean instantiation via factory method failed; nested exception is org.springframework.beans.BeanInstantiationException: Failed to instantiate [org.springframework.data.mongodb.core.MongoTemplate]: Factory method 'mongoTemplate' threw exception; nested exception is org.springframework.dao.DataAccessResourceFailureException: Timed out after 30000 ms while waiting for a server that matches com.mongodb.client.internal.MongoClientDelegate$1@ac417a2. Client view of cluster state is {type=REPLICA_SET, servers=[{address=ac-ggf694n-shard-00-00.1q4yqcd.mongodb.net:27017, type=UNKNOWN, state=CONNECTING, exception={com.mongodb.MongoSocketWriteException: Exception sending message}, caused by {javax.net.ssl.SSLException: Received fatal alert: internal_error}}, {address=ac-ggf694n-shard-00-02.1q4yqcd.mongodb.net:27017, type=UNKNOWN, state=CONNECTING, exception={com.mongodb.MongoSocketWriteException: Exception sending message}, caused by {javax.net.ssl.SSLException: Received fatal alert: internal_error}}, {address=ac-ggf694n-shard-00-01.1q4yqcd.mongodb.net:27017, type=UNKNOWN, state=CONNECTING, exception={com.mongodb.MongoSocketWriteException: Exception sending message}, caused by {javax.net.ssl.SSLException: Received fatal alert: internal_error}}]; nested exception is com.mongodb.MongoTimeoutException: Timed out after 30000 ms while waiting for a server that matches com.mongodb.client.internal.MongoClientDelegate$1@ac417a2. Client view of cluster state is {type=REPLICA_SET, servers=[{address=ac-ggf694n-shard-00-00.1q4yqcd.mongodb.net:27017, type=UNKNOWN, state=CONNECTING, exception={com.mongodb.MongoSocketWriteException: Exception sending message}, caused by {javax.net.ssl.SSLException: Received fatal alert: internal_error}}, {address=ac-ggf694n-shard-00-02.1q4yqcd.mongodb.net:27017, type=UNKNOWN, state=CONNECTING, exception={com.mongodb.MongoSocketWriteException: Exception sending message}, caused by {javax.net.ssl.SSLException: Received fatal alert: internal_error}}, {address=ac-ggf694n-shard-00-01.1q4yqcd.mongodb.net:27017, type=UNKNOWN, state=CONNECTING, exception={com.mongodb.MongoSocketWriteException: Exception sending message}, caused by {javax.net.ssl.SSLException: Received fatal alert: internal_error}}]
	at org.springframework.beans.factory.annotation.AutowiredAnnotationBeanPostProcessor$AutowiredFieldElement.resolveFieldValue(AutowiredAnnotationBeanPostProcessor.java:713)
	at org.springframework.beans.factory.annotation.AutowiredAnnotationBeanPostProcessor$AutowiredFieldElement.inject(AutowiredAnnotationBeanPostProcessor.java:693)
	at org.springframework.beans.factory.annotation.InjectionMetadata.inject(InjectionMetadata.java:119)
	at org.springframework.beans.factory.annotation.AutowiredAnnotationBeanPostProcessor.postProcessProperties(AutowiredAnnotationBeanPostProcessor.java:408)
	at org.springframework.beans.factory.support.AbstractAutowireCapableBeanFactory.populateBean(AbstractAutowireCapableBeanFactory.java:1431)
	at org.springframework.beans.factory.support.AbstractAutowireCapableBeanFactory.doCreateBean(AbstractAutowireCapableBeanFactory.java:619)
	at org.springframework.beans.factory.support.AbstractAutowireCapableBeanFactory.createBean(AbstractAutowireCapableBeanFactory.java:542)
	at org.springframework.beans.factory.support.AbstractBeanFactory.lambda$doGetBean$0(AbstractBeanFactory.java:335)
	at org.springframework.beans.factory.support.DefaultSingletonBeanRegistry.getSingleton(DefaultSingletonBeanRegistry.java:234)
	at org.springframework.beans.factory.support.AbstractBeanFactory.doGetBean(AbstractBeanFactory.java:333)
	at org.springframework.beans.factory.support.AbstractBeanFactory.getBean(AbstractBeanFactory.java:208)
	at org.springframework.beans.factory.support.DefaultListableBeanFactory.preInstantiateSingletons(DefaultListableBeanFactory.java:955)
	at org.springframework.context.support.AbstractApplicationContext.finishBeanFactoryInitialization(AbstractApplicationContext.java:921)
	at org.springframework.context.support.AbstractApplicationContext.refresh(AbstractApplicationContext.java:583)
	at org.springframework.boot.SpringApplication.refresh(SpringApplication.java:731)
	at org.springframework.boot.SpringApplication.refreshContext(SpringApplication.java:408)
	at org.springframework.boot.SpringApplication.run(SpringApplication.java:307)
	at org.springframework.boot.test.context.SpringBootContextLoader.loadContext(SpringBootContextLoader.java:136)
	at org.springframework.test.context.cache.DefaultCacheAwareContextLoaderDelegate.loadContextInternal(DefaultCacheAwareContextLoaderDelegate.java:141)
	at org.springframework.test.context.cache.DefaultCacheAwareContextLoaderDelegate.loadContext(DefaultCacheAwareContextLoaderDelegate.java:90)
	... 112 common frames omitted
Caused by: org.springframework.beans.factory.UnsatisfiedDependencyException: Error creating bean with name 'userdetailserviceimpl': Unsatisfied dependency expressed through field 'userRepository'; nested exception is org.springframework.beans.factory.BeanCreationException: Error creating bean with name 'userRepository' defined in net.engineeringdigest.journalApp.repository.UserRepository defined in @EnableMongoRepositories declared on MongoRepositoriesRegistrar.EnableMongoRepositoriesConfiguration: Cannot resolve reference to bean 'mongoTemplate' while setting bean property 'mongoOperations'; nested exception is org.springframework.beans.factory.BeanCreationException: Error creating bean with name 'mongoTemplate' defined in class path resource [org/springframework/boot/autoconfigure/data/mongo/MongoDatabaseFactoryDependentConfiguration.class]: Bean instantiation via factory method failed; nested exception is org.springframework.beans.BeanInstantiationException: Failed to instantiate [org.springframework.data.mongodb.core.MongoTemplate]: Factory method 'mongoTemplate' threw exception; nested exception is org.springframework.dao.DataAccessResourceFailureException: Timed out after 30000 ms while waiting for a server that matches com.mongodb.client.internal.MongoClientDelegate$1@ac417a2. Client view of cluster state is {type=REPLICA_SET, servers=[{address=ac-ggf694n-shard-00-00.1q4yqcd.mongodb.net:27017, type=UNKNOWN, state=CONNECTING, exception={com.mongodb.MongoSocketWriteException: Exception sending message}, caused by {javax.net.ssl.SSLException: Received fatal alert: internal_error}}, {address=ac-ggf694n-shard-00-02.1q4yqcd.mongodb.net:27017, type=UNKNOWN, state=CONNECTING, exception={com.mongodb.MongoSocketWriteException: Exception sending message}, caused by {javax.net.ssl.SSLException: Received fatal alert: internal_error}}, {address=ac-ggf694n-shard-00-01.1q4yqcd.mongodb.net:27017, type=UNKNOWN, state=CONNECTING, exception={com.mongodb.MongoSocketWriteException: Exception sending message}, caused by {javax.net.ssl.SSLException: Received fatal alert: internal_error}}]; nested exception is com.mongodb.MongoTimeoutException: Timed out after 30000 ms while waiting for a server that matches com.mongodb.client.internal.MongoClientDelegate$1@ac417a2. Client view of cluster state is {type=REPLICA_SET, servers=[{address=ac-ggf694n-shard-00-00.1q4yqcd.mongodb.net:27017, type=UNKNOWN, state=CONNECTING, exception={com.mongodb.MongoSocketWriteException: Exception sending message}, caused by {javax.net.ssl.SSLException: Received fatal alert: internal_error}}, {address=ac-ggf694n-shard-00-02.1q4yqcd.mongodb.net:27017, type=UNKNOWN, state=CONNECTING, exception={com.mongodb.MongoSocketWriteException: Exception sending message}, caused by {javax.net.ssl.SSLException: Received fatal alert: internal_error}}, {address=ac-ggf694n-shard-00-01.1q4yqcd.mongodb.net:27017, type=UNKNOWN, state=CONNECTING, exception={com.mongodb.MongoSocketWriteException: Exception sending message}, caused by {javax.net.ssl.SSLException: Received fatal alert: internal_error}}]
	at org.springframework.beans.factory.annotation.AutowiredAnnotationBeanPostProcessor$AutowiredFieldElement.resolveFieldValue(AutowiredAnnotationBeanPostProcessor.java:713)
	at org.springframework.beans.factory.annotation.AutowiredAnnotationBeanPostProcessor$AutowiredFieldElement.inject(AutowiredAnnotationBeanPostProcessor.java:693)
	at org.springframework.beans.factory.annotation.InjectionMetadata.inject(InjectionMetadata.java:119)
	at org.springframework.beans.factory.annotation.AutowiredAnnotationBeanPostProcessor.postProcessProperties(AutowiredAnnotationBeanPostProcessor.java:408)
	at org.springframework.beans.factory.support.AbstractAutowireCapableBeanFactory.populateBean(AbstractAutowireCapableBeanFactory.java:1431)
	at org.springframework.beans.factory.support.AbstractAutowireCapableBeanFactory.doCreateBean(AbstractAutowireCapableBeanFactory.java:619)
	at org.springframework.beans.factory.support.AbstractAutowireCapableBeanFactory.createBean(AbstractAutowireCapableBeanFactory.java:542)
	at org.springframework.beans.factory.support.AbstractBeanFactory.lambda$doGetBean$0(AbstractBeanFactory.java:335)
	at org.springframework.beans.factory.support.DefaultSingletonBeanRegistry.getSingleton(DefaultSingletonBeanRegistry.java:234)
	at org.springframework.beans.factory.support.AbstractBeanFactory.doGetBean(AbstractBeanFactory.java:333)
	at org.springframework.beans.factory.support.AbstractBeanFactory.getBean(AbstractBeanFactory.java:208)
	at org.springframework.beans.factory.config.DependencyDescriptor.resolveCandidate(DependencyDescriptor.java:276)
	at org.springframework.beans.factory.support.DefaultListableBeanFactory.doResolveDependency(DefaultListableBeanFactory.java:1391)
	at org.springframework.beans.factory.support.DefaultListableBeanFactory.resolveDependency(DefaultListableBeanFactory.java:1311)
	at org.springframework.beans.factory.annotation.AutowiredAnnotationBeanPostProcessor$AutowiredFieldElement.resolveFieldValue(AutowiredAnnotationBeanPostProcessor.java:710)
	... 131 common frames omitted
Caused by: org.springframework.beans.factory.BeanCreationException: Error creating bean with name 'userRepository' defined in net.engineeringdigest.journalApp.repository.UserRepository defined in @EnableMongoRepositories declared on MongoRepositoriesRegistrar.EnableMongoRepositoriesConfiguration: Cannot resolve reference to bean 'mongoTemplate' while setting bean property 'mongoOperations'; nested exception is org.springframework.beans.factory.BeanCreationException: Error creating bean with name 'mongoTemplate' defined in class path resource [org/springframework/boot/autoconfigure/data/mongo/MongoDatabaseFactoryDependentConfiguration.class]: Bean instantiation via factory method failed; nested exception is org.springframework.beans.BeanInstantiationException: Failed to instantiate [org.springframework.data.mongodb.core.MongoTemplate]: Factory method 'mongoTemplate' threw exception; nested exception is org.springframework.dao.DataAccessResourceFailureException: Timed out after 30000 ms while waiting for a server that matches com.mongodb.client.internal.MongoClientDelegate$1@ac417a2. Client view of cluster state is {type=REPLICA_SET, servers=[{address=ac-ggf694n-shard-00-00.1q4yqcd.mongodb.net:27017, type=UNKNOWN, state=CONNECTING, exception={com.mongodb.MongoSocketWriteException: Exception sending message}, caused by {javax.net.ssl.SSLException: Received fatal alert: internal_error}}, {address=ac-ggf694n-shard-00-02.1q4yqcd.mongodb.net:27017, type=UNKNOWN, state=CONNECTING, exception={com.mongodb.MongoSocketWriteException: Exception sending message}, caused by {javax.net.ssl.SSLException: Received fatal alert: internal_error}}, {address=ac-ggf694n-shard-00-01.1q4yqcd.mongodb.net:27017, type=UNKNOWN, state=CONNECTING, exception={com.mongodb.MongoSocketWriteException: Exception sending message}, caused by {javax.net.ssl.SSLException: Received fatal alert: internal_error}}]; nested exception is com.mongodb.MongoTimeoutException: Timed out after 30000 ms while waiting for a server that matches com.mongodb.client.internal.MongoClientDelegate$1@ac417a2. Client view of cluster state is {type=REPLICA_SET, servers=[{address=ac-ggf694n-shard-00-00.1q4yqcd.mongodb.net:27017, type=UNKNOWN, state=CONNECTING, exception={com.mongodb.MongoSocketWriteException: Exception sending message}, caused by {javax.net.ssl.SSLException: Received fatal alert: internal_error}}, {address=ac-ggf694n-shard-00-02.1q4yqcd.mongodb.net:27017, type=UNKNOWN, state=CONNECTING, exception={com.mongodb.MongoSocketWriteException: Exception sending message}, caused by {javax.net.ssl.SSLException: Received fatal alert: internal_error}}, {address=ac-ggf694n-shard-00-01.1q4yqcd.mongodb.net:27017, type=UNKNOWN, state=CONNECTING, exception={com.mongodb.MongoSocketWriteException: Exception sending message}, caused by {javax.net.ssl.SSLException: Received fatal alert: internal_error}}]
	at org.springframework.beans.factory.support.BeanDefinitionValueResolver.resolveReference(BeanDefinitionValueResolver.java:342)
	at org.springframework.beans.factory.support.BeanDefinitionValueResolver.resolveValueIfNecessary(BeanDefinitionValueResolver.java:113)
	at org.springframework.beans.factory.support.AbstractAutowireCapableBeanFactory.applyPropertyValues(AbstractAutowireCapableBeanFactory.java:1707)
	at org.springframework.beans.factory.support.AbstractAutowireCapableBeanFactory.populateBean(AbstractAutowireCapableBeanFactory.java:1452)
	at org.springframework.beans.factory.support.AbstractAutowireCapableBeanFactory.doCreateBean(AbstractAutowireCapableBeanFactory.java:619)
	at org.springframework.beans.factory.support.AbstractAutowireCapableBeanFactory.createBean(AbstractAutowireCapableBeanFactory.java:542)
	at org.springframework.beans.factory.support.AbstractBeanFactory.lambda$doGetBean$0(AbstractBeanFactory.java:335)
	at org.springframework.beans.factory.support.DefaultSingletonBeanRegistry.getSingleton(DefaultSingletonBeanRegistry.java:234)
	at org.springframework.beans.factory.support.AbstractBeanFactory.doGetBean(AbstractBeanFactory.java:333)
	at org.springframework.beans.factory.support.AbstractBeanFactory.getBean(AbstractBeanFactory.java:208)
	at org.springframework.beans.factory.config.DependencyDescriptor.resolveCandidate(DependencyDescriptor.java:276)
	at org.springframework.beans.factory.support.DefaultListableBeanFactory.doResolveDependency(DefaultListableBeanFactory.java:1391)
	at org.springframework.beans.factory.support.DefaultListableBeanFactory.resolveDependency(DefaultListableBeanFactory.java:1311)
	at org.springframework.beans.factory.annotation.AutowiredAnnotationBeanPostProcessor$AutowiredFieldElement.resolveFieldValue(AutowiredAnnotationBeanPostProcessor.java:710)
	... 145 common frames omitted
Caused by: org.springframework.beans.factory.BeanCreationException: Error creating bean with name 'mongoTemplate' defined in class path resource [org/springframework/boot/autoconfigure/data/mongo/MongoDatabaseFactoryDependentConfiguration.class]: Bean instantiation via factory method failed; nested exception is org.springframework.beans.BeanInstantiationException: Failed to instantiate [org.springframework.data.mongodb.core.MongoTemplate]: Factory method 'mongoTemplate' threw exception; nested exception is org.springframework.dao.DataAccessResourceFailureException: Timed out after 30000 ms while waiting for a server that matches com.mongodb.client.internal.MongoClientDelegate$1@ac417a2. Client view of cluster state is {type=REPLICA_SET, servers=[{address=ac-ggf694n-shard-00-00.1q4yqcd.mongodb.net:27017, type=UNKNOWN, state=CONNECTING, exception={com.mongodb.MongoSocketWriteException: Exception sending message}, caused by {javax.net.ssl.SSLException: Received fatal alert: internal_error}}, {address=ac-ggf694n-shard-00-02.1q4yqcd.mongodb.net:27017, type=UNKNOWN, state=CONNECTING, exception={com.mongodb.MongoSocketWriteException: Exception sending message}, caused by {javax.net.ssl.SSLException: Received fatal alert: internal_error}}, {address=ac-ggf694n-shard-00-01.1q4yqcd.mongodb.net:27017, type=UNKNOWN, state=CONNECTING, exception={com.mongodb.MongoSocketWriteException: Exception sending message}, caused by {javax.net.ssl.SSLException: Received fatal alert: internal_error}}]; nested exception is com.mongodb.MongoTimeoutException: Timed out after 30000 ms while waiting for a server that matches com.mongodb.client.internal.MongoClientDelegate$1@ac417a2. Client view of cluster state is {type=REPLICA_SET, servers=[{address=ac-ggf694n-shard-00-00.1q4yqcd.mongodb.net:27017, type=UNKNOWN, state=CONNECTING, exception={com.mongodb.MongoSocketWriteException: Exception sending message}, caused by {javax.net.ssl.SSLException: Received fatal alert: internal_error}}, {address=ac-ggf694n-shard-00-02.1q4yqcd.mongodb.net:27017, type=UNKNOWN, state=CONNECTING, exception={com.mongodb.MongoSocketWriteException: Exception sending message}, caused by {javax.net.ssl.SSLException: Received fatal alert: internal_error}}, {address=ac-ggf694n-shard-00-01.1q4yqcd.mongodb.net:27017, type=UNKNOWN, state=CONNECTING, exception={com.mongodb.MongoSocketWriteException: Exception sending message}, caused by {javax.net.ssl.SSLException: Received fatal alert: internal_error}}]
	at org.springframework.beans.factory.support.ConstructorResolver.instantiate(ConstructorResolver.java:653)
	at org.springframework.beans.factory.support.ConstructorResolver.instantiateUsingFactoryMethod(ConstructorResolver.java:633)
	at org.springframework.beans.factory.support.AbstractAutowireCapableBeanFactory.instantiateUsingFactoryMethod(AbstractAutowireCapableBeanFactory.java:1352)
	at org.springframework.beans.factory.support.AbstractAutowireCapableBeanFactory.createBeanInstance(AbstractAutowireCapableBeanFactory.java:1195)
	at org.springframework.beans.factory.support.AbstractAutowireCapableBeanFactory.doCreateBean(AbstractAutowireCapableBeanFactory.java:582)
	at org.springframework.beans.factory.support.AbstractAutowireCapableBeanFactory.createBean(AbstractAutowireCapableBeanFactory.java:542)
	at org.springframework.beans.factory.support.AbstractBeanFactory.lambda$doGetBean$0(AbstractBeanFactory.java:335)
	at org.springframework.beans.factory.support.DefaultSingletonBeanRegistry.getSingleton(DefaultSingletonBeanRegistry.java:234)
	at org.springframework.beans.factory.support.AbstractBeanFactory.doGetBean(AbstractBeanFactory.java:333)
	at org.springframework.beans.factory.support.AbstractBeanFactory.getBean(AbstractBeanFactory.java:208)
	at org.springframework.beans.factory.support.BeanDefinitionValueResolver.resolveReference(BeanDefinitionValueResolver.java:330)
	... 158 common frames omitted
Caused by: org.springframework.beans.BeanInstantiationException: Failed to instantiate [org.springframework.data.mongodb.core.MongoTemplate]: Factory method 'mongoTemplate' threw exception; nested exception is org.springframework.dao.DataAccessResourceFailureException: Timed out after 30000 ms while waiting for a server that matches com.mongodb.client.internal.MongoClientDelegate$1@ac417a2. Client view of cluster state is {type=REPLICA_SET, servers=[{address=ac-ggf694n-shard-00-00.1q4yqcd.mongodb.net:27017, type=UNKNOWN, state=CONNECTING, exception={com.mongodb.MongoSocketWriteException: Exception sending message}, caused by {javax.net.ssl.SSLException: Received fatal alert: internal_error}}, {address=ac-ggf694n-shard-00-02.1q4yqcd.mongodb.net:27017, type=UNKNOWN, state=CONNECTING, exception={com.mongodb.MongoSocketWriteException: Exception sending message}, caused by {javax.net.ssl.SSLException: Received fatal alert: internal_error}}, {address=ac-ggf694n-shard-00-01.1q4yqcd.mongodb.net:27017, type=UNKNOWN, state=CONNECTING, exception={com.mongodb.MongoSocketWriteException: Exception sending message}, caused by {javax.net.ssl.SSLException: Received fatal alert: internal_error}}]; nested exception is com.mongodb.MongoTimeoutException: Timed out after 30000 ms while waiting for a server that matches com.mongodb.client.internal.MongoClientDelegate$1@ac417a2. Client view of cluster state is {type=REPLICA_SET, servers=[{address=ac-ggf694n-shard-00-00.1q4yqcd.mongodb.net:27017, type=UNKNOWN, state=CONNECTING, exception={com.mongodb.MongoSocketWriteException: Exception sending message}, caused by {javax.net.ssl.SSLException: Received fatal alert: internal_error}}, {address=ac-ggf694n-shard-00-02.1q4yqcd.mongodb.net:27017, type=UNKNOWN, state=CONNECTING, exception={com.mongodb.MongoSocketWriteException: Exception sending message}, caused by {javax.net.ssl.SSLException: Received fatal alert: internal_error}}, {address=ac-ggf694n-shard-00-01.1q4yqcd.mongodb.net:27017, type=UNKNOWN, state=CONNECTING, exception={com.mongodb.MongoSocketWriteException: Exception sending message}, caused by {javax.net.ssl.SSLException: Received fatal alert: internal_error}}]
	at org.springframework.beans.factory.support.SimpleInstantiationStrategy.instantiate(SimpleInstantiationStrategy.java:185)
	at org.springframework.beans.factory.support.ConstructorResolver.instantiate(ConstructorResolver.java:648)
	... 168 common frames omitted
Caused by: org.springframework.dao.DataAccessResourceFailureException: Timed out after 30000 ms while waiting for a server that matches com.mongodb.client.internal.MongoClientDelegate$1@ac417a2. Client view of cluster state is {type=REPLICA_SET, servers=[{address=ac-ggf694n-shard-00-00.1q4yqcd.mongodb.net:27017, type=UNKNOWN, state=CONNECTING, exception={com.mongodb.MongoSocketWriteException: Exception sending message}, caused by {javax.net.ssl.SSLException: Received fatal alert: internal_error}}, {address=ac-ggf694n-shard-00-02.1q4yqcd.mongodb.net:27017, type=UNKNOWN, state=CONNECTING, exception={com.mongodb.MongoSocketWriteException: Exception sending message}, caused by {javax.net.ssl.SSLException: Received fatal alert: internal_error}}, {address=ac-ggf694n-shard-00-01.1q4yqcd.mongodb.net:27017, type=UNKNOWN, state=CONNECTING, exception={com.mongodb.MongoSocketWriteException: Exception sending message}, caused by {javax.net.ssl.SSLException: Received fatal alert: internal_error}}]; nested exception is com.mongodb.MongoTimeoutException: Timed out after 30000 ms while waiting for a server that matches com.mongodb.client.internal.MongoClientDelegate$1@ac417a2. Client view of cluster state is {type=REPLICA_SET, servers=[{address=ac-ggf694n-shard-00-00.1q4yqcd.mongodb.net:27017, type=UNKNOWN, state=CONNECTING, exception={com.mongodb.MongoSocketWriteException: Exception sending message}, caused by {javax.net.ssl.SSLException: Received fatal alert: internal_error}}, {address=ac-ggf694n-shard-00-02.1q4yqcd.mongodb.net:27017, type=UNKNOWN, state=CONNECTING, exception={com.mongodb.MongoSocketWriteException: Exception sending message}, caused by {javax.net.ssl.SSLException: Received fatal alert: internal_error}}, {address=ac-ggf694n-shard-00-01.1q4yqcd.mongodb.net:27017, type=UNKNOWN, state=CONNECTING, exception={com.mongodb.MongoSocketWriteException: Exception sending message}, caused by {javax.net.ssl.SSLException: Received fatal alert: internal_error}}]
	at org.springframework.data.mongodb.core.MongoExceptionTranslator.translateExceptionIfPossible(MongoExceptionTranslator.java:95)
	at org.springframework.data.mongodb.core.MongoTemplate.potentiallyConvertRuntimeException(MongoTemplate.java:3029)
	at org.springframework.data.mongodb.core.MongoTemplate.execute(MongoTemplate.java:581)
	at org.springframework.data.mongodb.core.DefaultIndexOperations.execute(DefaultIndexOperations.java:215)
	at org.springframework.data.mongodb.core.DefaultIndexOperations.ensureIndex(DefaultIndexOperations.java:121)
	at org.springframework.data.mongodb.core.index.MongoPersistentEntityIndexCreator.createIndex(MongoPersistentEntityIndexCreator.java:157)
	at org.springframework.data.mongodb.core.index.MongoPersistentEntityIndexCreator.checkForAndCreateIndexes(MongoPersistentEntityIndexCreator.java:147)
	at org.springframework.data.mongodb.core.index.MongoPersistentEntityIndexCreator.checkForIndexes(MongoPersistentEntityIndexCreator.java:131)
	at org.springframework.data.mongodb.core.index.MongoPersistentEntityIndexCreator.<init>(MongoPersistentEntityIndexCreator.java:96)
	at org.springframework.data.mongodb.core.index.MongoPersistentEntityIndexCreator.<init>(MongoPersistentEntityIndexCreator.java:73)
	at org.springframework.data.mongodb.core.MongoTemplate.<init>(MongoTemplate.java:224)
	at org.springframework.boot.autoconfigure.data.mongo.MongoDatabaseFactoryDependentConfiguration.mongoTemplate(MongoDatabaseFactoryDependentConfiguration.java:63)
	at java.base/jdk.internal.reflect.NativeMethodAccessorImpl.invoke0(Native Method)
	at java.base/jdk.internal.reflect.NativeMethodAccessorImpl.invoke(NativeMethodAccessorImpl.java:62)
	at java.base/jdk.internal.reflect.DelegatingMethodAccessorImpl.invoke(DelegatingMethodAccessorImpl.java:43)
	at java.base/java.lang.reflect.Method.invoke(Method.java:566)
	at org.springframework.beans.factory.support.SimpleInstantiationStrategy.instantiate(SimpleInstantiationStrategy.java:154)
	... 169 common frames omitted
Caused by: com.mongodb.MongoTimeoutException: Timed out after 30000 ms while waiting for a server that matches com.mongodb.client.internal.MongoClientDelegate$1@ac417a2. Client view of cluster state is {type=REPLICA_SET, servers=[{address=ac-ggf694n-shard-00-00.1q4yqcd.mongodb.net:27017, type=UNKNOWN, state=CONNECTING, exception={com.mongodb.MongoSocketWriteException: Exception sending message}, caused by {javax.net.ssl.SSLException: Received fatal alert: internal_error}}, {address=ac-ggf694n-shard-00-02.1q4yqcd.mongodb.net:27017, type=UNKNOWN, state=CONNECTING, exception={com.mongodb.MongoSocketWriteException: Exception sending message}, caused by {javax.net.ssl.SSLException: Received fatal alert: internal_error}}, {address=ac-ggf694n-shard-00-01.1q4yqcd.mongodb.net:27017, type=UNKNOWN, state=CONNECTING, exception={com.mongodb.MongoSocketWriteException: Exception sending message}, caused by {javax.net.ssl.SSLException: Received fatal alert: internal_error}}]
	at com.mongodb.internal.connection.BaseCluster.createTimeoutException(BaseCluster.java:424)
	at com.mongodb.internal.connection.BaseCluster.selectServer(BaseCluster.java:121)
	at com.mongodb.internal.connection.AbstractMultiServerCluster.selectServer(AbstractMultiServerCluster.java:50)
	at com.mongodb.client.internal.MongoClientDelegate.getConnectedClusterDescription(MongoClientDelegate.java:146)
	at com.mongodb.client.internal.MongoClientDelegate.createClientSession(MongoClientDelegate.java:101)
	at com.mongodb.client.internal.MongoClientDelegate$DelegateOperationExecutor.getClientSession(MongoClientDelegate.java:291)
	at com.mongodb.client.internal.MongoClientDelegate$DelegateOperationExecutor.execute(MongoClientDelegate.java:207)
	at com.mongodb.client.internal.MongoCollectionImpl.executeCreateIndexes(MongoCollectionImpl.java:848)
	at com.mongodb.client.internal.MongoCollectionImpl.createIndexes(MongoCollectionImpl.java:831)
	at com.mongodb.client.internal.MongoCollectionImpl.createIndexes(MongoCollectionImpl.java:826)
	at com.mongodb.client.internal.MongoCollectionImpl.createIndex(MongoCollectionImpl.java:811)
	at org.springframework.data.mongodb.core.DefaultIndexOperations.lambda$ensureIndex$0(DefaultIndexOperations.java:131)
	at org.springframework.data.mongodb.core.MongoTemplate.execute(MongoTemplate.java:579)
	... 183 common frames omitted
26-05-15 16:17:09.864 [main] INFO  o.s.b.t.c.SpringBootTestContextBootstrapper - Neither @ContextConfiguration nor @ContextHierarchy found for test class [net.engineeringdigest.journalApp.JournalApplicationTests], using SpringBootContextLoader
26-05-15 16:17:09.883 [main] INFO  o.s.t.c.s.AbstractContextLoader - Could not detect default resource locations for test class [net.engineeringdigest.journalApp.JournalApplicationTests]: no resource found for suffixes {-context.xml, Context.groovy}.
26-05-15 16:17:09.885 [main] INFO  o.s.t.c.s.AnnotationConfigContextLoaderUtils - Could not detect default configuration classes for test class [net.engineeringdigest.journalApp.JournalApplicationTests]: JournalApplicationTests does not declare any static, non-private, non-final, nested classes annotated with @Configuration.
26-05-15 16:17:10.101 [main] INFO  o.s.b.t.c.SpringBootTestContextBootstrapper - Found @SpringBootConfiguration net.engineeringdigest.journalApp.JournalApplication for test class net.engineeringdigest.journalApp.JournalApplicationTests
26-05-15 16:17:10.284 [main] INFO  o.s.b.t.c.SpringBootTestContextBootstrapper - Loaded default TestExecutionListener class names from location [META-INF/spring.factories]: [org.springframework.boot.test.mock.mockito.MockitoTestExecutionListener, org.springframework.boot.test.mock.mockito.ResetMocksTestExecutionListener, org.springframework.boot.test.autoconfigure.restdocs.RestDocsTestExecutionListener, org.springframework.boot.test.autoconfigure.web.client.MockRestServiceServerResetTestExecutionListener, org.springframework.boot.test.autoconfigure.web.servlet.MockMvcPrintOnlyOnFailureTestExecutionListener, org.springframework.boot.test.autoconfigure.web.servlet.WebDriverTestExecutionListener, org.springframework.boot.test.autoconfigure.webservices.client.MockWebServiceServerTestExecutionListener, org.springframework.test.context.web.ServletTestExecutionListener, org.springframework.test.context.support.DirtiesContextBeforeModesTestExecutionListener, org.springframework.test.context.event.ApplicationEventsTestExecutionListener, org.springframework.test.context.support.DependencyInjectionTestExecutionListener, org.springframework.test.context.support.DirtiesContextTestExecutionListener, org.springframework.test.context.transaction.TransactionalTestExecutionListener, org.springframework.test.context.jdbc.SqlScriptsTestExecutionListener, org.springframework.test.context.event.EventPublishingTestExecutionListener]
26-05-15 16:17:10.321 [main] INFO  o.s.b.t.c.SpringBootTestContextBootstrapper - Using TestExecutionListeners: [org.springframework.test.context.web.ServletTestExecutionListener@1b2c4efb, org.springframework.test.context.support.DirtiesContextBeforeModesTestExecutionListener@c35172e, org.springframework.test.context.event.ApplicationEventsTestExecutionListener@c2db68f, org.springframework.boot.test.mock.mockito.MockitoTestExecutionListener@3cc41abc, org.springframework.boot.test.autoconfigure.SpringBootDependencyInjectionTestExecutionListener@4566d049, org.springframework.test.context.support.DirtiesContextTestExecutionListener@61ce23ac, org.springframework.test.context.transaction.TransactionalTestExecutionListener@3668d4, org.springframework.test.context.jdbc.SqlScriptsTestExecutionListener@1c3b9394, org.springframework.test.context.event.EventPublishingTestExecutionListener@6f2cfcc2, org.springframework.boot.test.mock.mockito.ResetMocksTestExecutionListener@7f6f61c8, org.springframework.boot.test.autoconfigure.restdocs.RestDocsTestExecutionListener@4c2cc639, org.springframework.boot.test.autoconfigure.web.client.MockRestServiceServerResetTestExecutionListener@ccb4b1b, org.springframework.boot.test.autoconfigure.web.servlet.MockMvcPrintOnlyOnFailureTestExecutionListener@4097cac, org.springframework.boot.test.autoconfigure.web.servlet.WebDriverTestExecutionListener@ec2cc4, org.springframework.boot.test.autoconfigure.webservices.client.MockWebServiceServerTestExecutionListener@2a5b3fee]
26-05-15 16:17:11.116 [main] INFO  n.e.j.JournalApplicationTests - Starting JournalApplicationTests using Java 11.0.31 on LAPTOP-4IL5G33D with PID 32448 (started by SIDDHU in C:\Users\SIDDHU\OneDrive\Desktop\journalapp\journalApp)
26-05-15 16:17:11.117 [main] INFO  n.e.j.JournalApplicationTests - The following 1 profile is active: "dev"
26-05-15 16:17:12.753 [main] INFO  o.s.d.r.c.RepositoryConfigurationDelegate - Bootstrapping Spring Data MongoDB repositories in DEFAULT mode.
26-05-15 16:17:12.883 [main] INFO  o.s.d.r.c.RepositoryConfigurationDelegate - Finished Spring Data repository scanning in 116 ms. Found 2 MongoDB repository interfaces.
26-05-15 16:17:15.034 [cluster-ClusterId{value='6a06f9b232db1e4e72354a33', description='null'}-srv-cluster0.1q4yqcd.mongodb.net] INFO  org.mongodb.driver.cluster - Adding discovered server ac-ggf694n-shard-00-01.1q4yqcd.mongodb.net:27017 to client view of cluster
26-05-15 16:17:15.063 [main] INFO  org.mongodb.driver.client - MongoClient with metadata {"driver": {"name": "mongo-java-driver|sync|spring-boot", "version": "4.6.1"}, "os": {"type": "Windows", "name": "Windows 11", "architecture": "amd64", "version": "10.0"}, "platform": "Java/Microsoft/11.0.31+11-LTS", "application": {"name": "Cluster0"}} created with settings MongoClientSettings{readPreference=primary, writeConcern=WriteConcern{w=null, wTimeout=null ms, journal=null}, retryWrites=true, retryReads=true, readConcern=ReadConcern{level=null}, credential=MongoCredential{mechanism=null, userName='banusiddharth35_db_user', source='admin', password=<hidden>, mechanismProperties=<hidden>}, streamFactoryFactory=null, commandListeners=[], codecRegistry=ProvidersCodecRegistry{codecProviders=[ValueCodecProvider{}, BsonValueCodecProvider{}, DBRefCodecProvider{}, DBObjectCodecProvider{}, DocumentCodecProvider{}, IterableCodecProvider{}, MapCodecProvider{}, GeoJsonCodecProvider{}, GridFSFileCodecProvider{}, Jsr310CodecProvider{}, JsonObjectCodecProvider{}, BsonCodecProvider{}, EnumCodecProvider{}, com.mongodb.Jep395RecordCodecProvider@42d6c12d]}, clusterSettings={hosts=[127.0.0.1:27017], srvHost=cluster0.1q4yqcd.mongodb.net, srvServiceName=mongodb, mode=MULTIPLE, requiredClusterType=REPLICA_SET, requiredReplicaSetName='atlas-mizxxc-shard-0', serverSelector='null', clusterListeners='[]', serverSelectionTimeout='30000 ms', localThreshold='30000 ms'}, socketSettings=SocketSettings{connectTimeoutMS=10000, readTimeoutMS=0, receiveBufferSize=0, sendBufferSize=0}, heartbeatSocketSettings=SocketSettings{connectTimeoutMS=10000, readTimeoutMS=10000, receiveBufferSize=0, sendBufferSize=0}, connectionPoolSettings=ConnectionPoolSettings{maxSize=100, minSize=0, maxWaitTimeMS=120000, maxConnectionLifeTimeMS=0, maxConnectionIdleTimeMS=0, maintenanceInitialDelayMS=0, maintenanceFrequencyMS=60000, connectionPoolListeners=[], maxConnecting=2}, serverSettings=ServerSettings{heartbeatFrequencyMS=10000, minHeartbeatFrequencyMS=500, serverListeners='[]', serverMonitorListeners='[]'}, sslSettings=SslSettings{enabled=true, invalidHostNameAllowed=false, context=null}, applicationName='Cluster0', compressorList=[], uuidRepresentation=JAVA_LEGACY, serverApi=null, autoEncryptionSettings=null, contextProvider=null}
26-05-15 16:17:15.096 [cluster-ClusterId{value='6a06f9b232db1e4e72354a33', description='null'}-srv-cluster0.1q4yqcd.mongodb.net] INFO  org.mongodb.driver.cluster - Adding discovered server ac-ggf694n-shard-00-00.1q4yqcd.mongodb.net:27017 to client view of cluster
26-05-15 16:17:15.098 [cluster-ClusterId{value='6a06f9b232db1e4e72354a33', description='null'}-srv-cluster0.1q4yqcd.mongodb.net] INFO  org.mongodb.driver.cluster - Adding discovered server ac-ggf694n-shard-00-02.1q4yqcd.mongodb.net:27017 to client view of cluster
26-05-15 16:17:15.801 [cluster-ClusterId{value='6a06f9b232db1e4e72354a33', description='null'}-ac-ggf694n-shard-00-02.1q4yqcd.mongodb.net:27017] INFO  org.mongodb.driver.cluster - Exception in monitor thread while connecting to server ac-ggf694n-shard-00-02.1q4yqcd.mongodb.net:27017
com.mongodb.MongoSocketWriteException: Exception sending message
	at com.mongodb.internal.connection.InternalStreamConnection.translateWriteException(InternalStreamConnection.java:684)
	at com.mongodb.internal.connection.InternalStreamConnection.sendMessage(InternalStreamConnection.java:555)
	at com.mongodb.internal.connection.InternalStreamConnection.sendCommandMessage(InternalStreamConnection.java:381)
	at com.mongodb.internal.connection.InternalStreamConnection.sendAndReceive(InternalStreamConnection.java:329)
	at com.mongodb.internal.connection.CommandHelper.sendAndReceive(CommandHelper.java:101)
	at com.mongodb.internal.connection.CommandHelper.executeCommand(CommandHelper.java:45)
	at com.mongodb.internal.connection.InternalStreamConnectionInitializer.initializeConnectionDescription(InternalStreamConnectionInitializer.java:131)
	at com.mongodb.internal.connection.InternalStreamConnectionInitializer.startHandshake(InternalStreamConnectionInitializer.java:73)
	at com.mongodb.internal.connection.InternalStreamConnection.open(InternalStreamConnection.java:182)
	at com.mongodb.internal.connection.DefaultServerMonitor$ServerMonitorRunnable.lookupServerDescription(DefaultServerMonitor.java:193)
	at com.mongodb.internal.connection.DefaultServerMonitor$ServerMonitorRunnable.run(DefaultServerMonitor.java:157)
	at java.base/java.lang.Thread.run(Thread.java:829)
Caused by: javax.net.ssl.SSLException: Received fatal alert: internal_error
	at java.base/sun.security.ssl.Alert.createSSLException(Alert.java:133)
	at java.base/sun.security.ssl.Alert.createSSLException(Alert.java:117)
	at java.base/sun.security.ssl.TransportContext.fatal(TransportContext.java:353)
	at java.base/sun.security.ssl.Alert$AlertConsumer.consume(Alert.java:293)
	at java.base/sun.security.ssl.TransportContext.dispatch(TransportContext.java:192)
	at java.base/sun.security.ssl.SSLTransport.decode(SSLTransport.java:172)
	at java.base/sun.security.ssl.SSLSocketImpl.decode(SSLSocketImpl.java:1511)
	at java.base/sun.security.ssl.SSLSocketImpl.readHandshakeRecord(SSLSocketImpl.java:1421)
	at java.base/sun.security.ssl.SSLSocketImpl.startHandshake(SSLSocketImpl.java:456)
	at java.base/sun.security.ssl.SSLSocketImpl.ensureNegotiated(SSLSocketImpl.java:926)
	at java.base/sun.security.ssl.SSLSocketImpl$AppOutputStream.write(SSLSocketImpl.java:1296)
	at com.mongodb.internal.connection.SocketStream.write(SocketStream.java:99)
	at com.mongodb.internal.connection.InternalStreamConnection.sendMessage(InternalStreamConnection.java:552)
	... 10 common frames omitted
26-05-15 16:17:15.801 [cluster-ClusterId{value='6a06f9b232db1e4e72354a33', description='null'}-ac-ggf694n-shard-00-00.1q4yqcd.mongodb.net:27017] INFO  org.mongodb.driver.cluster - Exception in monitor thread while connecting to server ac-ggf694n-shard-00-00.1q4yqcd.mongodb.net:27017
com.mongodb.MongoSocketWriteException: Exception sending message
	at com.mongodb.internal.connection.InternalStreamConnection.translateWriteException(InternalStreamConnection.java:684)
	at com.mongodb.internal.connection.InternalStreamConnection.sendMessage(InternalStreamConnection.java:555)
	at com.mongodb.internal.connection.InternalStreamConnection.sendCommandMessage(InternalStreamConnection.java:381)
	at com.mongodb.internal.connection.InternalStreamConnection.sendAndReceive(InternalStreamConnection.java:329)
	at com.mongodb.internal.connection.CommandHelper.sendAndReceive(CommandHelper.java:101)
	at com.mongodb.internal.connection.CommandHelper.executeCommand(CommandHelper.java:45)
	at com.mongodb.internal.connection.InternalStreamConnectionInitializer.initializeConnectionDescription(InternalStreamConnectionInitializer.java:131)
	at com.mongodb.internal.connection.InternalStreamConnectionInitializer.startHandshake(InternalStreamConnectionInitializer.java:73)
	at com.mongodb.internal.connection.InternalStreamConnection.open(InternalStreamConnection.java:182)
	at com.mongodb.internal.connection.DefaultServerMonitor$ServerMonitorRunnable.lookupServerDescription(DefaultServerMonitor.java:193)
	at com.mongodb.internal.connection.DefaultServerMonitor$ServerMonitorRunnable.run(DefaultServerMonitor.java:157)
	at java.base/java.lang.Thread.run(Thread.java:829)
Caused by: javax.net.ssl.SSLException: Received fatal alert: internal_error
	at java.base/sun.security.ssl.Alert.createSSLException(Alert.java:133)
	at java.base/sun.security.ssl.Alert.createSSLException(Alert.java:117)
	at java.base/sun.security.ssl.TransportContext.fatal(TransportContext.java:353)
	at java.base/sun.security.ssl.Alert$AlertConsumer.consume(Alert.java:293)
	at java.base/sun.security.ssl.TransportContext.dispatch(TransportContext.java:192)
	at java.base/sun.security.ssl.SSLTransport.decode(SSLTransport.java:172)
	at java.base/sun.security.ssl.SSLSocketImpl.decode(SSLSocketImpl.java:1511)
	at java.base/sun.security.ssl.SSLSocketImpl.readHandshakeRecord(SSLSocketImpl.java:1421)
	at java.base/sun.security.ssl.SSLSocketImpl.startHandshake(SSLSocketImpl.java:456)
	at java.base/sun.security.ssl.SSLSocketImpl.ensureNegotiated(SSLSocketImpl.java:926)
	at java.base/sun.security.ssl.SSLSocketImpl$AppOutputStream.write(SSLSocketImpl.java:1296)
	at com.mongodb.internal.connection.SocketStream.write(SocketStream.java:99)
	at com.mongodb.internal.connection.InternalStreamConnection.sendMessage(InternalStreamConnection.java:552)
	... 10 common frames omitted
26-05-15 16:17:15.801 [cluster-ClusterId{value='6a06f9b232db1e4e72354a33', description='null'}-ac-ggf694n-shard-00-01.1q4yqcd.mongodb.net:27017] INFO  org.mongodb.driver.cluster - Exception in monitor thread while connecting to server ac-ggf694n-shard-00-01.1q4yqcd.mongodb.net:27017
com.mongodb.MongoSocketWriteException: Exception sending message
	at com.mongodb.internal.connection.InternalStreamConnection.translateWriteException(InternalStreamConnection.java:684)
	at com.mongodb.internal.connection.InternalStreamConnection.sendMessage(InternalStreamConnection.java:555)
	at com.mongodb.internal.connection.InternalStreamConnection.sendCommandMessage(InternalStreamConnection.java:381)
	at com.mongodb.internal.connection.InternalStreamConnection.sendAndReceive(InternalStreamConnection.java:329)
	at com.mongodb.internal.connection.CommandHelper.sendAndReceive(CommandHelper.java:101)
	at com.mongodb.internal.connection.CommandHelper.executeCommand(CommandHelper.java:45)
	at com.mongodb.internal.connection.InternalStreamConnectionInitializer.initializeConnectionDescription(InternalStreamConnectionInitializer.java:131)
	at com.mongodb.internal.connection.InternalStreamConnectionInitializer.startHandshake(InternalStreamConnectionInitializer.java:73)
	at com.mongodb.internal.connection.InternalStreamConnection.open(InternalStreamConnection.java:182)
	at com.mongodb.internal.connection.DefaultServerMonitor$ServerMonitorRunnable.lookupServerDescription(DefaultServerMonitor.java:193)
	at com.mongodb.internal.connection.DefaultServerMonitor$ServerMonitorRunnable.run(DefaultServerMonitor.java:157)
	at java.base/java.lang.Thread.run(Thread.java:829)
Caused by: javax.net.ssl.SSLException: Received fatal alert: internal_error
	at java.base/sun.security.ssl.Alert.createSSLException(Alert.java:133)
	at java.base/sun.security.ssl.Alert.createSSLException(Alert.java:117)
	at java.base/sun.security.ssl.TransportContext.fatal(TransportContext.java:353)
	at java.base/sun.security.ssl.Alert$AlertConsumer.consume(Alert.java:293)
	at java.base/sun.security.ssl.TransportContext.dispatch(TransportContext.java:192)
	at java.base/sun.security.ssl.SSLTransport.decode(SSLTransport.java:172)
	at java.base/sun.security.ssl.SSLSocketImpl.decode(SSLSocketImpl.java:1511)
	at java.base/sun.security.ssl.SSLSocketImpl.readHandshakeRecord(SSLSocketImpl.java:1421)
	at java.base/sun.security.ssl.SSLSocketImpl.startHandshake(SSLSocketImpl.java:456)
	at java.base/sun.security.ssl.SSLSocketImpl.ensureNegotiated(SSLSocketImpl.java:926)
	at java.base/sun.security.ssl.SSLSocketImpl$AppOutputStream.write(SSLSocketImpl.java:1296)
	at com.mongodb.internal.connection.SocketStream.write(SocketStream.java:99)
	at com.mongodb.internal.connection.InternalStreamConnection.sendMessage(InternalStreamConnection.java:552)
	... 10 common frames omitted
26-05-15 16:17:15.927 [main] INFO  org.mongodb.driver.cluster - No server chosen by com.mongodb.client.internal.MongoClientDelegate$1@241fbec from cluster description ClusterDescription{type=REPLICA_SET, connectionMode=MULTIPLE, serverDescriptions=[ServerDescription{address=ac-ggf694n-shard-00-00.1q4yqcd.mongodb.net:27017, type=UNKNOWN, state=CONNECTING, exception={com.mongodb.MongoSocketWriteException: Exception sending message}, caused by {javax.net.ssl.SSLException: Received fatal alert: internal_error}}, ServerDescription{address=ac-ggf694n-shard-00-02.1q4yqcd.mongodb.net:27017, type=UNKNOWN, state=CONNECTING, exception={com.mongodb.MongoSocketWriteException: Exception sending message}, caused by {javax.net.ssl.SSLException: Received fatal alert: internal_error}}, ServerDescription{address=ac-ggf694n-shard-00-01.1q4yqcd.mongodb.net:27017, type=UNKNOWN, state=CONNECTING, exception={com.mongodb.MongoSocketWriteException: Exception sending message}, caused by {javax.net.ssl.SSLException: Received fatal alert: internal_error}}]}. Waiting for 30000 ms before timing out
26-05-15 16:17:45.933 [main] WARN  o.s.w.c.s.GenericWebApplicationContext - Exception encountered during context initialization - cancelling refresh attempt: org.springframework.beans.factory.UnsatisfiedDependencyException: Error creating bean with name 'springSecurity': Unsatisfied dependency expressed through field 'userservice'; nested exception is org.springframework.beans.factory.UnsatisfiedDependencyException: Error creating bean with name 'userdetailserviceimpl': Unsatisfied dependency expressed through field 'userRepository'; nested exception is org.springframework.beans.factory.BeanCreationException: Error creating bean with name 'userRepository' defined in net.engineeringdigest.journalApp.repository.UserRepository defined in @EnableMongoRepositories declared on MongoRepositoriesRegistrar.EnableMongoRepositoriesConfiguration: Cannot resolve reference to bean 'mongoTemplate' while setting bean property 'mongoOperations'; nested exception is org.springframework.beans.factory.BeanCreationException: Error creating bean with name 'mongoTemplate' defined in class path resource [org/springframework/boot/autoconfigure/data/mongo/MongoDatabaseFactoryDependentConfiguration.class]: Bean instantiation via factory method failed; nested exception is org.springframework.beans.BeanInstantiationException: Failed to instantiate [org.springframework.data.mongodb.core.MongoTemplate]: Factory method 'mongoTemplate' threw exception; nested exception is org.springframework.dao.DataAccessResourceFailureException: Timed out after 30000 ms while waiting for a server that matches com.mongodb.client.internal.MongoClientDelegate$1@241fbec. Client view of cluster state is {type=REPLICA_SET, servers=[{address=ac-ggf694n-shard-00-00.1q4yqcd.mongodb.net:27017, type=UNKNOWN, state=CONNECTING, exception={com.mongodb.MongoSocketWriteException: Exception sending message}, caused by {javax.net.ssl.SSLException: Received fatal alert: internal_error}}, {address=ac-ggf694n-shard-00-02.1q4yqcd.mongodb.net:27017, type=UNKNOWN, state=CONNECTING, exception={com.mongodb.MongoSocketWriteException: Exception sending message}, caused by {javax.net.ssl.SSLException: Received fatal alert: internal_error}}, {address=ac-ggf694n-shard-00-01.1q4yqcd.mongodb.net:27017, type=UNKNOWN, state=CONNECTING, exception={com.mongodb.MongoSocketWriteException: Exception sending message}, caused by {javax.net.ssl.SSLException: Received fatal alert: internal_error}}]; nested exception is com.mongodb.MongoTimeoutException: Timed out after 30000 ms while waiting for a server that matches com.mongodb.client.internal.MongoClientDelegate$1@241fbec. Client view of cluster state is {type=REPLICA_SET, servers=[{address=ac-ggf694n-shard-00-00.1q4yqcd.mongodb.net:27017, type=UNKNOWN, state=CONNECTING, exception={com.mongodb.MongoSocketWriteException: Exception sending message}, caused by {javax.net.ssl.SSLException: Received fatal alert: internal_error}}, {address=ac-ggf694n-shard-00-02.1q4yqcd.mongodb.net:27017, type=UNKNOWN, state=CONNECTING, exception={com.mongodb.MongoSocketWriteException: Exception sending message}, caused by {javax.net.ssl.SSLException: Received fatal alert: internal_error}}, {address=ac-ggf694n-shard-00-01.1q4yqcd.mongodb.net:27017, type=UNKNOWN, state=CONNECTING, exception={com.mongodb.MongoSocketWriteException: Exception sending message}, caused by {javax.net.ssl.SSLException: Received fatal alert: internal_error}}]
26-05-15 16:17:45.954 [main] INFO  o.s.b.a.l.ConditionEvaluationReportLoggingListener - 

Error starting ApplicationContext. To display the conditions report re-run your application with 'debug' enabled.
26-05-15 16:17:46.004 [main] ERROR o.s.boot.SpringApplication - Application run failed
org.springframework.beans.factory.UnsatisfiedDependencyException: Error creating bean with name 'springSecurity': Unsatisfied dependency expressed through field 'userservice'; nested exception is org.springframework.beans.factory.UnsatisfiedDependencyException: Error creating bean with name 'userdetailserviceimpl': Unsatisfied dependency expressed through field 'userRepository'; nested exception is org.springframework.beans.factory.BeanCreationException: Error creating bean with name 'userRepository' defined in net.engineeringdigest.journalApp.repository.UserRepository defined in @EnableMongoRepositories declared on MongoRepositoriesRegistrar.EnableMongoRepositoriesConfiguration: Cannot resolve reference to bean 'mongoTemplate' while setting bean property 'mongoOperations'; nested exception is org.springframework.beans.factory.BeanCreationException: Error creating bean with name 'mongoTemplate' defined in class path resource [org/springframework/boot/autoconfigure/data/mongo/MongoDatabaseFactoryDependentConfiguration.class]: Bean instantiation via factory method failed; nested exception is org.springframework.beans.BeanInstantiationException: Failed to instantiate [org.springframework.data.mongodb.core.MongoTemplate]: Factory method 'mongoTemplate' threw exception; nested exception is org.springframework.dao.DataAccessResourceFailureException: Timed out after 30000 ms while waiting for a server that matches com.mongodb.client.internal.MongoClientDelegate$1@241fbec. Client view of cluster state is {type=REPLICA_SET, servers=[{address=ac-ggf694n-shard-00-00.1q4yqcd.mongodb.net:27017, type=UNKNOWN, state=CONNECTING, exception={com.mongodb.MongoSocketWriteException: Exception sending message}, caused by {javax.net.ssl.SSLException: Received fatal alert: internal_error}}, {address=ac-ggf694n-shard-00-02.1q4yqcd.mongodb.net:27017, type=UNKNOWN, state=CONNECTING, exception={com.mongodb.MongoSocketWriteException: Exception sending message}, caused by {javax.net.ssl.SSLException: Received fatal alert: internal_error}}, {address=ac-ggf694n-shard-00-01.1q4yqcd.mongodb.net:27017, type=UNKNOWN, state=CONNECTING, exception={com.mongodb.MongoSocketWriteException: Exception sending message}, caused by {javax.net.ssl.SSLException: Received fatal alert: internal_error}}]; nested exception is com.mongodb.MongoTimeoutException: Timed out after 30000 ms while waiting for a server that matches com.mongodb.client.internal.MongoClientDelegate$1@241fbec. Client view of cluster state is {type=REPLICA_SET, servers=[{address=ac-ggf694n-shard-00-00.1q4yqcd.mongodb.net:27017, type=UNKNOWN, state=CONNECTING, exception={com.mongodb.MongoSocketWriteException: Exception sending message}, caused by {javax.net.ssl.SSLException: Received fatal alert: internal_error}}, {address=ac-ggf694n-shard-00-02.1q4yqcd.mongodb.net:27017, type=UNKNOWN, state=CONNECTING, exception={com.mongodb.MongoSocketWriteException: Exception sending message}, caused by {javax.net.ssl.SSLException: Received fatal alert: internal_error}}, {address=ac-ggf694n-shard-00-01.1q4yqcd.mongodb.net:27017, type=UNKNOWN, state=CONNECTING, exception={com.mongodb.MongoSocketWriteException: Exception sending message}, caused by {javax.net.ssl.SSLException: Received fatal alert: internal_error}}]
	at org.springframework.beans.factory.annotation.AutowiredAnnotationBeanPostProcessor$AutowiredFieldElement.resolveFieldValue(AutowiredAnnotationBeanPostProcessor.java:713)
	at org.springframework.beans.factory.annotation.AutowiredAnnotationBeanPostProcessor$AutowiredFieldElement.inject(AutowiredAnnotationBeanPostProcessor.java:693)
	at org.springframework.beans.factory.annotation.InjectionMetadata.inject(InjectionMetadata.java:119)
	at org.springframework.beans.factory.annotation.AutowiredAnnotationBeanPostProcessor.postProcessProperties(AutowiredAnnotationBeanPostProcessor.java:408)
	at org.springframework.beans.factory.support.AbstractAutowireCapableBeanFactory.populateBean(AbstractAutowireCapableBeanFactory.java:1431)
	at org.springframework.beans.factory.support.AbstractAutowireCapableBeanFactory.doCreateBean(AbstractAutowireCapableBeanFactory.java:619)
	at org.springframework.beans.factory.support.AbstractAutowireCapableBeanFactory.createBean(AbstractAutowireCapableBeanFactory.java:542)
	at org.springframework.beans.factory.support.AbstractBeanFactory.lambda$doGetBean$0(AbstractBeanFactory.java:335)
	at org.springframework.beans.factory.support.DefaultSingletonBeanRegistry.getSingleton(DefaultSingletonBeanRegistry.java:234)
	at org.springframework.beans.factory.support.AbstractBeanFactory.doGetBean(AbstractBeanFactory.java:333)
	at org.springframework.beans.factory.support.AbstractBeanFactory.getBean(AbstractBeanFactory.java:208)
	at org.springframework.beans.factory.support.DefaultListableBeanFactory.preInstantiateSingletons(DefaultListableBeanFactory.java:955)
	at org.springframework.context.support.AbstractApplicationContext.finishBeanFactoryInitialization(AbstractApplicationContext.java:921)
	at org.springframework.context.support.AbstractApplicationContext.refresh(AbstractApplicationContext.java:583)
	at org.springframework.boot.SpringApplication.refresh(SpringApplication.java:731)
	at org.springframework.boot.SpringApplication.refreshContext(SpringApplication.java:408)
	at org.springframework.boot.SpringApplication.run(SpringApplication.java:307)
	at org.springframework.boot.test.context.SpringBootContextLoader.loadContext(SpringBootContextLoader.java:136)
	at org.springframework.test.context.cache.DefaultCacheAwareContextLoaderDelegate.loadContextInternal(DefaultCacheAwareContextLoaderDelegate.java:141)
	at org.springframework.test.context.cache.DefaultCacheAwareContextLoaderDelegate.loadContext(DefaultCacheAwareContextLoaderDelegate.java:90)
	at org.springframework.test.context.support.DefaultTestContext.getApplicationContext(DefaultTestContext.java:124)
	at org.springframework.test.context.web.ServletTestExecutionListener.setUpRequestContextIfNecessary(ServletTestExecutionListener.java:190)
	at org.springframework.test.context.web.ServletTestExecutionListener.prepareTestInstance(ServletTestExecutionListener.java:132)
	at org.springframework.test.context.TestContextManager.prepareTestInstance(TestContextManager.java:248)
	at org.springframework.test.context.junit.jupiter.SpringExtension.postProcessTestInstance(SpringExtension.java:138)
	at org.junit.jupiter.engine.descriptor.ClassBasedTestDescriptor.lambda$invokeTestInstancePostProcessors$8(ClassBasedTestDescriptor.java:363)
	at org.junit.jupiter.engine.descriptor.ClassBasedTestDescriptor.executeAndMaskThrowable(ClassBasedTestDescriptor.java:368)
	at org.junit.jupiter.engine.descriptor.ClassBasedTestDescriptor.lambda$invokeTestInstancePostProcessors$9(ClassBasedTestDescriptor.java:363)
	at java.base/java.util.stream.ReferencePipeline$3$1.accept(ReferencePipeline.java:195)
	at java.base/java.util.stream.ReferencePipeline$2$1.accept(ReferencePipeline.java:177)
	at java.base/java.util.ArrayList$ArrayListSpliterator.forEachRemaining(ArrayList.java:1655)
	at java.base/java.util.stream.AbstractPipeline.copyInto(AbstractPipeline.java:484)
	at java.base/java.util.stream.AbstractPipeline.wrapAndCopyInto(AbstractPipeline.java:474)
	at java.base/java.util.stream.StreamSpliterators$WrappingSpliterator.forEachRemaining(StreamSpliterators.java:312)
	at java.base/java.util.stream.Streams$ConcatSpliterator.forEachRemaining(Streams.java:735)
	at java.base/java.util.stream.Streams$ConcatSpliterator.forEachRemaining(Streams.java:734)
	at java.base/java.util.stream.ReferencePipeline$Head.forEach(ReferencePipeline.java:658)
	at org.junit.jupiter.engine.descriptor.ClassBasedTestDescriptor.invokeTestInstancePostProcessors(ClassBasedTestDescriptor.java:362)
	at org.junit.jupiter.engine.descriptor.ClassBasedTestDescriptor.lambda$instantiateAndPostProcessTestInstance$6(ClassBasedTestDescriptor.java:283)
	at org.junit.platform.engine.support.hierarchical.ThrowableCollector.execute(ThrowableCollector.java:73)
	at org.junit.jupiter.engine.descriptor.ClassBasedTestDescriptor.instantiateAndPostProcessTestInstance(ClassBasedTestDescriptor.java:282)
	at org.junit.jupiter.engine.descriptor.ClassBasedTestDescriptor.lambda$testInstancesProvider$4(ClassBasedTestDescriptor.java:272)
	at java.base/java.util.Optional.orElseGet(Optional.java:369)
	at org.junit.jupiter.engine.descriptor.ClassBasedTestDescriptor.lambda$testInstancesProvider$5(ClassBasedTestDescriptor.java:271)
	at org.junit.jupiter.engine.execution.TestInstancesProvider.getTestInstances(TestInstancesProvider.java:31)
	at org.junit.jupiter.engine.descriptor.TestMethodTestDescriptor.lambda$prepare$0(TestMethodTestDescriptor.java:102)
	at org.junit.platform.engine.support.hierarchical.ThrowableCollector.execute(ThrowableCollector.java:73)
	at org.junit.jupiter.engine.descriptor.TestMethodTestDescriptor.prepare(TestMethodTestDescriptor.java:101)
	at org.junit.jupiter.engine.descriptor.TestMethodTestDescriptor.prepare(TestMethodTestDescriptor.java:66)
	at org.junit.platform.engine.support.hierarchical.NodeTestTask.lambda$prepare$2(NodeTestTask.java:123)
	at org.junit.platform.engine.support.hierarchical.ThrowableCollector.execute(ThrowableCollector.java:73)
	at org.junit.platform.engine.support.hierarchical.NodeTestTask.prepare(NodeTestTask.java:123)
	at org.junit.platform.engine.support.hierarchical.NodeTestTask.execute(NodeTestTask.java:90)
	at java.base/java.util.ArrayList.forEach(ArrayList.java:1541)
	at org.junit.platform.engine.support.hierarchical.SameThreadHierarchicalTestExecutorService.invokeAll(SameThreadHierarchicalTestExecutorService.java:41)
	at org.junit.platform.engine.support.hierarchical.NodeTestTask.lambda$executeRecursively$6(NodeTestTask.java:155)
	at org.junit.platform.engine.support.hierarchical.ThrowableCollector.execute(ThrowableCollector.java:73)
	at org.junit.platform.engine.support.hierarchical.NodeTestTask.lambda$executeRecursively$8(NodeTestTask.java:141)
	at org.junit.platform.engine.support.hierarchical.Node.around(Node.java:137)
	at org.junit.platform.engine.support.hierarchical.NodeTestTask.lambda$executeRecursively$9(NodeTestTask.java:139)
	at org.junit.platform.engine.support.hierarchical.ThrowableCollector.execute(ThrowableCollector.java:73)
	at org.junit.platform.engine.support.hierarchical.NodeTestTask.executeRecursively(NodeTestTask.java:138)
	at org.junit.platform.engine.support.hierarchical.NodeTestTask.execute(NodeTestTask.java:95)
	at java.base/java.util.ArrayList.forEach(ArrayList.java:1541)
	at org.junit.platform.engine.support.hierarchical.SameThreadHierarchicalTestExecutorService.invokeAll(SameThreadHierarchicalTestExecutorService.java:41)
	at org.junit.platform.engine.support.hierarchical.NodeTestTask.lambda$executeRecursively$6(NodeTestTask.java:155)
	at org.junit.platform.engine.support.hierarchical.ThrowableCollector.execute(ThrowableCollector.java:73)
	at org.junit.platform.engine.support.hierarchical.NodeTestTask.lambda$executeRecursively$8(NodeTestTask.java:141)
	at org.junit.platform.engine.support.hierarchical.Node.around(Node.java:137)
	at org.junit.platform.engine.support.hierarchical.NodeTestTask.lambda$executeRecursively$9(NodeTestTask.java:139)
	at org.junit.platform.engine.support.hierarchical.ThrowableCollector.execute(ThrowableCollector.java:73)
	at org.junit.platform.engine.support.hierarchical.NodeTestTask.executeRecursively(NodeTestTask.java:138)
	at org.junit.platform.engine.support.hierarchical.NodeTestTask.execute(NodeTestTask.java:95)
	at org.junit.platform.engine.support.hierarchical.SameThreadHierarchicalTestExecutorService.submit(SameThreadHierarchicalTestExecutorService.java:35)
	at org.junit.platform.engine.support.hierarchical.HierarchicalTestExecutor.execute(HierarchicalTestExecutor.java:57)
	at org.junit.platform.engine.support.hierarchical.HierarchicalTestEngine.execute(HierarchicalTestEngine.java:54)
	at org.junit.platform.launcher.core.DefaultLauncher.execute(DefaultLauncher.java:220)
	at org.junit.platform.launcher.core.DefaultLauncher.lambda$execute$6(DefaultLauncher.java:188)
	at org.junit.platform.launcher.core.DefaultLauncher.withInterceptedStreams(DefaultLauncher.java:202)
	at org.junit.platform.launcher.core.DefaultLauncher.execute(DefaultLauncher.java:181)
	at org.junit.platform.launcher.core.DefaultLauncher.execute(DefaultLauncher.java:128)
	at org.apache.maven.surefire.junitplatform.JUnitPlatformProvider.invokeAllTests(JUnitPlatformProvider.java:150)
	at org.apache.maven.surefire.junitplatform.JUnitPlatformProvider.invoke(JUnitPlatformProvider.java:124)
	at org.apache.maven.surefire.booter.ForkedBooter.invokeProviderInSameClassLoader(ForkedBooter.java:384)
	at org.apache.maven.surefire.booter.ForkedBooter.runSuitesInProcess(ForkedBooter.java:345)
	at org.apache.maven.surefire.booter.ForkedBooter.execute(ForkedBooter.java:126)
	at org.apache.maven.surefire.booter.ForkedBooter.main(ForkedBooter.java:418)
Caused by: org.springframework.beans.factory.UnsatisfiedDependencyException: Error creating bean with name 'userdetailserviceimpl': Unsatisfied dependency expressed through field 'userRepository'; nested exception is org.springframework.beans.factory.BeanCreationException: Error creating bean with name 'userRepository' defined in net.engineeringdigest.journalApp.repository.UserRepository defined in @EnableMongoRepositories declared on MongoRepositoriesRegistrar.EnableMongoRepositoriesConfiguration: Cannot resolve reference to bean 'mongoTemplate' while setting bean property 'mongoOperations'; nested exception is org.springframework.beans.factory.BeanCreationException: Error creating bean with name 'mongoTemplate' defined in class path resource [org/springframework/boot/autoconfigure/data/mongo/MongoDatabaseFactoryDependentConfiguration.class]: Bean instantiation via factory method failed; nested exception is org.springframework.beans.BeanInstantiationException: Failed to instantiate [org.springframework.data.mongodb.core.MongoTemplate]: Factory method 'mongoTemplate' threw exception; nested exception is org.springframework.dao.DataAccessResourceFailureException: Timed out after 30000 ms while waiting for a server that matches com.mongodb.client.internal.MongoClientDelegate$1@241fbec. Client view of cluster state is {type=REPLICA_SET, servers=[{address=ac-ggf694n-shard-00-00.1q4yqcd.mongodb.net:27017, type=UNKNOWN, state=CONNECTING, exception={com.mongodb.MongoSocketWriteException: Exception sending message}, caused by {javax.net.ssl.SSLException: Received fatal alert: internal_error}}, {address=ac-ggf694n-shard-00-02.1q4yqcd.mongodb.net:27017, type=UNKNOWN, state=CONNECTING, exception={com.mongodb.MongoSocketWriteException: Exception sending message}, caused by {javax.net.ssl.SSLException: Received fatal alert: internal_error}}, {address=ac-ggf694n-shard-00-01.1q4yqcd.mongodb.net:27017, type=UNKNOWN, state=CONNECTING, exception={com.mongodb.MongoSocketWriteException: Exception sending message}, caused by {javax.net.ssl.SSLException: Received fatal alert: internal_error}}]; nested exception is com.mongodb.MongoTimeoutException: Timed out after 30000 ms while waiting for a server that matches com.mongodb.client.internal.MongoClientDelegate$1@241fbec. Client view of cluster state is {type=REPLICA_SET, servers=[{address=ac-ggf694n-shard-00-00.1q4yqcd.mongodb.net:27017, type=UNKNOWN, state=CONNECTING, exception={com.mongodb.MongoSocketWriteException: Exception sending message}, caused by {javax.net.ssl.SSLException: Received fatal alert: internal_error}}, {address=ac-ggf694n-shard-00-02.1q4yqcd.mongodb.net:27017, type=UNKNOWN, state=CONNECTING, exception={com.mongodb.MongoSocketWriteException: Exception sending message}, caused by {javax.net.ssl.SSLException: Received fatal alert: internal_error}}, {address=ac-ggf694n-shard-00-01.1q4yqcd.mongodb.net:27017, type=UNKNOWN, state=CONNECTING, exception={com.mongodb.MongoSocketWriteException: Exception sending message}, caused by {javax.net.ssl.SSLException: Received fatal alert: internal_error}}]
	at org.springframework.beans.factory.annotation.AutowiredAnnotationBeanPostProcessor$AutowiredFieldElement.resolveFieldValue(AutowiredAnnotationBeanPostProcessor.java:713)
	at org.springframework.beans.factory.annotation.AutowiredAnnotationBeanPostProcessor$AutowiredFieldElement.inject(AutowiredAnnotationBeanPostProcessor.java:693)
	at org.springframework.beans.factory.annotation.InjectionMetadata.inject(InjectionMetadata.java:119)
	at org.springframework.beans.factory.annotation.AutowiredAnnotationBeanPostProcessor.postProcessProperties(AutowiredAnnotationBeanPostProcessor.java:408)
	at org.springframework.beans.factory.support.AbstractAutowireCapableBeanFactory.populateBean(AbstractAutowireCapableBeanFactory.java:1431)
	at org.springframework.beans.factory.support.AbstractAutowireCapableBeanFactory.doCreateBean(AbstractAutowireCapableBeanFactory.java:619)
	at org.springframework.beans.factory.support.AbstractAutowireCapableBeanFactory.createBean(AbstractAutowireCapableBeanFactory.java:542)
	at org.springframework.beans.factory.support.AbstractBeanFactory.lambda$doGetBean$0(AbstractBeanFactory.java:335)
	at org.springframework.beans.factory.support.DefaultSingletonBeanRegistry.getSingleton(DefaultSingletonBeanRegistry.java:234)
	at org.springframework.beans.factory.support.AbstractBeanFactory.doGetBean(AbstractBeanFactory.java:333)
	at org.springframework.beans.factory.support.AbstractBeanFactory.getBean(AbstractBeanFactory.java:208)
	at org.springframework.beans.factory.config.DependencyDescriptor.resolveCandidate(DependencyDescriptor.java:276)
	at org.springframework.beans.factory.support.DefaultListableBeanFactory.doResolveDependency(DefaultListableBeanFactory.java:1391)
	at org.springframework.beans.factory.support.DefaultListableBeanFactory.resolveDependency(DefaultListableBeanFactory.java:1311)
	at org.springframework.beans.factory.annotation.AutowiredAnnotationBeanPostProcessor$AutowiredFieldElement.resolveFieldValue(AutowiredAnnotationBeanPostProcessor.java:710)
	... 86 common frames omitted
Caused by: org.springframework.beans.factory.BeanCreationException: Error creating bean with name 'userRepository' defined in net.engineeringdigest.journalApp.repository.UserRepository defined in @EnableMongoRepositories declared on MongoRepositoriesRegistrar.EnableMongoRepositoriesConfiguration: Cannot resolve reference to bean 'mongoTemplate' while setting bean property 'mongoOperations'; nested exception is org.springframework.beans.factory.BeanCreationException: Error creating bean with name 'mongoTemplate' defined in class path resource [org/springframework/boot/autoconfigure/data/mongo/MongoDatabaseFactoryDependentConfiguration.class]: Bean instantiation via factory method failed; nested exception is org.springframework.beans.BeanInstantiationException: Failed to instantiate [org.springframework.data.mongodb.core.MongoTemplate]: Factory method 'mongoTemplate' threw exception; nested exception is org.springframework.dao.DataAccessResourceFailureException: Timed out after 30000 ms while waiting for a server that matches com.mongodb.client.internal.MongoClientDelegate$1@241fbec. Client view of cluster state is {type=REPLICA_SET, servers=[{address=ac-ggf694n-shard-00-00.1q4yqcd.mongodb.net:27017, type=UNKNOWN, state=CONNECTING, exception={com.mongodb.MongoSocketWriteException: Exception sending message}, caused by {javax.net.ssl.SSLException: Received fatal alert: internal_error}}, {address=ac-ggf694n-shard-00-02.1q4yqcd.mongodb.net:27017, type=UNKNOWN, state=CONNECTING, exception={com.mongodb.MongoSocketWriteException: Exception sending message}, caused by {javax.net.ssl.SSLException: Received fatal alert: internal_error}}, {address=ac-ggf694n-shard-00-01.1q4yqcd.mongodb.net:27017, type=UNKNOWN, state=CONNECTING, exception={com.mongodb.MongoSocketWriteException: Exception sending message}, caused by {javax.net.ssl.SSLException: Received fatal alert: internal_error}}]; nested exception is com.mongodb.MongoTimeoutException: Timed out after 30000 ms while waiting for a server that matches com.mongodb.client.internal.MongoClientDelegate$1@241fbec. Client view of cluster state is {type=REPLICA_SET, servers=[{address=ac-ggf694n-shard-00-00.1q4yqcd.mongodb.net:27017, type=UNKNOWN, state=CONNECTING, exception={com.mongodb.MongoSocketWriteException: Exception sending message}, caused by {javax.net.ssl.SSLException: Received fatal alert: internal_error}}, {address=ac-ggf694n-shard-00-02.1q4yqcd.mongodb.net:27017, type=UNKNOWN, state=CONNECTING, exception={com.mongodb.MongoSocketWriteException: Exception sending message}, caused by {javax.net.ssl.SSLException: Received fatal alert: internal_error}}, {address=ac-ggf694n-shard-00-01.1q4yqcd.mongodb.net:27017, type=UNKNOWN, state=CONNECTING, exception={com.mongodb.MongoSocketWriteException: Exception sending message}, caused by {javax.net.ssl.SSLException: Received fatal alert: internal_error}}]
	at org.springframework.beans.factory.support.BeanDefinitionValueResolver.resolveReference(BeanDefinitionValueResolver.java:342)
	at org.springframework.beans.factory.support.BeanDefinitionValueResolver.resolveValueIfNecessary(BeanDefinitionValueResolver.java:113)
	at org.springframework.beans.factory.support.AbstractAutowireCapableBeanFactory.applyPropertyValues(AbstractAutowireCapableBeanFactory.java:1707)
	at org.springframework.beans.factory.support.AbstractAutowireCapableBeanFactory.populateBean(AbstractAutowireCapableBeanFactory.java:1452)
	at org.springframework.beans.factory.support.AbstractAutowireCapableBeanFactory.doCreateBean(AbstractAutowireCapableBeanFactory.java:619)
	at org.springframework.beans.factory.support.AbstractAutowireCapableBeanFactory.createBean(AbstractAutowireCapableBeanFactory.java:542)
	at org.springframework.beans.factory.support.AbstractBeanFactory.lambda$doGetBean$0(AbstractBeanFactory.java:335)
	at org.springframework.beans.factory.support.DefaultSingletonBeanRegistry.getSingleton(DefaultSingletonBeanRegistry.java:234)
	at org.springframework.beans.factory.support.AbstractBeanFactory.doGetBean(AbstractBeanFactory.java:333)
	at org.springframework.beans.factory.support.AbstractBeanFactory.getBean(AbstractBeanFactory.java:208)
	at org.springframework.beans.factory.config.DependencyDescriptor.resolveCandidate(DependencyDescriptor.java:276)
	at org.springframework.beans.factory.support.DefaultListableBeanFactory.doResolveDependency(DefaultListableBeanFactory.java:1391)
	at org.springframework.beans.factory.support.DefaultListableBeanFactory.resolveDependency(DefaultListableBeanFactory.java:1311)
	at org.springframework.beans.factory.annotation.AutowiredAnnotationBeanPostProcessor$AutowiredFieldElement.resolveFieldValue(AutowiredAnnotationBeanPostProcessor.java:710)
	... 100 common frames omitted
Caused by: org.springframework.beans.factory.BeanCreationException: Error creating bean with name 'mongoTemplate' defined in class path resource [org/springframework/boot/autoconfigure/data/mongo/MongoDatabaseFactoryDependentConfiguration.class]: Bean instantiation via factory method failed; nested exception is org.springframework.beans.BeanInstantiationException: Failed to instantiate [org.springframework.data.mongodb.core.MongoTemplate]: Factory method 'mongoTemplate' threw exception; nested exception is org.springframework.dao.DataAccessResourceFailureException: Timed out after 30000 ms while waiting for a server that matches com.mongodb.client.internal.MongoClientDelegate$1@241fbec. Client view of cluster state is {type=REPLICA_SET, servers=[{address=ac-ggf694n-shard-00-00.1q4yqcd.mongodb.net:27017, type=UNKNOWN, state=CONNECTING, exception={com.mongodb.MongoSocketWriteException: Exception sending message}, caused by {javax.net.ssl.SSLException: Received fatal alert: internal_error}}, {address=ac-ggf694n-shard-00-02.1q4yqcd.mongodb.net:27017, type=UNKNOWN, state=CONNECTING, exception={com.mongodb.MongoSocketWriteException: Exception sending message}, caused by {javax.net.ssl.SSLException: Received fatal alert: internal_error}}, {address=ac-ggf694n-shard-00-01.1q4yqcd.mongodb.net:27017, type=UNKNOWN, state=CONNECTING, exception={com.mongodb.MongoSocketWriteException: Exception sending message}, caused by {javax.net.ssl.SSLException: Received fatal alert: internal_error}}]; nested exception is com.mongodb.MongoTimeoutException: Timed out after 30000 ms while waiting for a server that matches com.mongodb.client.internal.MongoClientDelegate$1@241fbec. Client view of cluster state is {type=REPLICA_SET, servers=[{address=ac-ggf694n-shard-00-00.1q4yqcd.mongodb.net:27017, type=UNKNOWN, state=CONNECTING, exception={com.mongodb.MongoSocketWriteException: Exception sending message}, caused by {javax.net.ssl.SSLException: Received fatal alert: internal_error}}, {address=ac-ggf694n-shard-00-02.1q4yqcd.mongodb.net:27017, type=UNKNOWN, state=CONNECTING, exception={com.mongodb.MongoSocketWriteException: Exception sending message}, caused by {javax.net.ssl.SSLException: Received fatal alert: internal_error}}, {address=ac-ggf694n-shard-00-01.1q4yqcd.mongodb.net:27017, type=UNKNOWN, state=CONNECTING, exception={com.mongodb.MongoSocketWriteException: Exception sending message}, caused by {javax.net.ssl.SSLException: Received fatal alert: internal_error}}]
	at org.springframework.beans.factory.support.ConstructorResolver.instantiate(ConstructorResolver.java:653)
	at org.springframework.beans.factory.support.ConstructorResolver.instantiateUsingFactoryMethod(ConstructorResolver.java:633)
	at org.springframework.beans.factory.support.AbstractAutowireCapableBeanFactory.instantiateUsingFactoryMethod(AbstractAutowireCapableBeanFactory.java:1352)
	at org.springframework.beans.factory.support.AbstractAutowireCapableBeanFactory.createBeanInstance(AbstractAutowireCapableBeanFactory.java:1195)
	at org.springframework.beans.factory.support.AbstractAutowireCapableBeanFactory.doCreateBean(AbstractAutowireCapableBeanFactory.java:582)
	at org.springframework.beans.factory.support.AbstractAutowireCapableBeanFactory.createBean(AbstractAutowireCapableBeanFactory.java:542)
	at org.springframework.beans.factory.support.AbstractBeanFactory.lambda$doGetBean$0(AbstractBeanFactory.java:335)
	at org.springframework.beans.factory.support.DefaultSingletonBeanRegistry.getSingleton(DefaultSingletonBeanRegistry.java:234)
	at org.springframework.beans.factory.support.AbstractBeanFactory.doGetBean(AbstractBeanFactory.java:333)
	at org.springframework.beans.factory.support.AbstractBeanFactory.getBean(AbstractBeanFactory.java:208)
	at org.springframework.beans.factory.support.BeanDefinitionValueResolver.resolveReference(BeanDefinitionValueResolver.java:330)
	... 113 common frames omitted
Caused by: org.springframework.beans.BeanInstantiationException: Failed to instantiate [org.springframework.data.mongodb.core.MongoTemplate]: Factory method 'mongoTemplate' threw exception; nested exception is org.springframework.dao.DataAccessResourceFailureException: Timed out after 30000 ms while waiting for a server that matches com.mongodb.client.internal.MongoClientDelegate$1@241fbec. Client view of cluster state is {type=REPLICA_SET, servers=[{address=ac-ggf694n-shard-00-00.1q4yqcd.mongodb.net:27017, type=UNKNOWN, state=CONNECTING, exception={com.mongodb.MongoSocketWriteException: Exception sending message}, caused by {javax.net.ssl.SSLException: Received fatal alert: internal_error}}, {address=ac-ggf694n-shard-00-02.1q4yqcd.mongodb.net:27017, type=UNKNOWN, state=CONNECTING, exception={com.mongodb.MongoSocketWriteException: Exception sending message}, caused by {javax.net.ssl.SSLException: Received fatal alert: internal_error}}, {address=ac-ggf694n-shard-00-01.1q4yqcd.mongodb.net:27017, type=UNKNOWN, state=CONNECTING, exception={com.mongodb.MongoSocketWriteException: Exception sending message}, caused by {javax.net.ssl.SSLException: Received fatal alert: internal_error}}]; nested exception is com.mongodb.MongoTimeoutException: Timed out after 30000 ms while waiting for a server that matches com.mongodb.client.internal.MongoClientDelegate$1@241fbec. Client view of cluster state is {type=REPLICA_SET, servers=[{address=ac-ggf694n-shard-00-00.1q4yqcd.mongodb.net:27017, type=UNKNOWN, state=CONNECTING, exception={com.mongodb.MongoSocketWriteException: Exception sending message}, caused by {javax.net.ssl.SSLException: Received fatal alert: internal_error}}, {address=ac-ggf694n-shard-00-02.1q4yqcd.mongodb.net:27017, type=UNKNOWN, state=CONNECTING, exception={com.mongodb.MongoSocketWriteException: Exception sending message}, caused by {javax.net.ssl.SSLException: Received fatal alert: internal_error}}, {address=ac-ggf694n-shard-00-01.1q4yqcd.mongodb.net:27017, type=UNKNOWN, state=CONNECTING, exception={com.mongodb.MongoSocketWriteException: Exception sending message}, caused by {javax.net.ssl.SSLException: Received fatal alert: internal_error}}]
	at org.springframework.beans.factory.support.SimpleInstantiationStrategy.instantiate(SimpleInstantiationStrategy.java:185)
	at org.springframework.beans.factory.support.ConstructorResolver.instantiate(ConstructorResolver.java:648)
	... 123 common frames omitted
Caused by: org.springframework.dao.DataAccessResourceFailureException: Timed out after 30000 ms while waiting for a server that matches com.mongodb.client.internal.MongoClientDelegate$1@241fbec. Client view of cluster state is {type=REPLICA_SET, servers=[{address=ac-ggf694n-shard-00-00.1q4yqcd.mongodb.net:27017, type=UNKNOWN, state=CONNECTING, exception={com.mongodb.MongoSocketWriteException: Exception sending message}, caused by {javax.net.ssl.SSLException: Received fatal alert: internal_error}}, {address=ac-ggf694n-shard-00-02.1q4yqcd.mongodb.net:27017, type=UNKNOWN, state=CONNECTING, exception={com.mongodb.MongoSocketWriteException: Exception sending message}, caused by {javax.net.ssl.SSLException: Received fatal alert: internal_error}}, {address=ac-ggf694n-shard-00-01.1q4yqcd.mongodb.net:27017, type=UNKNOWN, state=CONNECTING, exception={com.mongodb.MongoSocketWriteException: Exception sending message}, caused by {javax.net.ssl.SSLException: Received fatal alert: internal_error}}]; nested exception is com.mongodb.MongoTimeoutException: Timed out after 30000 ms while waiting for a server that matches com.mongodb.client.internal.MongoClientDelegate$1@241fbec. Client view of cluster state is {type=REPLICA_SET, servers=[{address=ac-ggf694n-shard-00-00.1q4yqcd.mongodb.net:27017, type=UNKNOWN, state=CONNECTING, exception={com.mongodb.MongoSocketWriteException: Exception sending message}, caused by {javax.net.ssl.SSLException: Received fatal alert: internal_error}}, {address=ac-ggf694n-shard-00-02.1q4yqcd.mongodb.net:27017, type=UNKNOWN, state=CONNECTING, exception={com.mongodb.MongoSocketWriteException: Exception sending message}, caused by {javax.net.ssl.SSLException: Received fatal alert: internal_error}}, {address=ac-ggf694n-shard-00-01.1q4yqcd.mongodb.net:27017, type=UNKNOWN, state=CONNECTING, exception={com.mongodb.MongoSocketWriteException: Exception sending message}, caused by {javax.net.ssl.SSLException: Received fatal alert: internal_error}}]
	at org.springframework.data.mongodb.core.MongoExceptionTranslator.translateExceptionIfPossible(MongoExceptionTranslator.java:95)
	at org.springframework.data.mongodb.core.MongoTemplate.potentiallyConvertRuntimeException(MongoTemplate.java:3029)
	at org.springframework.data.mongodb.core.MongoTemplate.execute(MongoTemplate.java:581)
	at org.springframework.data.mongodb.core.DefaultIndexOperations.execute(DefaultIndexOperations.java:215)
	at org.springframework.data.mongodb.core.DefaultIndexOperations.ensureIndex(DefaultIndexOperations.java:121)
	at org.springframework.data.mongodb.core.index.MongoPersistentEntityIndexCreator.createIndex(MongoPersistentEntityIndexCreator.java:157)
	at org.springframework.data.mongodb.core.index.MongoPersistentEntityIndexCreator.checkForAndCreateIndexes(MongoPersistentEntityIndexCreator.java:147)
	at org.springframework.data.mongodb.core.index.MongoPersistentEntityIndexCreator.checkForIndexes(MongoPersistentEntityIndexCreator.java:131)
	at org.springframework.data.mongodb.core.index.MongoPersistentEntityIndexCreator.<init>(MongoPersistentEntityIndexCreator.java:96)
	at org.springframework.data.mongodb.core.index.MongoPersistentEntityIndexCreator.<init>(MongoPersistentEntityIndexCreator.java:73)
	at org.springframework.data.mongodb.core.MongoTemplate.<init>(MongoTemplate.java:224)
	at org.springframework.boot.autoconfigure.data.mongo.MongoDatabaseFactoryDependentConfiguration.mongoTemplate(MongoDatabaseFactoryDependentConfiguration.java:63)
	at java.base/jdk.internal.reflect.NativeMethodAccessorImpl.invoke0(Native Method)
	at java.base/jdk.internal.reflect.NativeMethodAccessorImpl.invoke(NativeMethodAccessorImpl.java:62)
	at java.base/jdk.internal.reflect.DelegatingMethodAccessorImpl.invoke(DelegatingMethodAccessorImpl.java:43)
	at java.base/java.lang.reflect.Method.invoke(Method.java:566)
	at org.springframework.beans.factory.support.SimpleInstantiationStrategy.instantiate(SimpleInstantiationStrategy.java:154)
	... 124 common frames omitted
Caused by: com.mongodb.MongoTimeoutException: Timed out after 30000 ms while waiting for a server that matches com.mongodb.client.internal.MongoClientDelegate$1@241fbec. Client view of cluster state is {type=REPLICA_SET, servers=[{address=ac-ggf694n-shard-00-00.1q4yqcd.mongodb.net:27017, type=UNKNOWN, state=CONNECTING, exception={com.mongodb.MongoSocketWriteException: Exception sending message}, caused by {javax.net.ssl.SSLException: Received fatal alert: internal_error}}, {address=ac-ggf694n-shard-00-02.1q4yqcd.mongodb.net:27017, type=UNKNOWN, state=CONNECTING, exception={com.mongodb.MongoSocketWriteException: Exception sending message}, caused by {javax.net.ssl.SSLException: Received fatal alert: internal_error}}, {address=ac-ggf694n-shard-00-01.1q4yqcd.mongodb.net:27017, type=UNKNOWN, state=CONNECTING, exception={com.mongodb.MongoSocketWriteException: Exception sending message}, caused by {javax.net.ssl.SSLException: Received fatal alert: internal_error}}]
	at com.mongodb.internal.connection.BaseCluster.createTimeoutException(BaseCluster.java:424)
	at com.mongodb.internal.connection.BaseCluster.selectServer(BaseCluster.java:121)
	at com.mongodb.internal.connection.AbstractMultiServerCluster.selectServer(AbstractMultiServerCluster.java:50)
	at com.mongodb.client.internal.MongoClientDelegate.getConnectedClusterDescription(MongoClientDelegate.java:146)
	at com.mongodb.client.internal.MongoClientDelegate.createClientSession(MongoClientDelegate.java:101)
	at com.mongodb.client.internal.MongoClientDelegate$DelegateOperationExecutor.getClientSession(MongoClientDelegate.java:291)
	at com.mongodb.client.internal.MongoClientDelegate$DelegateOperationExecutor.execute(MongoClientDelegate.java:207)
	at com.mongodb.client.internal.MongoCollectionImpl.executeCreateIndexes(MongoCollectionImpl.java:848)
	at com.mongodb.client.internal.MongoCollectionImpl.createIndexes(MongoCollectionImpl.java:831)
	at com.mongodb.client.internal.MongoCollectionImpl.createIndexes(MongoCollectionImpl.java:826)
	at com.mongodb.client.internal.MongoCollectionImpl.createIndex(MongoCollectionImpl.java:811)
	at org.springframework.data.mongodb.core.DefaultIndexOperations.lambda$ensureIndex$0(DefaultIndexOperations.java:131)
	at org.springframework.data.mongodb.core.MongoTemplate.execute(MongoTemplate.java:579)
	... 138 common frames omitted
26-05-15 16:17:46.013 [main] ERROR o.s.test.context.TestContextManager - Caught exception while allowing TestExecutionListener [org.springframework.test.context.web.ServletTestExecutionListener@1b2c4efb] to prepare test instance [net.engineeringdigest.journalApp.JournalApplicationTests@149274cb]
java.lang.IllegalStateException: Failed to load ApplicationContext
	at org.springframework.test.context.cache.DefaultCacheAwareContextLoaderDelegate.loadContext(DefaultCacheAwareContextLoaderDelegate.java:98)
	at org.springframework.test.context.support.DefaultTestContext.getApplicationContext(DefaultTestContext.java:124)
	at org.springframework.test.context.web.ServletTestExecutionListener.setUpRequestContextIfNecessary(ServletTestExecutionListener.java:190)
	at org.springframework.test.context.web.ServletTestExecutionListener.prepareTestInstance(ServletTestExecutionListener.java:132)
	at org.springframework.test.context.TestContextManager.prepareTestInstance(TestContextManager.java:248)
	at org.springframework.test.context.junit.jupiter.SpringExtension.postProcessTestInstance(SpringExtension.java:138)
	at org.junit.jupiter.engine.descriptor.ClassBasedTestDescriptor.lambda$invokeTestInstancePostProcessors$8(ClassBasedTestDescriptor.java:363)
	at org.junit.jupiter.engine.descriptor.ClassBasedTestDescriptor.executeAndMaskThrowable(ClassBasedTestDescriptor.java:368)
	at org.junit.jupiter.engine.descriptor.ClassBasedTestDescriptor.lambda$invokeTestInstancePostProcessors$9(ClassBasedTestDescriptor.java:363)
	at java.base/java.util.stream.ReferencePipeline$3$1.accept(ReferencePipeline.java:195)
	at java.base/java.util.stream.ReferencePipeline$2$1.accept(ReferencePipeline.java:177)
	at java.base/java.util.ArrayList$ArrayListSpliterator.forEachRemaining(ArrayList.java:1655)
	at java.base/java.util.stream.AbstractPipeline.copyInto(AbstractPipeline.java:484)
	at java.base/java.util.stream.AbstractPipeline.wrapAndCopyInto(AbstractPipeline.java:474)
	at java.base/java.util.stream.StreamSpliterators$WrappingSpliterator.forEachRemaining(StreamSpliterators.java:312)
	at java.base/java.util.stream.Streams$ConcatSpliterator.forEachRemaining(Streams.java:735)
	at java.base/java.util.stream.Streams$ConcatSpliterator.forEachRemaining(Streams.java:734)
	at java.base/java.util.stream.ReferencePipeline$Head.forEach(ReferencePipeline.java:658)
	at org.junit.jupiter.engine.descriptor.ClassBasedTestDescriptor.invokeTestInstancePostProcessors(ClassBasedTestDescriptor.java:362)
	at org.junit.jupiter.engine.descriptor.ClassBasedTestDescriptor.lambda$instantiateAndPostProcessTestInstance$6(ClassBasedTestDescriptor.java:283)
	at org.junit.platform.engine.support.hierarchical.ThrowableCollector.execute(ThrowableCollector.java:73)
	at org.junit.jupiter.engine.descriptor.ClassBasedTestDescriptor.instantiateAndPostProcessTestInstance(ClassBasedTestDescriptor.java:282)
	at org.junit.jupiter.engine.descriptor.ClassBasedTestDescriptor.lambda$testInstancesProvider$4(ClassBasedTestDescriptor.java:272)
	at java.base/java.util.Optional.orElseGet(Optional.java:369)
	at org.junit.jupiter.engine.descriptor.ClassBasedTestDescriptor.lambda$testInstancesProvider$5(ClassBasedTestDescriptor.java:271)
	at org.junit.jupiter.engine.execution.TestInstancesProvider.getTestInstances(TestInstancesProvider.java:31)
	at org.junit.jupiter.engine.descriptor.TestMethodTestDescriptor.lambda$prepare$0(TestMethodTestDescriptor.java:102)
	at org.junit.platform.engine.support.hierarchical.ThrowableCollector.execute(ThrowableCollector.java:73)
	at org.junit.jupiter.engine.descriptor.TestMethodTestDescriptor.prepare(TestMethodTestDescriptor.java:101)
	at org.junit.jupiter.engine.descriptor.TestMethodTestDescriptor.prepare(TestMethodTestDescriptor.java:66)
	at org.junit.platform.engine.support.hierarchical.NodeTestTask.lambda$prepare$2(NodeTestTask.java:123)
	at org.junit.platform.engine.support.hierarchical.ThrowableCollector.execute(ThrowableCollector.java:73)
	at org.junit.platform.engine.support.hierarchical.NodeTestTask.prepare(NodeTestTask.java:123)
	at org.junit.platform.engine.support.hierarchical.NodeTestTask.execute(NodeTestTask.java:90)
	at java.base/java.util.ArrayList.forEach(ArrayList.java:1541)
	at org.junit.platform.engine.support.hierarchical.SameThreadHierarchicalTestExecutorService.invokeAll(SameThreadHierarchicalTestExecutorService.java:41)
	at org.junit.platform.engine.support.hierarchical.NodeTestTask.lambda$executeRecursively$6(NodeTestTask.java:155)
	at org.junit.platform.engine.support.hierarchical.ThrowableCollector.execute(ThrowableCollector.java:73)
	at org.junit.platform.engine.support.hierarchical.NodeTestTask.lambda$executeRecursively$8(NodeTestTask.java:141)
	at org.junit.platform.engine.support.hierarchical.Node.around(Node.java:137)
	at org.junit.platform.engine.support.hierarchical.NodeTestTask.lambda$executeRecursively$9(NodeTestTask.java:139)
	at org.junit.platform.engine.support.hierarchical.ThrowableCollector.execute(ThrowableCollector.java:73)
	at org.junit.platform.engine.support.hierarchical.NodeTestTask.executeRecursively(NodeTestTask.java:138)
	at org.junit.platform.engine.support.hierarchical.NodeTestTask.execute(NodeTestTask.java:95)
	at java.base/java.util.ArrayList.forEach(ArrayList.java:1541)
	at org.junit.platform.engine.support.hierarchical.SameThreadHierarchicalTestExecutorService.invokeAll(SameThreadHierarchicalTestExecutorService.java:41)
	at org.junit.platform.engine.support.hierarchical.NodeTestTask.lambda$executeRecursively$6(NodeTestTask.java:155)
	at org.junit.platform.engine.support.hierarchical.ThrowableCollector.execute(ThrowableCollector.java:73)
	at org.junit.platform.engine.support.hierarchical.NodeTestTask.lambda$executeRecursively$8(NodeTestTask.java:141)
	at org.junit.platform.engine.support.hierarchical.Node.around(Node.java:137)
	at org.junit.platform.engine.support.hierarchical.NodeTestTask.lambda$executeRecursively$9(NodeTestTask.java:139)
	at org.junit.platform.engine.support.hierarchical.ThrowableCollector.execute(ThrowableCollector.java:73)
	at org.junit.platform.engine.support.hierarchical.NodeTestTask.executeRecursively(NodeTestTask.java:138)
	at org.junit.platform.engine.support.hierarchical.NodeTestTask.execute(NodeTestTask.java:95)
	at org.junit.platform.engine.support.hierarchical.SameThreadHierarchicalTestExecutorService.submit(SameThreadHierarchicalTestExecutorService.java:35)
	at org.junit.platform.engine.support.hierarchical.HierarchicalTestExecutor.execute(HierarchicalTestExecutor.java:57)
	at org.junit.platform.engine.support.hierarchical.HierarchicalTestEngine.execute(HierarchicalTestEngine.java:54)
	at org.junit.platform.launcher.core.DefaultLauncher.execute(DefaultLauncher.java:220)
	at org.junit.platform.launcher.core.DefaultLauncher.lambda$execute$6(DefaultLauncher.java:188)
	at org.junit.platform.launcher.core.DefaultLauncher.withInterceptedStreams(DefaultLauncher.java:202)
	at org.junit.platform.launcher.core.DefaultLauncher.execute(DefaultLauncher.java:181)
	at org.junit.platform.launcher.core.DefaultLauncher.execute(DefaultLauncher.java:128)
	at org.apache.maven.surefire.junitplatform.JUnitPlatformProvider.invokeAllTests(JUnitPlatformProvider.java:150)
	at org.apache.maven.surefire.junitplatform.JUnitPlatformProvider.invoke(JUnitPlatformProvider.java:124)
	at org.apache.maven.surefire.booter.ForkedBooter.invokeProviderInSameClassLoader(ForkedBooter.java:384)
	at org.apache.maven.surefire.booter.ForkedBooter.runSuitesInProcess(ForkedBooter.java:345)
	at org.apache.maven.surefire.booter.ForkedBooter.execute(ForkedBooter.java:126)
	at org.apache.maven.surefire.booter.ForkedBooter.main(ForkedBooter.java:418)
Caused by: org.springframework.beans.factory.UnsatisfiedDependencyException: Error creating bean with name 'springSecurity': Unsatisfied dependency expressed through field 'userservice'; nested exception is org.springframework.beans.factory.UnsatisfiedDependencyException: Error creating bean with name 'userdetailserviceimpl': Unsatisfied dependency expressed through field 'userRepository'; nested exception is org.springframework.beans.factory.BeanCreationException: Error creating bean with name 'userRepository' defined in net.engineeringdigest.journalApp.repository.UserRepository defined in @EnableMongoRepositories declared on MongoRepositoriesRegistrar.EnableMongoRepositoriesConfiguration: Cannot resolve reference to bean 'mongoTemplate' while setting bean property 'mongoOperations'; nested exception is org.springframework.beans.factory.BeanCreationException: Error creating bean with name 'mongoTemplate' defined in class path resource [org/springframework/boot/autoconfigure/data/mongo/MongoDatabaseFactoryDependentConfiguration.class]: Bean instantiation via factory method failed; nested exception is org.springframework.beans.BeanInstantiationException: Failed to instantiate [org.springframework.data.mongodb.core.MongoTemplate]: Factory method 'mongoTemplate' threw exception; nested exception is org.springframework.dao.DataAccessResourceFailureException: Timed out after 30000 ms while waiting for a server that matches com.mongodb.client.internal.MongoClientDelegate$1@241fbec. Client view of cluster state is {type=REPLICA_SET, servers=[{address=ac-ggf694n-shard-00-00.1q4yqcd.mongodb.net:27017, type=UNKNOWN, state=CONNECTING, exception={com.mongodb.MongoSocketWriteException: Exception sending message}, caused by {javax.net.ssl.SSLException: Received fatal alert: internal_error}}, {address=ac-ggf694n-shard-00-02.1q4yqcd.mongodb.net:27017, type=UNKNOWN, state=CONNECTING, exception={com.mongodb.MongoSocketWriteException: Exception sending message}, caused by {javax.net.ssl.SSLException: Received fatal alert: internal_error}}, {address=ac-ggf694n-shard-00-01.1q4yqcd.mongodb.net:27017, type=UNKNOWN, state=CONNECTING, exception={com.mongodb.MongoSocketWriteException: Exception sending message}, caused by {javax.net.ssl.SSLException: Received fatal alert: internal_error}}]; nested exception is com.mongodb.MongoTimeoutException: Timed out after 30000 ms while waiting for a server that matches com.mongodb.client.internal.MongoClientDelegate$1@241fbec. Client view of cluster state is {type=REPLICA_SET, servers=[{address=ac-ggf694n-shard-00-00.1q4yqcd.mongodb.net:27017, type=UNKNOWN, state=CONNECTING, exception={com.mongodb.MongoSocketWriteException: Exception sending message}, caused by {javax.net.ssl.SSLException: Received fatal alert: internal_error}}, {address=ac-ggf694n-shard-00-02.1q4yqcd.mongodb.net:27017, type=UNKNOWN, state=CONNECTING, exception={com.mongodb.MongoSocketWriteException: Exception sending message}, caused by {javax.net.ssl.SSLException: Received fatal alert: internal_error}}, {address=ac-ggf694n-shard-00-01.1q4yqcd.mongodb.net:27017, type=UNKNOWN, state=CONNECTING, exception={com.mongodb.MongoSocketWriteException: Exception sending message}, caused by {javax.net.ssl.SSLException: Received fatal alert: internal_error}}]
	at org.springframework.beans.factory.annotation.AutowiredAnnotationBeanPostProcessor$AutowiredFieldElement.resolveFieldValue(AutowiredAnnotationBeanPostProcessor.java:713)
	at org.springframework.beans.factory.annotation.AutowiredAnnotationBeanPostProcessor$AutowiredFieldElement.inject(AutowiredAnnotationBeanPostProcessor.java:693)
	at org.springframework.beans.factory.annotation.InjectionMetadata.inject(InjectionMetadata.java:119)
	at org.springframework.beans.factory.annotation.AutowiredAnnotationBeanPostProcessor.postProcessProperties(AutowiredAnnotationBeanPostProcessor.java:408)
	at org.springframework.beans.factory.support.AbstractAutowireCapableBeanFactory.populateBean(AbstractAutowireCapableBeanFactory.java:1431)
	at org.springframework.beans.factory.support.AbstractAutowireCapableBeanFactory.doCreateBean(AbstractAutowireCapableBeanFactory.java:619)
	at org.springframework.beans.factory.support.AbstractAutowireCapableBeanFactory.createBean(AbstractAutowireCapableBeanFactory.java:542)
	at org.springframework.beans.factory.support.AbstractBeanFactory.lambda$doGetBean$0(AbstractBeanFactory.java:335)
	at org.springframework.beans.factory.support.DefaultSingletonBeanRegistry.getSingleton(DefaultSingletonBeanRegistry.java:234)
	at org.springframework.beans.factory.support.AbstractBeanFactory.doGetBean(AbstractBeanFactory.java:333)
	at org.springframework.beans.factory.support.AbstractBeanFactory.getBean(AbstractBeanFactory.java:208)
	at org.springframework.beans.factory.support.DefaultListableBeanFactory.preInstantiateSingletons(DefaultListableBeanFactory.java:955)
	at org.springframework.context.support.AbstractApplicationContext.finishBeanFactoryInitialization(AbstractApplicationContext.java:921)
	at org.springframework.context.support.AbstractApplicationContext.refresh(AbstractApplicationContext.java:583)
	at org.springframework.boot.SpringApplication.refresh(SpringApplication.java:731)
	at org.springframework.boot.SpringApplication.refreshContext(SpringApplication.java:408)
	at org.springframework.boot.SpringApplication.run(SpringApplication.java:307)
	at org.springframework.boot.test.context.SpringBootContextLoader.loadContext(SpringBootContextLoader.java:136)
	at org.springframework.test.context.cache.DefaultCacheAwareContextLoaderDelegate.loadContextInternal(DefaultCacheAwareContextLoaderDelegate.java:141)
	at org.springframework.test.context.cache.DefaultCacheAwareContextLoaderDelegate.loadContext(DefaultCacheAwareContextLoaderDelegate.java:90)
	... 67 common frames omitted
Caused by: org.springframework.beans.factory.UnsatisfiedDependencyException: Error creating bean with name 'userdetailserviceimpl': Unsatisfied dependency expressed through field 'userRepository'; nested exception is org.springframework.beans.factory.BeanCreationException: Error creating bean with name 'userRepository' defined in net.engineeringdigest.journalApp.repository.UserRepository defined in @EnableMongoRepositories declared on MongoRepositoriesRegistrar.EnableMongoRepositoriesConfiguration: Cannot resolve reference to bean 'mongoTemplate' while setting bean property 'mongoOperations'; nested exception is org.springframework.beans.factory.BeanCreationException: Error creating bean with name 'mongoTemplate' defined in class path resource [org/springframework/boot/autoconfigure/data/mongo/MongoDatabaseFactoryDependentConfiguration.class]: Bean instantiation via factory method failed; nested exception is org.springframework.beans.BeanInstantiationException: Failed to instantiate [org.springframework.data.mongodb.core.MongoTemplate]: Factory method 'mongoTemplate' threw exception; nested exception is org.springframework.dao.DataAccessResourceFailureException: Timed out after 30000 ms while waiting for a server that matches com.mongodb.client.internal.MongoClientDelegate$1@241fbec. Client view of cluster state is {type=REPLICA_SET, servers=[{address=ac-ggf694n-shard-00-00.1q4yqcd.mongodb.net:27017, type=UNKNOWN, state=CONNECTING, exception={com.mongodb.MongoSocketWriteException: Exception sending message}, caused by {javax.net.ssl.SSLException: Received fatal alert: internal_error}}, {address=ac-ggf694n-shard-00-02.1q4yqcd.mongodb.net:27017, type=UNKNOWN, state=CONNECTING, exception={com.mongodb.MongoSocketWriteException: Exception sending message}, caused by {javax.net.ssl.SSLException: Received fatal alert: internal_error}}, {address=ac-ggf694n-shard-00-01.1q4yqcd.mongodb.net:27017, type=UNKNOWN, state=CONNECTING, exception={com.mongodb.MongoSocketWriteException: Exception sending message}, caused by {javax.net.ssl.SSLException: Received fatal alert: internal_error}}]; nested exception is com.mongodb.MongoTimeoutException: Timed out after 30000 ms while waiting for a server that matches com.mongodb.client.internal.MongoClientDelegate$1@241fbec. Client view of cluster state is {type=REPLICA_SET, servers=[{address=ac-ggf694n-shard-00-00.1q4yqcd.mongodb.net:27017, type=UNKNOWN, state=CONNECTING, exception={com.mongodb.MongoSocketWriteException: Exception sending message}, caused by {javax.net.ssl.SSLException: Received fatal alert: internal_error}}, {address=ac-ggf694n-shard-00-02.1q4yqcd.mongodb.net:27017, type=UNKNOWN, state=CONNECTING, exception={com.mongodb.MongoSocketWriteException: Exception sending message}, caused by {javax.net.ssl.SSLException: Received fatal alert: internal_error}}, {address=ac-ggf694n-shard-00-01.1q4yqcd.mongodb.net:27017, type=UNKNOWN, state=CONNECTING, exception={com.mongodb.MongoSocketWriteException: Exception sending message}, caused by {javax.net.ssl.SSLException: Received fatal alert: internal_error}}]
	at org.springframework.beans.factory.annotation.AutowiredAnnotationBeanPostProcessor$AutowiredFieldElement.resolveFieldValue(AutowiredAnnotationBeanPostProcessor.java:713)
	at org.springframework.beans.factory.annotation.AutowiredAnnotationBeanPostProcessor$AutowiredFieldElement.inject(AutowiredAnnotationBeanPostProcessor.java:693)
	at org.springframework.beans.factory.annotation.InjectionMetadata.inject(InjectionMetadata.java:119)
	at org.springframework.beans.factory.annotation.AutowiredAnnotationBeanPostProcessor.postProcessProperties(AutowiredAnnotationBeanPostProcessor.java:408)
	at org.springframework.beans.factory.support.AbstractAutowireCapableBeanFactory.populateBean(AbstractAutowireCapableBeanFactory.java:1431)
	at org.springframework.beans.factory.support.AbstractAutowireCapableBeanFactory.doCreateBean(AbstractAutowireCapableBeanFactory.java:619)
	at org.springframework.beans.factory.support.AbstractAutowireCapableBeanFactory.createBean(AbstractAutowireCapableBeanFactory.java:542)
	at org.springframework.beans.factory.support.AbstractBeanFactory.lambda$doGetBean$0(AbstractBeanFactory.java:335)
	at org.springframework.beans.factory.support.DefaultSingletonBeanRegistry.getSingleton(DefaultSingletonBeanRegistry.java:234)
	at org.springframework.beans.factory.support.AbstractBeanFactory.doGetBean(AbstractBeanFactory.java:333)
	at org.springframework.beans.factory.support.AbstractBeanFactory.getBean(AbstractBeanFactory.java:208)
	at org.springframework.beans.factory.config.DependencyDescriptor.resolveCandidate(DependencyDescriptor.java:276)
	at org.springframework.beans.factory.support.DefaultListableBeanFactory.doResolveDependency(DefaultListableBeanFactory.java:1391)
	at org.springframework.beans.factory.support.DefaultListableBeanFactory.resolveDependency(DefaultListableBeanFactory.java:1311)
	at org.springframework.beans.factory.annotation.AutowiredAnnotationBeanPostProcessor$AutowiredFieldElement.resolveFieldValue(AutowiredAnnotationBeanPostProcessor.java:710)
	... 86 common frames omitted
Caused by: org.springframework.beans.factory.BeanCreationException: Error creating bean with name 'userRepository' defined in net.engineeringdigest.journalApp.repository.UserRepository defined in @EnableMongoRepositories declared on MongoRepositoriesRegistrar.EnableMongoRepositoriesConfiguration: Cannot resolve reference to bean 'mongoTemplate' while setting bean property 'mongoOperations'; nested exception is org.springframework.beans.factory.BeanCreationException: Error creating bean with name 'mongoTemplate' defined in class path resource [org/springframework/boot/autoconfigure/data/mongo/MongoDatabaseFactoryDependentConfiguration.class]: Bean instantiation via factory method failed; nested exception is org.springframework.beans.BeanInstantiationException: Failed to instantiate [org.springframework.data.mongodb.core.MongoTemplate]: Factory method 'mongoTemplate' threw exception; nested exception is org.springframework.dao.DataAccessResourceFailureException: Timed out after 30000 ms while waiting for a server that matches com.mongodb.client.internal.MongoClientDelegate$1@241fbec. Client view of cluster state is {type=REPLICA_SET, servers=[{address=ac-ggf694n-shard-00-00.1q4yqcd.mongodb.net:27017, type=UNKNOWN, state=CONNECTING, exception={com.mongodb.MongoSocketWriteException: Exception sending message}, caused by {javax.net.ssl.SSLException: Received fatal alert: internal_error}}, {address=ac-ggf694n-shard-00-02.1q4yqcd.mongodb.net:27017, type=UNKNOWN, state=CONNECTING, exception={com.mongodb.MongoSocketWriteException: Exception sending message}, caused by {javax.net.ssl.SSLException: Received fatal alert: internal_error}}, {address=ac-ggf694n-shard-00-01.1q4yqcd.mongodb.net:27017, type=UNKNOWN, state=CONNECTING, exception={com.mongodb.MongoSocketWriteException: Exception sending message}, caused by {javax.net.ssl.SSLException: Received fatal alert: internal_error}}]; nested exception is com.mongodb.MongoTimeoutException: Timed out after 30000 ms while waiting for a server that matches com.mongodb.client.internal.MongoClientDelegate$1@241fbec. Client view of cluster state is {type=REPLICA_SET, servers=[{address=ac-ggf694n-shard-00-00.1q4yqcd.mongodb.net:27017, type=UNKNOWN, state=CONNECTING, exception={com.mongodb.MongoSocketWriteException: Exception sending message}, caused by {javax.net.ssl.SSLException: Received fatal alert: internal_error}}, {address=ac-ggf694n-shard-00-02.1q4yqcd.mongodb.net:27017, type=UNKNOWN, state=CONNECTING, exception={com.mongodb.MongoSocketWriteException: Exception sending message}, caused by {javax.net.ssl.SSLException: Received fatal alert: internal_error}}, {address=ac-ggf694n-shard-00-01.1q4yqcd.mongodb.net:27017, type=UNKNOWN, state=CONNECTING, exception={com.mongodb.MongoSocketWriteException: Exception sending message}, caused by {javax.net.ssl.SSLException: Received fatal alert: internal_error}}]
	at org.springframework.beans.factory.support.BeanDefinitionValueResolver.resolveReference(BeanDefinitionValueResolver.java:342)
	at org.springframework.beans.factory.support.BeanDefinitionValueResolver.resolveValueIfNecessary(BeanDefinitionValueResolver.java:113)
	at org.springframework.beans.factory.support.AbstractAutowireCapableBeanFactory.applyPropertyValues(AbstractAutowireCapableBeanFactory.java:1707)
	at org.springframework.beans.factory.support.AbstractAutowireCapableBeanFactory.populateBean(AbstractAutowireCapableBeanFactory.java:1452)
	at org.springframework.beans.factory.support.AbstractAutowireCapableBeanFactory.doCreateBean(AbstractAutowireCapableBeanFactory.java:619)
	at org.springframework.beans.factory.support.AbstractAutowireCapableBeanFactory.createBean(AbstractAutowireCapableBeanFactory.java:542)
	at org.springframework.beans.factory.support.AbstractBeanFactory.lambda$doGetBean$0(AbstractBeanFactory.java:335)
	at org.springframework.beans.factory.support.DefaultSingletonBeanRegistry.getSingleton(DefaultSingletonBeanRegistry.java:234)
	at org.springframework.beans.factory.support.AbstractBeanFactory.doGetBean(AbstractBeanFactory.java:333)
	at org.springframework.beans.factory.support.AbstractBeanFactory.getBean(AbstractBeanFactory.java:208)
	at org.springframework.beans.factory.config.DependencyDescriptor.resolveCandidate(DependencyDescriptor.java:276)
	at org.springframework.beans.factory.support.DefaultListableBeanFactory.doResolveDependency(DefaultListableBeanFactory.java:1391)
	at org.springframework.beans.factory.support.DefaultListableBeanFactory.resolveDependency(DefaultListableBeanFactory.java:1311)
	at org.springframework.beans.factory.annotation.AutowiredAnnotationBeanPostProcessor$AutowiredFieldElement.resolveFieldValue(AutowiredAnnotationBeanPostProcessor.java:710)
	... 100 common frames omitted
Caused by: org.springframework.beans.factory.BeanCreationException: Error creating bean with name 'mongoTemplate' defined in class path resource [org/springframework/boot/autoconfigure/data/mongo/MongoDatabaseFactoryDependentConfiguration.class]: Bean instantiation via factory method failed; nested exception is org.springframework.beans.BeanInstantiationException: Failed to instantiate [org.springframework.data.mongodb.core.MongoTemplate]: Factory method 'mongoTemplate' threw exception; nested exception is org.springframework.dao.DataAccessResourceFailureException: Timed out after 30000 ms while waiting for a server that matches com.mongodb.client.internal.MongoClientDelegate$1@241fbec. Client view of cluster state is {type=REPLICA_SET, servers=[{address=ac-ggf694n-shard-00-00.1q4yqcd.mongodb.net:27017, type=UNKNOWN, state=CONNECTING, exception={com.mongodb.MongoSocketWriteException: Exception sending message}, caused by {javax.net.ssl.SSLException: Received fatal alert: internal_error}}, {address=ac-ggf694n-shard-00-02.1q4yqcd.mongodb.net:27017, type=UNKNOWN, state=CONNECTING, exception={com.mongodb.MongoSocketWriteException: Exception sending message}, caused by {javax.net.ssl.SSLException: Received fatal alert: internal_error}}, {address=ac-ggf694n-shard-00-01.1q4yqcd.mongodb.net:27017, type=UNKNOWN, state=CONNECTING, exception={com.mongodb.MongoSocketWriteException: Exception sending message}, caused by {javax.net.ssl.SSLException: Received fatal alert: internal_error}}]; nested exception is com.mongodb.MongoTimeoutException: Timed out after 30000 ms while waiting for a server that matches com.mongodb.client.internal.MongoClientDelegate$1@241fbec. Client view of cluster state is {type=REPLICA_SET, servers=[{address=ac-ggf694n-shard-00-00.1q4yqcd.mongodb.net:27017, type=UNKNOWN, state=CONNECTING, exception={com.mongodb.MongoSocketWriteException: Exception sending message}, caused by {javax.net.ssl.SSLException: Received fatal alert: internal_error}}, {address=ac-ggf694n-shard-00-02.1q4yqcd.mongodb.net:27017, type=UNKNOWN, state=CONNECTING, exception={com.mongodb.MongoSocketWriteException: Exception sending message}, caused by {javax.net.ssl.SSLException: Received fatal alert: internal_error}}, {address=ac-ggf694n-shard-00-01.1q4yqcd.mongodb.net:27017, type=UNKNOWN, state=CONNECTING, exception={com.mongodb.MongoSocketWriteException: Exception sending message}, caused by {javax.net.ssl.SSLException: Received fatal alert: internal_error}}]
	at org.springframework.beans.factory.support.ConstructorResolver.instantiate(ConstructorResolver.java:653)
	at org.springframework.beans.factory.support.ConstructorResolver.instantiateUsingFactoryMethod(ConstructorResolver.java:633)
	at org.springframework.beans.factory.support.AbstractAutowireCapableBeanFactory.instantiateUsingFactoryMethod(AbstractAutowireCapableBeanFactory.java:1352)
	at org.springframework.beans.factory.support.AbstractAutowireCapableBeanFactory.createBeanInstance(AbstractAutowireCapableBeanFactory.java:1195)
	at org.springframework.beans.factory.support.AbstractAutowireCapableBeanFactory.doCreateBean(AbstractAutowireCapableBeanFactory.java:582)
	at org.springframework.beans.factory.support.AbstractAutowireCapableBeanFactory.createBean(AbstractAutowireCapableBeanFactory.java:542)
	at org.springframework.beans.factory.support.AbstractBeanFactory.lambda$doGetBean$0(AbstractBeanFactory.java:335)
	at org.springframework.beans.factory.support.DefaultSingletonBeanRegistry.getSingleton(DefaultSingletonBeanRegistry.java:234)
	at org.springframework.beans.factory.support.AbstractBeanFactory.doGetBean(AbstractBeanFactory.java:333)
	at org.springframework.beans.factory.support.AbstractBeanFactory.getBean(AbstractBeanFactory.java:208)
	at org.springframework.beans.factory.support.BeanDefinitionValueResolver.resolveReference(BeanDefinitionValueResolver.java:330)
	... 113 common frames omitted
Caused by: org.springframework.beans.BeanInstantiationException: Failed to instantiate [org.springframework.data.mongodb.core.MongoTemplate]: Factory method 'mongoTemplate' threw exception; nested exception is org.springframework.dao.DataAccessResourceFailureException: Timed out after 30000 ms while waiting for a server that matches com.mongodb.client.internal.MongoClientDelegate$1@241fbec. Client view of cluster state is {type=REPLICA_SET, servers=[{address=ac-ggf694n-shard-00-00.1q4yqcd.mongodb.net:27017, type=UNKNOWN, state=CONNECTING, exception={com.mongodb.MongoSocketWriteException: Exception sending message}, caused by {javax.net.ssl.SSLException: Received fatal alert: internal_error}}, {address=ac-ggf694n-shard-00-02.1q4yqcd.mongodb.net:27017, type=UNKNOWN, state=CONNECTING, exception={com.mongodb.MongoSocketWriteException: Exception sending message}, caused by {javax.net.ssl.SSLException: Received fatal alert: internal_error}}, {address=ac-ggf694n-shard-00-01.1q4yqcd.mongodb.net:27017, type=UNKNOWN, state=CONNECTING, exception={com.mongodb.MongoSocketWriteException: Exception sending message}, caused by {javax.net.ssl.SSLException: Received fatal alert: internal_error}}]; nested exception is com.mongodb.MongoTimeoutException: Timed out after 30000 ms while waiting for a server that matches com.mongodb.client.internal.MongoClientDelegate$1@241fbec. Client view of cluster state is {type=REPLICA_SET, servers=[{address=ac-ggf694n-shard-00-00.1q4yqcd.mongodb.net:27017, type=UNKNOWN, state=CONNECTING, exception={com.mongodb.MongoSocketWriteException: Exception sending message}, caused by {javax.net.ssl.SSLException: Received fatal alert: internal_error}}, {address=ac-ggf694n-shard-00-02.1q4yqcd.mongodb.net:27017, type=UNKNOWN, state=CONNECTING, exception={com.mongodb.MongoSocketWriteException: Exception sending message}, caused by {javax.net.ssl.SSLException: Received fatal alert: internal_error}}, {address=ac-ggf694n-shard-00-01.1q4yqcd.mongodb.net:27017, type=UNKNOWN, state=CONNECTING, exception={com.mongodb.MongoSocketWriteException: Exception sending message}, caused by {javax.net.ssl.SSLException: Received fatal alert: internal_error}}]
	at org.springframework.beans.factory.support.SimpleInstantiationStrategy.instantiate(SimpleInstantiationStrategy.java:185)
	at org.springframework.beans.factory.support.ConstructorResolver.instantiate(ConstructorResolver.java:648)
	... 123 common frames omitted
Caused by: org.springframework.dao.DataAccessResourceFailureException: Timed out after 30000 ms while waiting for a server that matches com.mongodb.client.internal.MongoClientDelegate$1@241fbec. Client view of cluster state is {type=REPLICA_SET, servers=[{address=ac-ggf694n-shard-00-00.1q4yqcd.mongodb.net:27017, type=UNKNOWN, state=CONNECTING, exception={com.mongodb.MongoSocketWriteException: Exception sending message}, caused by {javax.net.ssl.SSLException: Received fatal alert: internal_error}}, {address=ac-ggf694n-shard-00-02.1q4yqcd.mongodb.net:27017, type=UNKNOWN, state=CONNECTING, exception={com.mongodb.MongoSocketWriteException: Exception sending message}, caused by {javax.net.ssl.SSLException: Received fatal alert: internal_error}}, {address=ac-ggf694n-shard-00-01.1q4yqcd.mongodb.net:27017, type=UNKNOWN, state=CONNECTING, exception={com.mongodb.MongoSocketWriteException: Exception sending message}, caused by {javax.net.ssl.SSLException: Received fatal alert: internal_error}}]; nested exception is com.mongodb.MongoTimeoutException: Timed out after 30000 ms while waiting for a server that matches com.mongodb.client.internal.MongoClientDelegate$1@241fbec. Client view of cluster state is {type=REPLICA_SET, servers=[{address=ac-ggf694n-shard-00-00.1q4yqcd.mongodb.net:27017, type=UNKNOWN, state=CONNECTING, exception={com.mongodb.MongoSocketWriteException: Exception sending message}, caused by {javax.net.ssl.SSLException: Received fatal alert: internal_error}}, {address=ac-ggf694n-shard-00-02.1q4yqcd.mongodb.net:27017, type=UNKNOWN, state=CONNECTING, exception={com.mongodb.MongoSocketWriteException: Exception sending message}, caused by {javax.net.ssl.SSLException: Received fatal alert: internal_error}}, {address=ac-ggf694n-shard-00-01.1q4yqcd.mongodb.net:27017, type=UNKNOWN, state=CONNECTING, exception={com.mongodb.MongoSocketWriteException: Exception sending message}, caused by {javax.net.ssl.SSLException: Received fatal alert: internal_error}}]
	at org.springframework.data.mongodb.core.MongoExceptionTranslator.translateExceptionIfPossible(MongoExceptionTranslator.java:95)
	at org.springframework.data.mongodb.core.MongoTemplate.potentiallyConvertRuntimeException(MongoTemplate.java:3029)
	at org.springframework.data.mongodb.core.MongoTemplate.execute(MongoTemplate.java:581)
	at org.springframework.data.mongodb.core.DefaultIndexOperations.execute(DefaultIndexOperations.java:215)
	at org.springframework.data.mongodb.core.DefaultIndexOperations.ensureIndex(DefaultIndexOperations.java:121)
	at org.springframework.data.mongodb.core.index.MongoPersistentEntityIndexCreator.createIndex(MongoPersistentEntityIndexCreator.java:157)
	at org.springframework.data.mongodb.core.index.MongoPersistentEntityIndexCreator.checkForAndCreateIndexes(MongoPersistentEntityIndexCreator.java:147)
	at org.springframework.data.mongodb.core.index.MongoPersistentEntityIndexCreator.checkForIndexes(MongoPersistentEntityIndexCreator.java:131)
	at org.springframework.data.mongodb.core.index.MongoPersistentEntityIndexCreator.<init>(MongoPersistentEntityIndexCreator.java:96)
	at org.springframework.data.mongodb.core.index.MongoPersistentEntityIndexCreator.<init>(MongoPersistentEntityIndexCreator.java:73)
	at org.springframework.data.mongodb.core.MongoTemplate.<init>(MongoTemplate.java:224)
	at org.springframework.boot.autoconfigure.data.mongo.MongoDatabaseFactoryDependentConfiguration.mongoTemplate(MongoDatabaseFactoryDependentConfiguration.java:63)
	at java.base/jdk.internal.reflect.NativeMethodAccessorImpl.invoke0(Native Method)
	at java.base/jdk.internal.reflect.NativeMethodAccessorImpl.invoke(NativeMethodAccessorImpl.java:62)
	at java.base/jdk.internal.reflect.DelegatingMethodAccessorImpl.invoke(DelegatingMethodAccessorImpl.java:43)
	at java.base/java.lang.reflect.Method.invoke(Method.java:566)
	at org.springframework.beans.factory.support.SimpleInstantiationStrategy.instantiate(SimpleInstantiationStrategy.java:154)
	... 124 common frames omitted
Caused by: com.mongodb.MongoTimeoutException: Timed out after 30000 ms while waiting for a server that matches com.mongodb.client.internal.MongoClientDelegate$1@241fbec. Client view of cluster state is {type=REPLICA_SET, servers=[{address=ac-ggf694n-shard-00-00.1q4yqcd.mongodb.net:27017, type=UNKNOWN, state=CONNECTING, exception={com.mongodb.MongoSocketWriteException: Exception sending message}, caused by {javax.net.ssl.SSLException: Received fatal alert: internal_error}}, {address=ac-ggf694n-shard-00-02.1q4yqcd.mongodb.net:27017, type=UNKNOWN, state=CONNECTING, exception={com.mongodb.MongoSocketWriteException: Exception sending message}, caused by {javax.net.ssl.SSLException: Received fatal alert: internal_error}}, {address=ac-ggf694n-shard-00-01.1q4yqcd.mongodb.net:27017, type=UNKNOWN, state=CONNECTING, exception={com.mongodb.MongoSocketWriteException: Exception sending message}, caused by {javax.net.ssl.SSLException: Received fatal alert: internal_error}}]
	at com.mongodb.internal.connection.BaseCluster.createTimeoutException(BaseCluster.java:424)
	at com.mongodb.internal.connection.BaseCluster.selectServer(BaseCluster.java:121)
	at com.mongodb.internal.connection.AbstractMultiServerCluster.selectServer(AbstractMultiServerCluster.java:50)
	at com.mongodb.client.internal.MongoClientDelegate.getConnectedClusterDescription(MongoClientDelegate.java:146)
	at com.mongodb.client.internal.MongoClientDelegate.createClientSession(MongoClientDelegate.java:101)
	at com.mongodb.client.internal.MongoClientDelegate$DelegateOperationExecutor.getClientSession(MongoClientDelegate.java:291)
	at com.mongodb.client.internal.MongoClientDelegate$DelegateOperationExecutor.execute(MongoClientDelegate.java:207)
	at com.mongodb.client.internal.MongoCollectionImpl.executeCreateIndexes(MongoCollectionImpl.java:848)
	at com.mongodb.client.internal.MongoCollectionImpl.createIndexes(MongoCollectionImpl.java:831)
	at com.mongodb.client.internal.MongoCollectionImpl.createIndexes(MongoCollectionImpl.java:826)
	at com.mongodb.client.internal.MongoCollectionImpl.createIndex(MongoCollectionImpl.java:811)
	at org.springframework.data.mongodb.core.DefaultIndexOperations.lambda$ensureIndex$0(DefaultIndexOperations.java:131)
	at org.springframework.data.mongodb.core.MongoTemplate.execute(MongoTemplate.java:579)
	... 138 common frames omitted
26-05-15 16:17:47.275 [main] INFO  o.s.b.t.c.SpringBootTestContextBootstrapper - Neither @ContextConfiguration nor @ContextHierarchy found for test class [net.engineeringdigest.journalApp.service.UserServiceTests], using SpringBootContextLoader
26-05-15 16:17:47.277 [main] INFO  o.s.t.c.s.AbstractContextLoader - Could not detect default resource locations for test class [net.engineeringdigest.journalApp.service.UserServiceTests]: no resource found for suffixes {-context.xml, Context.groovy}.
26-05-15 16:17:47.277 [main] INFO  o.s.t.c.s.AnnotationConfigContextLoaderUtils - Could not detect default configuration classes for test class [net.engineeringdigest.journalApp.service.UserServiceTests]: UserServiceTests does not declare any static, non-private, non-final, nested classes annotated with @Configuration.
26-05-15 16:17:47.299 [main] INFO  o.s.b.t.c.SpringBootTestContextBootstrapper - Found @SpringBootConfiguration net.engineeringdigest.journalApp.JournalApplication for test class net.engineeringdigest.journalApp.service.UserServiceTests
26-05-15 16:17:47.303 [main] INFO  o.s.b.t.c.SpringBootTestContextBootstrapper - Loaded default TestExecutionListener class names from location [META-INF/spring.factories]: [org.springframework.boot.test.mock.mockito.MockitoTestExecutionListener, org.springframework.boot.test.mock.mockito.ResetMocksTestExecutionListener, org.springframework.boot.test.autoconfigure.restdocs.RestDocsTestExecutionListener, org.springframework.boot.test.autoconfigure.web.client.MockRestServiceServerResetTestExecutionListener, org.springframework.boot.test.autoconfigure.web.servlet.MockMvcPrintOnlyOnFailureTestExecutionListener, org.springframework.boot.test.autoconfigure.web.servlet.WebDriverTestExecutionListener, org.springframework.boot.test.autoconfigure.webservices.client.MockWebServiceServerTestExecutionListener, org.springframework.test.context.web.ServletTestExecutionListener, org.springframework.test.context.support.DirtiesContextBeforeModesTestExecutionListener, org.springframework.test.context.event.ApplicationEventsTestExecutionListener, org.springframework.test.context.support.DependencyInjectionTestExecutionListener, org.springframework.test.context.support.DirtiesContextTestExecutionListener, org.springframework.test.context.transaction.TransactionalTestExecutionListener, org.springframework.test.context.jdbc.SqlScriptsTestExecutionListener, org.springframework.test.context.event.EventPublishingTestExecutionListener]
26-05-15 16:17:47.304 [main] INFO  o.s.b.t.c.SpringBootTestContextBootstrapper - Using TestExecutionListeners: [org.springframework.test.context.web.ServletTestExecutionListener@4a833595, org.springframework.test.context.support.DirtiesContextBeforeModesTestExecutionListener@31006a75, org.springframework.test.context.event.ApplicationEventsTestExecutionListener@49122853, org.springframework.boot.test.mock.mockito.MockitoTestExecutionListener@e97f115, org.springframework.boot.test.autoconfigure.SpringBootDependencyInjectionTestExecutionListener@5d6b42cf, org.springframework.test.context.support.DirtiesContextTestExecutionListener@6f8ac8d5, org.springframework.test.context.transaction.TransactionalTestExecutionListener@370225c7, org.springframework.test.context.jdbc.SqlScriptsTestExecutionListener@6ac756b, org.springframework.test.context.event.EventPublishingTestExecutionListener@156324b, org.springframework.boot.test.mock.mockito.ResetMocksTestExecutionListener@38a38ed4, org.springframework.boot.test.autoconfigure.restdocs.RestDocsTestExecutionListener@1e29a81a, org.springframework.boot.test.autoconfigure.web.client.MockRestServiceServerResetTestExecutionListener@7b4b8199, org.springframework.boot.test.autoconfigure.web.servlet.MockMvcPrintOnlyOnFailureTestExecutionListener@4bbf20d1, org.springframework.boot.test.autoconfigure.web.servlet.WebDriverTestExecutionListener@6fced25c, org.springframework.boot.test.autoconfigure.webservices.client.MockWebServiceServerTestExecutionListener@3cf4dec7]
26-05-15 16:17:47.458 [main] INFO  n.e.j.service.UserServiceTests - Starting UserServiceTests using Java 11.0.31 on LAPTOP-4IL5G33D with PID 32448 (started by SIDDHU in C:\Users\SIDDHU\OneDrive\Desktop\journalapp\journalApp)
26-05-15 16:17:47.458 [main] INFO  n.e.j.service.UserServiceTests - The following 1 profile is active: "dev"
26-05-15 16:17:47.867 [main] INFO  o.s.d.r.c.RepositoryConfigurationDelegate - Bootstrapping Spring Data MongoDB repositories in DEFAULT mode.
26-05-15 16:17:47.898 [main] INFO  o.s.d.r.c.RepositoryConfigurationDelegate - Finished Spring Data repository scanning in 29 ms. Found 2 MongoDB repository interfaces.
26-05-15 16:17:48.251 [main] INFO  org.mongodb.driver.client - MongoClient with metadata {"driver": {"name": "mongo-java-driver|sync|spring-boot", "version": "4.6.1"}, "os": {"type": "Windows", "name": "Windows 11", "architecture": "amd64", "version": "10.0"}, "platform": "Java/Microsoft/11.0.31+11-LTS", "application": {"name": "Cluster0"}} created with settings MongoClientSettings{readPreference=primary, writeConcern=WriteConcern{w=null, wTimeout=null ms, journal=null}, retryWrites=true, retryReads=true, readConcern=ReadConcern{level=null}, credential=MongoCredential{mechanism=null, userName='banusiddharth35_db_user', source='admin', password=<hidden>, mechanismProperties=<hidden>}, streamFactoryFactory=null, commandListeners=[], codecRegistry=ProvidersCodecRegistry{codecProviders=[ValueCodecProvider{}, BsonValueCodecProvider{}, DBRefCodecProvider{}, DBObjectCodecProvider{}, DocumentCodecProvider{}, IterableCodecProvider{}, MapCodecProvider{}, GeoJsonCodecProvider{}, GridFSFileCodecProvider{}, Jsr310CodecProvider{}, JsonObjectCodecProvider{}, BsonCodecProvider{}, EnumCodecProvider{}, com.mongodb.Jep395RecordCodecProvider@42d6c12d]}, clusterSettings={hosts=[127.0.0.1:27017], srvHost=cluster0.1q4yqcd.mongodb.net, srvServiceName=mongodb, mode=MULTIPLE, requiredClusterType=REPLICA_SET, requiredReplicaSetName='atlas-mizxxc-shard-0', serverSelector='null', clusterListeners='[]', serverSelectionTimeout='30000 ms', localThreshold='30000 ms'}, socketSettings=SocketSettings{connectTimeoutMS=10000, readTimeoutMS=0, receiveBufferSize=0, sendBufferSize=0}, heartbeatSocketSettings=SocketSettings{connectTimeoutMS=10000, readTimeoutMS=10000, receiveBufferSize=0, sendBufferSize=0}, connectionPoolSettings=ConnectionPoolSettings{maxSize=100, minSize=0, maxWaitTimeMS=120000, maxConnectionLifeTimeMS=0, maxConnectionIdleTimeMS=0, maintenanceInitialDelayMS=0, maintenanceFrequencyMS=60000, connectionPoolListeners=[], maxConnecting=2}, serverSettings=ServerSettings{heartbeatFrequencyMS=10000, minHeartbeatFrequencyMS=500, serverListeners='[]', serverMonitorListeners='[]'}, sslSettings=SslSettings{enabled=true, invalidHostNameAllowed=false, context=null}, applicationName='Cluster0', compressorList=[], uuidRepresentation=JAVA_LEGACY, serverApi=null, autoEncryptionSettings=null, contextProvider=null}
26-05-15 16:17:48.270 [cluster-ClusterId{value='6a06f9d432db1e4e72354a34', description='null'}-srv-cluster0.1q4yqcd.mongodb.net] INFO  org.mongodb.driver.cluster - Adding discovered server ac-ggf694n-shard-00-01.1q4yqcd.mongodb.net:27017 to client view of cluster
26-05-15 16:17:48.275 [cluster-ClusterId{value='6a06f9d432db1e4e72354a34', description='null'}-srv-cluster0.1q4yqcd.mongodb.net] INFO  org.mongodb.driver.cluster - Adding discovered server ac-ggf694n-shard-00-00.1q4yqcd.mongodb.net:27017 to client view of cluster
26-05-15 16:17:48.276 [cluster-ClusterId{value='6a06f9d432db1e4e72354a34', description='null'}-srv-cluster0.1q4yqcd.mongodb.net] INFO  org.mongodb.driver.cluster - Adding discovered server ac-ggf694n-shard-00-02.1q4yqcd.mongodb.net:27017 to client view of cluster
26-05-15 16:17:48.332 [cluster-ClusterId{value='6a06f9d432db1e4e72354a34', description='null'}-ac-ggf694n-shard-00-01.1q4yqcd.mongodb.net:27017] INFO  org.mongodb.driver.cluster - Exception in monitor thread while connecting to server ac-ggf694n-shard-00-01.1q4yqcd.mongodb.net:27017
com.mongodb.MongoSocketWriteException: Exception sending message
	at com.mongodb.internal.connection.InternalStreamConnection.translateWriteException(InternalStreamConnection.java:684)
	at com.mongodb.internal.connection.InternalStreamConnection.sendMessage(InternalStreamConnection.java:555)
	at com.mongodb.internal.connection.InternalStreamConnection.sendCommandMessage(InternalStreamConnection.java:381)
	at com.mongodb.internal.connection.InternalStreamConnection.sendAndReceive(InternalStreamConnection.java:329)
	at com.mongodb.internal.connection.CommandHelper.sendAndReceive(CommandHelper.java:101)
	at com.mongodb.internal.connection.CommandHelper.executeCommand(CommandHelper.java:45)
	at com.mongodb.internal.connection.InternalStreamConnectionInitializer.initializeConnectionDescription(InternalStreamConnectionInitializer.java:131)
	at com.mongodb.internal.connection.InternalStreamConnectionInitializer.startHandshake(InternalStreamConnectionInitializer.java:73)
	at com.mongodb.internal.connection.InternalStreamConnection.open(InternalStreamConnection.java:182)
	at com.mongodb.internal.connection.DefaultServerMonitor$ServerMonitorRunnable.lookupServerDescription(DefaultServerMonitor.java:193)
	at com.mongodb.internal.connection.DefaultServerMonitor$ServerMonitorRunnable.run(DefaultServerMonitor.java:157)
	at java.base/java.lang.Thread.run(Thread.java:829)
Caused by: javax.net.ssl.SSLException: Received fatal alert: internal_error
	at java.base/sun.security.ssl.Alert.createSSLException(Alert.java:133)
	at java.base/sun.security.ssl.Alert.createSSLException(Alert.java:117)
	at java.base/sun.security.ssl.TransportContext.fatal(TransportContext.java:353)
	at java.base/sun.security.ssl.Alert$AlertConsumer.consume(Alert.java:293)
	at java.base/sun.security.ssl.TransportContext.dispatch(TransportContext.java:192)
	at java.base/sun.security.ssl.SSLTransport.decode(SSLTransport.java:172)
	at java.base/sun.security.ssl.SSLSocketImpl.decode(SSLSocketImpl.java:1511)
	at java.base/sun.security.ssl.SSLSocketImpl.readHandshakeRecord(SSLSocketImpl.java:1421)
	at java.base/sun.security.ssl.SSLSocketImpl.startHandshake(SSLSocketImpl.java:456)
	at java.base/sun.security.ssl.SSLSocketImpl.ensureNegotiated(SSLSocketImpl.java:926)
	at java.base/sun.security.ssl.SSLSocketImpl$AppOutputStream.write(SSLSocketImpl.java:1296)
	at com.mongodb.internal.connection.SocketStream.write(SocketStream.java:99)
	at com.mongodb.internal.connection.InternalStreamConnection.sendMessage(InternalStreamConnection.java:552)
	... 10 common frames omitted
26-05-15 16:17:48.333 [cluster-ClusterId{value='6a06f9d432db1e4e72354a34', description='null'}-ac-ggf694n-shard-00-00.1q4yqcd.mongodb.net:27017] INFO  org.mongodb.driver.cluster - Exception in monitor thread while connecting to server ac-ggf694n-shard-00-00.1q4yqcd.mongodb.net:27017
com.mongodb.MongoSocketWriteException: Exception sending message
	at com.mongodb.internal.connection.InternalStreamConnection.translateWriteException(InternalStreamConnection.java:684)
	at com.mongodb.internal.connection.InternalStreamConnection.sendMessage(InternalStreamConnection.java:555)
	at com.mongodb.internal.connection.InternalStreamConnection.sendCommandMessage(InternalStreamConnection.java:381)
	at com.mongodb.internal.connection.InternalStreamConnection.sendAndReceive(InternalStreamConnection.java:329)
	at com.mongodb.internal.connection.CommandHelper.sendAndReceive(CommandHelper.java:101)
	at com.mongodb.internal.connection.CommandHelper.executeCommand(CommandHelper.java:45)
	at com.mongodb.internal.connection.InternalStreamConnectionInitializer.initializeConnectionDescription(InternalStreamConnectionInitializer.java:131)
	at com.mongodb.internal.connection.InternalStreamConnectionInitializer.startHandshake(InternalStreamConnectionInitializer.java:73)
	at com.mongodb.internal.connection.InternalStreamConnection.open(InternalStreamConnection.java:182)
	at com.mongodb.internal.connection.DefaultServerMonitor$ServerMonitorRunnable.lookupServerDescription(DefaultServerMonitor.java:193)
	at com.mongodb.internal.connection.DefaultServerMonitor$ServerMonitorRunnable.run(DefaultServerMonitor.java:157)
	at java.base/java.lang.Thread.run(Thread.java:829)
Caused by: javax.net.ssl.SSLException: Received fatal alert: internal_error
	at java.base/sun.security.ssl.Alert.createSSLException(Alert.java:133)
	at java.base/sun.security.ssl.Alert.createSSLException(Alert.java:117)
	at java.base/sun.security.ssl.TransportContext.fatal(TransportContext.java:353)
	at java.base/sun.security.ssl.Alert$AlertConsumer.consume(Alert.java:293)
	at java.base/sun.security.ssl.TransportContext.dispatch(TransportContext.java:192)
	at java.base/sun.security.ssl.SSLTransport.decode(SSLTransport.java:172)
	at java.base/sun.security.ssl.SSLSocketImpl.decode(SSLSocketImpl.java:1511)
	at java.base/sun.security.ssl.SSLSocketImpl.readHandshakeRecord(SSLSocketImpl.java:1421)
	at java.base/sun.security.ssl.SSLSocketImpl.startHandshake(SSLSocketImpl.java:456)
	at java.base/sun.security.ssl.SSLSocketImpl.ensureNegotiated(SSLSocketImpl.java:926)
	at java.base/sun.security.ssl.SSLSocketImpl$AppOutputStream.write(SSLSocketImpl.java:1296)
	at com.mongodb.internal.connection.SocketStream.write(SocketStream.java:99)
	at com.mongodb.internal.connection.InternalStreamConnection.sendMessage(InternalStreamConnection.java:552)
	... 10 common frames omitted
26-05-15 16:17:48.333 [cluster-ClusterId{value='6a06f9d432db1e4e72354a34', description='null'}-ac-ggf694n-shard-00-02.1q4yqcd.mongodb.net:27017] INFO  org.mongodb.driver.cluster - Exception in monitor thread while connecting to server ac-ggf694n-shard-00-02.1q4yqcd.mongodb.net:27017
com.mongodb.MongoSocketWriteException: Exception sending message
	at com.mongodb.internal.connection.InternalStreamConnection.translateWriteException(InternalStreamConnection.java:684)
	at com.mongodb.internal.connection.InternalStreamConnection.sendMessage(InternalStreamConnection.java:555)
	at com.mongodb.internal.connection.InternalStreamConnection.sendCommandMessage(InternalStreamConnection.java:381)
	at com.mongodb.internal.connection.InternalStreamConnection.sendAndReceive(InternalStreamConnection.java:329)
	at com.mongodb.internal.connection.CommandHelper.sendAndReceive(CommandHelper.java:101)
	at com.mongodb.internal.connection.CommandHelper.executeCommand(CommandHelper.java:45)
	at com.mongodb.internal.connection.InternalStreamConnectionInitializer.initializeConnectionDescription(InternalStreamConnectionInitializer.java:131)
	at com.mongodb.internal.connection.InternalStreamConnectionInitializer.startHandshake(InternalStreamConnectionInitializer.java:73)
	at com.mongodb.internal.connection.InternalStreamConnection.open(InternalStreamConnection.java:182)
	at com.mongodb.internal.connection.DefaultServerMonitor$ServerMonitorRunnable.lookupServerDescription(DefaultServerMonitor.java:193)
	at com.mongodb.internal.connection.DefaultServerMonitor$ServerMonitorRunnable.run(DefaultServerMonitor.java:157)
	at java.base/java.lang.Thread.run(Thread.java:829)
Caused by: javax.net.ssl.SSLException: Received fatal alert: internal_error
	at java.base/sun.security.ssl.Alert.createSSLException(Alert.java:133)
	at java.base/sun.security.ssl.Alert.createSSLException(Alert.java:117)
	at java.base/sun.security.ssl.TransportContext.fatal(TransportContext.java:353)
	at java.base/sun.security.ssl.Alert$AlertConsumer.consume(Alert.java:293)
	at java.base/sun.security.ssl.TransportContext.dispatch(TransportContext.java:192)
	at java.base/sun.security.ssl.SSLTransport.decode(SSLTransport.java:172)
	at java.base/sun.security.ssl.SSLSocketImpl.decode(SSLSocketImpl.java:1511)
	at java.base/sun.security.ssl.SSLSocketImpl.readHandshakeRecord(SSLSocketImpl.java:1421)
	at java.base/sun.security.ssl.SSLSocketImpl.startHandshake(SSLSocketImpl.java:456)
	at java.base/sun.security.ssl.SSLSocketImpl.ensureNegotiated(SSLSocketImpl.java:926)
	at java.base/sun.security.ssl.SSLSocketImpl$AppOutputStream.write(SSLSocketImpl.java:1296)
	at com.mongodb.internal.connection.SocketStream.write(SocketStream.java:99)
	at com.mongodb.internal.connection.InternalStreamConnection.sendMessage(InternalStreamConnection.java:552)
	... 10 common frames omitted
26-05-15 16:17:48.351 [main] INFO  org.mongodb.driver.cluster - No server chosen by com.mongodb.client.internal.MongoClientDelegate$1@1c43df76 from cluster description ClusterDescription{type=REPLICA_SET, connectionMode=MULTIPLE, serverDescriptions=[ServerDescription{address=ac-ggf694n-shard-00-00.1q4yqcd.mongodb.net:27017, type=UNKNOWN, state=CONNECTING, exception={com.mongodb.MongoSocketWriteException: Exception sending message}, caused by {javax.net.ssl.SSLException: Received fatal alert: internal_error}}, ServerDescription{address=ac-ggf694n-shard-00-02.1q4yqcd.mongodb.net:27017, type=UNKNOWN, state=CONNECTING, exception={com.mongodb.MongoSocketWriteException: Exception sending message}, caused by {javax.net.ssl.SSLException: Received fatal alert: internal_error}}, ServerDescription{address=ac-ggf694n-shard-00-01.1q4yqcd.mongodb.net:27017, type=UNKNOWN, state=CONNECTING, exception={com.mongodb.MongoSocketWriteException: Exception sending message}, caused by {javax.net.ssl.SSLException: Received fatal alert: internal_error}}]}. Waiting for 30000 ms before timing out
26-05-15 16:18:18.353 [main] WARN  o.s.w.c.s.GenericWebApplicationContext - Exception encountered during context initialization - cancelling refresh attempt: org.springframework.beans.factory.UnsatisfiedDependencyException: Error creating bean with name 'springSecurity': Unsatisfied dependency expressed through field 'userservice'; nested exception is org.springframework.beans.factory.UnsatisfiedDependencyException: Error creating bean with name 'userdetailserviceimpl': Unsatisfied dependency expressed through field 'userRepository'; nested exception is org.springframework.beans.factory.BeanCreationException: Error creating bean with name 'userRepository' defined in net.engineeringdigest.journalApp.repository.UserRepository defined in @EnableMongoRepositories declared on MongoRepositoriesRegistrar.EnableMongoRepositoriesConfiguration: Cannot resolve reference to bean 'mongoTemplate' while setting bean property 'mongoOperations'; nested exception is org.springframework.beans.factory.BeanCreationException: Error creating bean with name 'mongoTemplate' defined in class path resource [org/springframework/boot/autoconfigure/data/mongo/MongoDatabaseFactoryDependentConfiguration.class]: Bean instantiation via factory method failed; nested exception is org.springframework.beans.BeanInstantiationException: Failed to instantiate [org.springframework.data.mongodb.core.MongoTemplate]: Factory method 'mongoTemplate' threw exception; nested exception is org.springframework.dao.DataAccessResourceFailureException: Timed out after 30000 ms while waiting for a server that matches com.mongodb.client.internal.MongoClientDelegate$1@1c43df76. Client view of cluster state is {type=REPLICA_SET, servers=[{address=ac-ggf694n-shard-00-00.1q4yqcd.mongodb.net:27017, type=UNKNOWN, state=CONNECTING, exception={com.mongodb.MongoSocketWriteException: Exception sending message}, caused by {javax.net.ssl.SSLException: Received fatal alert: internal_error}}, {address=ac-ggf694n-shard-00-02.1q4yqcd.mongodb.net:27017, type=UNKNOWN, state=CONNECTING, exception={com.mongodb.MongoSocketWriteException: Exception sending message}, caused by {javax.net.ssl.SSLException: Received fatal alert: internal_error}}, {address=ac-ggf694n-shard-00-01.1q4yqcd.mongodb.net:27017, type=UNKNOWN, state=CONNECTING, exception={com.mongodb.MongoSocketWriteException: Exception sending message}, caused by {javax.net.ssl.SSLException: Received fatal alert: internal_error}}]; nested exception is com.mongodb.MongoTimeoutException: Timed out after 30000 ms while waiting for a server that matches com.mongodb.client.internal.MongoClientDelegate$1@1c43df76. Client view of cluster state is {type=REPLICA_SET, servers=[{address=ac-ggf694n-shard-00-00.1q4yqcd.mongodb.net:27017, type=UNKNOWN, state=CONNECTING, exception={com.mongodb.MongoSocketWriteException: Exception sending message}, caused by {javax.net.ssl.SSLException: Received fatal alert: internal_error}}, {address=ac-ggf694n-shard-00-02.1q4yqcd.mongodb.net:27017, type=UNKNOWN, state=CONNECTING, exception={com.mongodb.MongoSocketWriteException: Exception sending message}, caused by {javax.net.ssl.SSLException: Received fatal alert: internal_error}}, {address=ac-ggf694n-shard-00-01.1q4yqcd.mongodb.net:27017, type=UNKNOWN, state=CONNECTING, exception={com.mongodb.MongoSocketWriteException: Exception sending message}, caused by {javax.net.ssl.SSLException: Received fatal alert: internal_error}}]
26-05-15 16:18:18.359 [main] INFO  o.s.b.a.l.ConditionEvaluationReportLoggingListener - 

Error starting ApplicationContext. To display the conditions report re-run your application with 'debug' enabled.
26-05-15 16:18:18.368 [main] ERROR o.s.boot.SpringApplication - Application run failed
org.springframework.beans.factory.UnsatisfiedDependencyException: Error creating bean with name 'springSecurity': Unsatisfied dependency expressed through field 'userservice'; nested exception is org.springframework.beans.factory.UnsatisfiedDependencyException: Error creating bean with name 'userdetailserviceimpl': Unsatisfied dependency expressed through field 'userRepository'; nested exception is org.springframework.beans.factory.BeanCreationException: Error creating bean with name 'userRepository' defined in net.engineeringdigest.journalApp.repository.UserRepository defined in @EnableMongoRepositories declared on MongoRepositoriesRegistrar.EnableMongoRepositoriesConfiguration: Cannot resolve reference to bean 'mongoTemplate' while setting bean property 'mongoOperations'; nested exception is org.springframework.beans.factory.BeanCreationException: Error creating bean with name 'mongoTemplate' defined in class path resource [org/springframework/boot/autoconfigure/data/mongo/MongoDatabaseFactoryDependentConfiguration.class]: Bean instantiation via factory method failed; nested exception is org.springframework.beans.BeanInstantiationException: Failed to instantiate [org.springframework.data.mongodb.core.MongoTemplate]: Factory method 'mongoTemplate' threw exception; nested exception is org.springframework.dao.DataAccessResourceFailureException: Timed out after 30000 ms while waiting for a server that matches com.mongodb.client.internal.MongoClientDelegate$1@1c43df76. Client view of cluster state is {type=REPLICA_SET, servers=[{address=ac-ggf694n-shard-00-00.1q4yqcd.mongodb.net:27017, type=UNKNOWN, state=CONNECTING, exception={com.mongodb.MongoSocketWriteException: Exception sending message}, caused by {javax.net.ssl.SSLException: Received fatal alert: internal_error}}, {address=ac-ggf694n-shard-00-02.1q4yqcd.mongodb.net:27017, type=UNKNOWN, state=CONNECTING, exception={com.mongodb.MongoSocketWriteException: Exception sending message}, caused by {javax.net.ssl.SSLException: Received fatal alert: internal_error}}, {address=ac-ggf694n-shard-00-01.1q4yqcd.mongodb.net:27017, type=UNKNOWN, state=CONNECTING, exception={com.mongodb.MongoSocketWriteException: Exception sending message}, caused by {javax.net.ssl.SSLException: Received fatal alert: internal_error}}]; nested exception is com.mongodb.MongoTimeoutException: Timed out after 30000 ms while waiting for a server that matches com.mongodb.client.internal.MongoClientDelegate$1@1c43df76. Client view of cluster state is {type=REPLICA_SET, servers=[{address=ac-ggf694n-shard-00-00.1q4yqcd.mongodb.net:27017, type=UNKNOWN, state=CONNECTING, exception={com.mongodb.MongoSocketWriteException: Exception sending message}, caused by {javax.net.ssl.SSLException: Received fatal alert: internal_error}}, {address=ac-ggf694n-shard-00-02.1q4yqcd.mongodb.net:27017, type=UNKNOWN, state=CONNECTING, exception={com.mongodb.MongoSocketWriteException: Exception sending message}, caused by {javax.net.ssl.SSLException: Received fatal alert: internal_error}}, {address=ac-ggf694n-shard-00-01.1q4yqcd.mongodb.net:27017, type=UNKNOWN, state=CONNECTING, exception={com.mongodb.MongoSocketWriteException: Exception sending message}, caused by {javax.net.ssl.SSLException: Received fatal alert: internal_error}}]
	at org.springframework.beans.factory.annotation.AutowiredAnnotationBeanPostProcessor$AutowiredFieldElement.resolveFieldValue(AutowiredAnnotationBeanPostProcessor.java:713)
	at org.springframework.beans.factory.annotation.AutowiredAnnotationBeanPostProcessor$AutowiredFieldElement.inject(AutowiredAnnotationBeanPostProcessor.java:693)
	at org.springframework.beans.factory.annotation.InjectionMetadata.inject(InjectionMetadata.java:119)
	at org.springframework.beans.factory.annotation.AutowiredAnnotationBeanPostProcessor.postProcessProperties(AutowiredAnnotationBeanPostProcessor.java:408)
	at org.springframework.beans.factory.support.AbstractAutowireCapableBeanFactory.populateBean(AbstractAutowireCapableBeanFactory.java:1431)
	at org.springframework.beans.factory.support.AbstractAutowireCapableBeanFactory.doCreateBean(AbstractAutowireCapableBeanFactory.java:619)
	at org.springframework.beans.factory.support.AbstractAutowireCapableBeanFactory.createBean(AbstractAutowireCapableBeanFactory.java:542)
	at org.springframework.beans.factory.support.AbstractBeanFactory.lambda$doGetBean$0(AbstractBeanFactory.java:335)
	at org.springframework.beans.factory.support.DefaultSingletonBeanRegistry.getSingleton(DefaultSingletonBeanRegistry.java:234)
	at org.springframework.beans.factory.support.AbstractBeanFactory.doGetBean(AbstractBeanFactory.java:333)
	at org.springframework.beans.factory.support.AbstractBeanFactory.getBean(AbstractBeanFactory.java:208)
	at org.springframework.beans.factory.support.DefaultListableBeanFactory.preInstantiateSingletons(DefaultListableBeanFactory.java:955)
	at org.springframework.context.support.AbstractApplicationContext.finishBeanFactoryInitialization(AbstractApplicationContext.java:921)
	at org.springframework.context.support.AbstractApplicationContext.refresh(AbstractApplicationContext.java:583)
	at org.springframework.boot.SpringApplication.refresh(SpringApplication.java:731)
	at org.springframework.boot.SpringApplication.refreshContext(SpringApplication.java:408)
	at org.springframework.boot.SpringApplication.run(SpringApplication.java:307)
	at org.springframework.boot.test.context.SpringBootContextLoader.loadContext(SpringBootContextLoader.java:136)
	at org.springframework.test.context.cache.DefaultCacheAwareContextLoaderDelegate.loadContextInternal(DefaultCacheAwareContextLoaderDelegate.java:141)
	at org.springframework.test.context.cache.DefaultCacheAwareContextLoaderDelegate.loadContext(DefaultCacheAwareContextLoaderDelegate.java:90)
	at org.springframework.test.context.support.DefaultTestContext.getApplicationContext(DefaultTestContext.java:124)
	at org.springframework.test.context.web.ServletTestExecutionListener.setUpRequestContextIfNecessary(ServletTestExecutionListener.java:190)
	at org.springframework.test.context.web.ServletTestExecutionListener.prepareTestInstance(ServletTestExecutionListener.java:132)
	at org.springframework.test.context.TestContextManager.prepareTestInstance(TestContextManager.java:248)
	at org.springframework.test.context.junit.jupiter.SpringExtension.postProcessTestInstance(SpringExtension.java:138)
	at org.junit.jupiter.engine.descriptor.ClassBasedTestDescriptor.lambda$invokeTestInstancePostProcessors$8(ClassBasedTestDescriptor.java:363)
	at org.junit.jupiter.engine.descriptor.ClassBasedTestDescriptor.executeAndMaskThrowable(ClassBasedTestDescriptor.java:368)
	at org.junit.jupiter.engine.descriptor.ClassBasedTestDescriptor.lambda$invokeTestInstancePostProcessors$9(ClassBasedTestDescriptor.java:363)
	at java.base/java.util.stream.ReferencePipeline$3$1.accept(ReferencePipeline.java:195)
	at java.base/java.util.stream.ReferencePipeline$2$1.accept(ReferencePipeline.java:177)
	at java.base/java.util.ArrayList$ArrayListSpliterator.forEachRemaining(ArrayList.java:1655)
	at java.base/java.util.stream.AbstractPipeline.copyInto(AbstractPipeline.java:484)
	at java.base/java.util.stream.AbstractPipeline.wrapAndCopyInto(AbstractPipeline.java:474)
	at java.base/java.util.stream.StreamSpliterators$WrappingSpliterator.forEachRemaining(StreamSpliterators.java:312)
	at java.base/java.util.stream.Streams$ConcatSpliterator.forEachRemaining(Streams.java:735)
	at java.base/java.util.stream.Streams$ConcatSpliterator.forEachRemaining(Streams.java:734)
	at java.base/java.util.stream.Streams$ConcatSpliterator.forEachRemaining(Streams.java:734)
	at java.base/java.util.stream.ReferencePipeline$Head.forEach(ReferencePipeline.java:658)
	at org.junit.jupiter.engine.descriptor.ClassBasedTestDescriptor.invokeTestInstancePostProcessors(ClassBasedTestDescriptor.java:362)
	at org.junit.jupiter.engine.descriptor.ClassBasedTestDescriptor.lambda$instantiateAndPostProcessTestInstance$6(ClassBasedTestDescriptor.java:283)
	at org.junit.platform.engine.support.hierarchical.ThrowableCollector.execute(ThrowableCollector.java:73)
	at org.junit.jupiter.engine.descriptor.ClassBasedTestDescriptor.instantiateAndPostProcessTestInstance(ClassBasedTestDescriptor.java:282)
	at org.junit.jupiter.engine.descriptor.ClassBasedTestDescriptor.lambda$testInstancesProvider$4(ClassBasedTestDescriptor.java:272)
	at java.base/java.util.Optional.orElseGet(Optional.java:369)
	at org.junit.jupiter.engine.descriptor.ClassBasedTestDescriptor.lambda$testInstancesProvider$5(ClassBasedTestDescriptor.java:271)
	at org.junit.jupiter.engine.execution.TestInstancesProvider.getTestInstances(TestInstancesProvider.java:31)
	at org.junit.jupiter.engine.descriptor.TestMethodTestDescriptor.lambda$prepare$0(TestMethodTestDescriptor.java:102)
	at org.junit.platform.engine.support.hierarchical.ThrowableCollector.execute(ThrowableCollector.java:73)
	at org.junit.jupiter.engine.descriptor.TestMethodTestDescriptor.prepare(TestMethodTestDescriptor.java:101)
	at org.junit.jupiter.engine.descriptor.TestMethodTestDescriptor.prepare(TestMethodTestDescriptor.java:66)
	at org.junit.platform.engine.support.hierarchical.NodeTestTask.lambda$prepare$2(NodeTestTask.java:123)
	at org.junit.platform.engine.support.hierarchical.ThrowableCollector.execute(ThrowableCollector.java:73)
	at org.junit.platform.engine.support.hierarchical.NodeTestTask.prepare(NodeTestTask.java:123)
	at org.junit.platform.engine.support.hierarchical.NodeTestTask.execute(NodeTestTask.java:90)
	at org.junit.platform.engine.support.hierarchical.SameThreadHierarchicalTestExecutorService.submit(SameThreadHierarchicalTestExecutorService.java:35)
	at org.junit.platform.engine.support.hierarchical.NodeTestTask$DefaultDynamicTestExecutor.execute(NodeTestTask.java:226)
	at org.junit.platform.engine.support.hierarchical.NodeTestTask$DefaultDynamicTestExecutor.execute(NodeTestTask.java:204)
	at org.junit.jupiter.engine.descriptor.TestTemplateTestDescriptor.execute(TestTemplateTestDescriptor.java:139)
	at org.junit.jupiter.engine.descriptor.TestTemplateTestDescriptor.lambda$execute$2(TestTemplateTestDescriptor.java:107)
	at java.base/java.util.stream.ForEachOps$ForEachOp$OfRef.accept(ForEachOps.java:183)
	at java.base/java.util.stream.ReferencePipeline$3$1.accept(ReferencePipeline.java:195)
	at java.base/java.util.stream.ReferencePipeline$2$1.accept(ReferencePipeline.java:177)
	at java.base/java.util.stream.ReferencePipeline$3$1.accept(ReferencePipeline.java:195)
	at java.base/java.util.stream.ForEachOps$ForEachOp$OfRef.accept(ForEachOps.java:183)
	at java.base/java.util.stream.ReferencePipeline$3$1.accept(ReferencePipeline.java:195)
	at java.base/java.util.stream.ReferencePipeline$3$1.accept(ReferencePipeline.java:195)
	at java.base/java.util.stream.ReferencePipeline$3$1.accept(ReferencePipeline.java:195)
	at java.base/java.util.stream.Streams$StreamBuilderImpl.forEachRemaining(Streams.java:411)
	at java.base/java.util.stream.ReferencePipeline$Head.forEach(ReferencePipeline.java:658)
	at java.base/java.util.stream.ReferencePipeline$7$1.accept(ReferencePipeline.java:274)
	at java.base/java.util.stream.ReferencePipeline$3$1.accept(ReferencePipeline.java:195)
	at java.base/java.util.stream.ReferencePipeline$3$1.accept(ReferencePipeline.java:195)
	at java.base/java.util.stream.ReferencePipeline$3$1.accept(ReferencePipeline.java:195)
	at java.base/java.util.ArrayList$ArrayListSpliterator.forEachRemaining(ArrayList.java:1655)
	at java.base/java.util.stream.AbstractPipeline.copyInto(AbstractPipeline.java:484)
	at java.base/java.util.stream.AbstractPipeline.wrapAndCopyInto(AbstractPipeline.java:474)
	at java.base/java.util.stream.ForEachOps$ForEachOp.evaluateSequential(ForEachOps.java:150)
	at java.base/java.util.stream.ForEachOps$ForEachOp$OfRef.evaluateSequential(ForEachOps.java:173)
	at java.base/java.util.stream.AbstractPipeline.evaluate(AbstractPipeline.java:234)
	at java.base/java.util.stream.ReferencePipeline.forEach(ReferencePipeline.java:497)
	at java.base/java.util.stream.ReferencePipeline$7$1.accept(ReferencePipeline.java:274)
	at java.base/java.util.ArrayList$ArrayListSpliterator.forEachRemaining(ArrayList.java:1655)
	at java.base/java.util.stream.AbstractPipeline.copyInto(AbstractPipeline.java:484)
	at java.base/java.util.stream.AbstractPipeline.wrapAndCopyInto(AbstractPipeline.java:474)
	at java.base/java.util.stream.ForEachOps$ForEachOp.evaluateSequential(ForEachOps.java:150)
	at java.base/java.util.stream.ForEachOps$ForEachOp$OfRef.evaluateSequential(ForEachOps.java:173)
	at java.base/java.util.stream.AbstractPipeline.evaluate(AbstractPipeline.java:234)
	at java.base/java.util.stream.ReferencePipeline.forEach(ReferencePipeline.java:497)
	at org.junit.jupiter.engine.descriptor.TestTemplateTestDescriptor.execute(TestTemplateTestDescriptor.java:107)
	at org.junit.jupiter.engine.descriptor.TestTemplateTestDescriptor.execute(TestTemplateTestDescriptor.java:42)
	at org.junit.platform.engine.support.hierarchical.NodeTestTask.lambda$executeRecursively$6(NodeTestTask.java:151)
	at org.junit.platform.engine.support.hierarchical.ThrowableCollector.execute(ThrowableCollector.java:73)
	at org.junit.platform.engine.support.hierarchical.NodeTestTask.lambda$executeRecursively$8(NodeTestTask.java:141)
	at org.junit.platform.engine.support.hierarchical.Node.around(Node.java:137)
	at org.junit.platform.engine.support.hierarchical.NodeTestTask.lambda$executeRecursively$9(NodeTestTask.java:139)
	at org.junit.platform.engine.support.hierarchical.ThrowableCollector.execute(ThrowableCollector.java:73)
	at org.junit.platform.engine.support.hierarchical.NodeTestTask.executeRecursively(NodeTestTask.java:138)
	at org.junit.platform.engine.support.hierarchical.NodeTestTask.execute(NodeTestTask.java:95)
	at java.base/java.util.ArrayList.forEach(ArrayList.java:1541)
	at org.junit.platform.engine.support.hierarchical.SameThreadHierarchicalTestExecutorService.invokeAll(SameThreadHierarchicalTestExecutorService.java:41)
	at org.junit.platform.engine.support.hierarchical.NodeTestTask.lambda$executeRecursively$6(NodeTestTask.java:155)
	at org.junit.platform.engine.support.hierarchical.ThrowableCollector.execute(ThrowableCollector.java:73)
	at org.junit.platform.engine.support.hierarchical.NodeTestTask.lambda$executeRecursively$8(NodeTestTask.java:141)
	at org.junit.platform.engine.support.hierarchical.Node.around(Node.java:137)
	at org.junit.platform.engine.support.hierarchical.NodeTestTask.lambda$executeRecursively$9(NodeTestTask.java:139)
	at org.junit.platform.engine.support.hierarchical.ThrowableCollector.execute(ThrowableCollector.java:73)
	at org.junit.platform.engine.support.hierarchical.NodeTestTask.executeRecursively(NodeTestTask.java:138)
	at org.junit.platform.engine.support.hierarchical.NodeTestTask.execute(NodeTestTask.java:95)
	at java.base/java.util.ArrayList.forEach(ArrayList.java:1541)
	at org.junit.platform.engine.support.hierarchical.SameThreadHierarchicalTestExecutorService.invokeAll(SameThreadHierarchicalTestExecutorService.java:41)
	at org.junit.platform.engine.support.hierarchical.NodeTestTask.lambda$executeRecursively$6(NodeTestTask.java:155)
	at org.junit.platform.engine.support.hierarchical.ThrowableCollector.execute(ThrowableCollector.java:73)
	at org.junit.platform.engine.support.hierarchical.NodeTestTask.lambda$executeRecursively$8(NodeTestTask.java:141)
	at org.junit.platform.engine.support.hierarchical.Node.around(Node.java:137)
	at org.junit.platform.engine.support.hierarchical.NodeTestTask.lambda$executeRecursively$9(NodeTestTask.java:139)
	at org.junit.platform.engine.support.hierarchical.ThrowableCollector.execute(ThrowableCollector.java:73)
	at org.junit.platform.engine.support.hierarchical.NodeTestTask.executeRecursively(NodeTestTask.java:138)
	at org.junit.platform.engine.support.hierarchical.NodeTestTask.execute(NodeTestTask.java:95)
	at org.junit.platform.engine.support.hierarchical.SameThreadHierarchicalTestExecutorService.submit(SameThreadHierarchicalTestExecutorService.java:35)
	at org.junit.platform.engine.support.hierarchical.HierarchicalTestExecutor.execute(HierarchicalTestExecutor.java:57)
	at org.junit.platform.engine.support.hierarchical.HierarchicalTestEngine.execute(HierarchicalTestEngine.java:54)
	at org.junit.platform.launcher.core.DefaultLauncher.execute(DefaultLauncher.java:220)
	at org.junit.platform.launcher.core.DefaultLauncher.lambda$execute$6(DefaultLauncher.java:188)
	at org.junit.platform.launcher.core.DefaultLauncher.withInterceptedStreams(DefaultLauncher.java:202)
	at org.junit.platform.launcher.core.DefaultLauncher.execute(DefaultLauncher.java:181)
	at org.junit.platform.launcher.core.DefaultLauncher.execute(DefaultLauncher.java:128)
	at org.apache.maven.surefire.junitplatform.JUnitPlatformProvider.invokeAllTests(JUnitPlatformProvider.java:150)
	at org.apache.maven.surefire.junitplatform.JUnitPlatformProvider.invoke(JUnitPlatformProvider.java:124)
	at org.apache.maven.surefire.booter.ForkedBooter.invokeProviderInSameClassLoader(ForkedBooter.java:384)
	at org.apache.maven.surefire.booter.ForkedBooter.runSuitesInProcess(ForkedBooter.java:345)
	at org.apache.maven.surefire.booter.ForkedBooter.execute(ForkedBooter.java:126)
	at org.apache.maven.surefire.booter.ForkedBooter.main(ForkedBooter.java:418)
Caused by: org.springframework.beans.factory.UnsatisfiedDependencyException: Error creating bean with name 'userdetailserviceimpl': Unsatisfied dependency expressed through field 'userRepository'; nested exception is org.springframework.beans.factory.BeanCreationException: Error creating bean with name 'userRepository' defined in net.engineeringdigest.journalApp.repository.UserRepository defined in @EnableMongoRepositories declared on MongoRepositoriesRegistrar.EnableMongoRepositoriesConfiguration: Cannot resolve reference to bean 'mongoTemplate' while setting bean property 'mongoOperations'; nested exception is org.springframework.beans.factory.BeanCreationException: Error creating bean with name 'mongoTemplate' defined in class path resource [org/springframework/boot/autoconfigure/data/mongo/MongoDatabaseFactoryDependentConfiguration.class]: Bean instantiation via factory method failed; nested exception is org.springframework.beans.BeanInstantiationException: Failed to instantiate [org.springframework.data.mongodb.core.MongoTemplate]: Factory method 'mongoTemplate' threw exception; nested exception is org.springframework.dao.DataAccessResourceFailureException: Timed out after 30000 ms while waiting for a server that matches com.mongodb.client.internal.MongoClientDelegate$1@1c43df76. Client view of cluster state is {type=REPLICA_SET, servers=[{address=ac-ggf694n-shard-00-00.1q4yqcd.mongodb.net:27017, type=UNKNOWN, state=CONNECTING, exception={com.mongodb.MongoSocketWriteException: Exception sending message}, caused by {javax.net.ssl.SSLException: Received fatal alert: internal_error}}, {address=ac-ggf694n-shard-00-02.1q4yqcd.mongodb.net:27017, type=UNKNOWN, state=CONNECTING, exception={com.mongodb.MongoSocketWriteException: Exception sending message}, caused by {javax.net.ssl.SSLException: Received fatal alert: internal_error}}, {address=ac-ggf694n-shard-00-01.1q4yqcd.mongodb.net:27017, type=UNKNOWN, state=CONNECTING, exception={com.mongodb.MongoSocketWriteException: Exception sending message}, caused by {javax.net.ssl.SSLException: Received fatal alert: internal_error}}]; nested exception is com.mongodb.MongoTimeoutException: Timed out after 30000 ms while waiting for a server that matches com.mongodb.client.internal.MongoClientDelegate$1@1c43df76. Client view of cluster state is {type=REPLICA_SET, servers=[{address=ac-ggf694n-shard-00-00.1q4yqcd.mongodb.net:27017, type=UNKNOWN, state=CONNECTING, exception={com.mongodb.MongoSocketWriteException: Exception sending message}, caused by {javax.net.ssl.SSLException: Received fatal alert: internal_error}}, {address=ac-ggf694n-shard-00-02.1q4yqcd.mongodb.net:27017, type=UNKNOWN, state=CONNECTING, exception={com.mongodb.MongoSocketWriteException: Exception sending message}, caused by {javax.net.ssl.SSLException: Received fatal alert: internal_error}}, {address=ac-ggf694n-shard-00-01.1q4yqcd.mongodb.net:27017, type=UNKNOWN, state=CONNECTING, exception={com.mongodb.MongoSocketWriteException: Exception sending message}, caused by {javax.net.ssl.SSLException: Received fatal alert: internal_error}}]
	at org.springframework.beans.factory.annotation.AutowiredAnnotationBeanPostProcessor$AutowiredFieldElement.resolveFieldValue(AutowiredAnnotationBeanPostProcessor.java:713)
	at org.springframework.beans.factory.annotation.AutowiredAnnotationBeanPostProcessor$AutowiredFieldElement.inject(AutowiredAnnotationBeanPostProcessor.java:693)
	at org.springframework.beans.factory.annotation.InjectionMetadata.inject(InjectionMetadata.java:119)
	at org.springframework.beans.factory.annotation.AutowiredAnnotationBeanPostProcessor.postProcessProperties(AutowiredAnnotationBeanPostProcessor.java:408)
	at org.springframework.beans.factory.support.AbstractAutowireCapableBeanFactory.populateBean(AbstractAutowireCapableBeanFactory.java:1431)
	at org.springframework.beans.factory.support.AbstractAutowireCapableBeanFactory.doCreateBean(AbstractAutowireCapableBeanFactory.java:619)
	at org.springframework.beans.factory.support.AbstractAutowireCapableBeanFactory.createBean(AbstractAutowireCapableBeanFactory.java:542)
	at org.springframework.beans.factory.support.AbstractBeanFactory.lambda$doGetBean$0(AbstractBeanFactory.java:335)
	at org.springframework.beans.factory.support.DefaultSingletonBeanRegistry.getSingleton(DefaultSingletonBeanRegistry.java:234)
	at org.springframework.beans.factory.support.AbstractBeanFactory.doGetBean(AbstractBeanFactory.java:333)
	at org.springframework.beans.factory.support.AbstractBeanFactory.getBean(AbstractBeanFactory.java:208)
	at org.springframework.beans.factory.config.DependencyDescriptor.resolveCandidate(DependencyDescriptor.java:276)
	at org.springframework.beans.factory.support.DefaultListableBeanFactory.doResolveDependency(DefaultListableBeanFactory.java:1391)
	at org.springframework.beans.factory.support.DefaultListableBeanFactory.resolveDependency(DefaultListableBeanFactory.java:1311)
	at org.springframework.beans.factory.annotation.AutowiredAnnotationBeanPostProcessor$AutowiredFieldElement.resolveFieldValue(AutowiredAnnotationBeanPostProcessor.java:710)
	... 131 common frames omitted
Caused by: org.springframework.beans.factory.BeanCreationException: Error creating bean with name 'userRepository' defined in net.engineeringdigest.journalApp.repository.UserRepository defined in @EnableMongoRepositories declared on MongoRepositoriesRegistrar.EnableMongoRepositoriesConfiguration: Cannot resolve reference to bean 'mongoTemplate' while setting bean property 'mongoOperations'; nested exception is org.springframework.beans.factory.BeanCreationException: Error creating bean with name 'mongoTemplate' defined in class path resource [org/springframework/boot/autoconfigure/data/mongo/MongoDatabaseFactoryDependentConfiguration.class]: Bean instantiation via factory method failed; nested exception is org.springframework.beans.BeanInstantiationException: Failed to instantiate [org.springframework.data.mongodb.core.MongoTemplate]: Factory method 'mongoTemplate' threw exception; nested exception is org.springframework.dao.DataAccessResourceFailureException: Timed out after 30000 ms while waiting for a server that matches com.mongodb.client.internal.MongoClientDelegate$1@1c43df76. Client view of cluster state is {type=REPLICA_SET, servers=[{address=ac-ggf694n-shard-00-00.1q4yqcd.mongodb.net:27017, type=UNKNOWN, state=CONNECTING, exception={com.mongodb.MongoSocketWriteException: Exception sending message}, caused by {javax.net.ssl.SSLException: Received fatal alert: internal_error}}, {address=ac-ggf694n-shard-00-02.1q4yqcd.mongodb.net:27017, type=UNKNOWN, state=CONNECTING, exception={com.mongodb.MongoSocketWriteException: Exception sending message}, caused by {javax.net.ssl.SSLException: Received fatal alert: internal_error}}, {address=ac-ggf694n-shard-00-01.1q4yqcd.mongodb.net:27017, type=UNKNOWN, state=CONNECTING, exception={com.mongodb.MongoSocketWriteException: Exception sending message}, caused by {javax.net.ssl.SSLException: Received fatal alert: internal_error}}]; nested exception is com.mongodb.MongoTimeoutException: Timed out after 30000 ms while waiting for a server that matches com.mongodb.client.internal.MongoClientDelegate$1@1c43df76. Client view of cluster state is {type=REPLICA_SET, servers=[{address=ac-ggf694n-shard-00-00.1q4yqcd.mongodb.net:27017, type=UNKNOWN, state=CONNECTING, exception={com.mongodb.MongoSocketWriteException: Exception sending message}, caused by {javax.net.ssl.SSLException: Received fatal alert: internal_error}}, {address=ac-ggf694n-shard-00-02.1q4yqcd.mongodb.net:27017, type=UNKNOWN, state=CONNECTING, exception={com.mongodb.MongoSocketWriteException: Exception sending message}, caused by {javax.net.ssl.SSLException: Received fatal alert: internal_error}}, {address=ac-ggf694n-shard-00-01.1q4yqcd.mongodb.net:27017, type=UNKNOWN, state=CONNECTING, exception={com.mongodb.MongoSocketWriteException: Exception sending message}, caused by {javax.net.ssl.SSLException: Received fatal alert: internal_error}}]
	at org.springframework.beans.factory.support.BeanDefinitionValueResolver.resolveReference(BeanDefinitionValueResolver.java:342)
	at org.springframework.beans.factory.support.BeanDefinitionValueResolver.resolveValueIfNecessary(BeanDefinitionValueResolver.java:113)
	at org.springframework.beans.factory.support.AbstractAutowireCapableBeanFactory.applyPropertyValues(AbstractAutowireCapableBeanFactory.java:1707)
	at org.springframework.beans.factory.support.AbstractAutowireCapableBeanFactory.populateBean(AbstractAutowireCapableBeanFactory.java:1452)
	at org.springframework.beans.factory.support.AbstractAutowireCapableBeanFactory.doCreateBean(AbstractAutowireCapableBeanFactory.java:619)
	at org.springframework.beans.factory.support.AbstractAutowireCapableBeanFactory.createBean(AbstractAutowireCapableBeanFactory.java:542)
	at org.springframework.beans.factory.support.AbstractBeanFactory.lambda$doGetBean$0(AbstractBeanFactory.java:335)
	at org.springframework.beans.factory.support.DefaultSingletonBeanRegistry.getSingleton(DefaultSingletonBeanRegistry.java:234)
	at org.springframework.beans.factory.support.AbstractBeanFactory.doGetBean(AbstractBeanFactory.java:333)
	at org.springframework.beans.factory.support.AbstractBeanFactory.getBean(AbstractBeanFactory.java:208)
	at org.springframework.beans.factory.config.DependencyDescriptor.resolveCandidate(DependencyDescriptor.java:276)
	at org.springframework.beans.factory.support.DefaultListableBeanFactory.doResolveDependency(DefaultListableBeanFactory.java:1391)
	at org.springframework.beans.factory.support.DefaultListableBeanFactory.resolveDependency(DefaultListableBeanFactory.java:1311)
	at org.springframework.beans.factory.annotation.AutowiredAnnotationBeanPostProcessor$AutowiredFieldElement.resolveFieldValue(AutowiredAnnotationBeanPostProcessor.java:710)
	... 145 common frames omitted
Caused by: org.springframework.beans.factory.BeanCreationException: Error creating bean with name 'mongoTemplate' defined in class path resource [org/springframework/boot/autoconfigure/data/mongo/MongoDatabaseFactoryDependentConfiguration.class]: Bean instantiation via factory method failed; nested exception is org.springframework.beans.BeanInstantiationException: Failed to instantiate [org.springframework.data.mongodb.core.MongoTemplate]: Factory method 'mongoTemplate' threw exception; nested exception is org.springframework.dao.DataAccessResourceFailureException: Timed out after 30000 ms while waiting for a server that matches com.mongodb.client.internal.MongoClientDelegate$1@1c43df76. Client view of cluster state is {type=REPLICA_SET, servers=[{address=ac-ggf694n-shard-00-00.1q4yqcd.mongodb.net:27017, type=UNKNOWN, state=CONNECTING, exception={com.mongodb.MongoSocketWriteException: Exception sending message}, caused by {javax.net.ssl.SSLException: Received fatal alert: internal_error}}, {address=ac-ggf694n-shard-00-02.1q4yqcd.mongodb.net:27017, type=UNKNOWN, state=CONNECTING, exception={com.mongodb.MongoSocketWriteException: Exception sending message}, caused by {javax.net.ssl.SSLException: Received fatal alert: internal_error}}, {address=ac-ggf694n-shard-00-01.1q4yqcd.mongodb.net:27017, type=UNKNOWN, state=CONNECTING, exception={com.mongodb.MongoSocketWriteException: Exception sending message}, caused by {javax.net.ssl.SSLException: Received fatal alert: internal_error}}]; nested exception is com.mongodb.MongoTimeoutException: Timed out after 30000 ms while waiting for a server that matches com.mongodb.client.internal.MongoClientDelegate$1@1c43df76. Client view of cluster state is {type=REPLICA_SET, servers=[{address=ac-ggf694n-shard-00-00.1q4yqcd.mongodb.net:27017, type=UNKNOWN, state=CONNECTING, exception={com.mongodb.MongoSocketWriteException: Exception sending message}, caused by {javax.net.ssl.SSLException: Received fatal alert: internal_error}}, {address=ac-ggf694n-shard-00-02.1q4yqcd.mongodb.net:27017, type=UNKNOWN, state=CONNECTING, exception={com.mongodb.MongoSocketWriteException: Exception sending message}, caused by {javax.net.ssl.SSLException: Received fatal alert: internal_error}}, {address=ac-ggf694n-shard-00-01.1q4yqcd.mongodb.net:27017, type=UNKNOWN, state=CONNECTING, exception={com.mongodb.MongoSocketWriteException: Exception sending message}, caused by {javax.net.ssl.SSLException: Received fatal alert: internal_error}}]
	at org.springframework.beans.factory.support.ConstructorResolver.instantiate(ConstructorResolver.java:653)
	at org.springframework.beans.factory.support.ConstructorResolver.instantiateUsingFactoryMethod(ConstructorResolver.java:633)
	at org.springframework.beans.factory.support.AbstractAutowireCapableBeanFactory.instantiateUsingFactoryMethod(AbstractAutowireCapableBeanFactory.java:1352)
	at org.springframework.beans.factory.support.AbstractAutowireCapableBeanFactory.createBeanInstance(AbstractAutowireCapableBeanFactory.java:1195)
	at org.springframework.beans.factory.support.AbstractAutowireCapableBeanFactory.doCreateBean(AbstractAutowireCapableBeanFactory.java:582)
	at org.springframework.beans.factory.support.AbstractAutowireCapableBeanFactory.createBean(AbstractAutowireCapableBeanFactory.java:542)
	at org.springframework.beans.factory.support.AbstractBeanFactory.lambda$doGetBean$0(AbstractBeanFactory.java:335)
	at org.springframework.beans.factory.support.DefaultSingletonBeanRegistry.getSingleton(DefaultSingletonBeanRegistry.java:234)
	at org.springframework.beans.factory.support.AbstractBeanFactory.doGetBean(AbstractBeanFactory.java:333)
	at org.springframework.beans.factory.support.AbstractBeanFactory.getBean(AbstractBeanFactory.java:208)
	at org.springframework.beans.factory.support.BeanDefinitionValueResolver.resolveReference(BeanDefinitionValueResolver.java:330)
	... 158 common frames omitted
Caused by: org.springframework.beans.BeanInstantiationException: Failed to instantiate [org.springframework.data.mongodb.core.MongoTemplate]: Factory method 'mongoTemplate' threw exception; nested exception is org.springframework.dao.DataAccessResourceFailureException: Timed out after 30000 ms while waiting for a server that matches com.mongodb.client.internal.MongoClientDelegate$1@1c43df76. Client view of cluster state is {type=REPLICA_SET, servers=[{address=ac-ggf694n-shard-00-00.1q4yqcd.mongodb.net:27017, type=UNKNOWN, state=CONNECTING, exception={com.mongodb.MongoSocketWriteException: Exception sending message}, caused by {javax.net.ssl.SSLException: Received fatal alert: internal_error}}, {address=ac-ggf694n-shard-00-02.1q4yqcd.mongodb.net:27017, type=UNKNOWN, state=CONNECTING, exception={com.mongodb.MongoSocketWriteException: Exception sending message}, caused by {javax.net.ssl.SSLException: Received fatal alert: internal_error}}, {address=ac-ggf694n-shard-00-01.1q4yqcd.mongodb.net:27017, type=UNKNOWN, state=CONNECTING, exception={com.mongodb.MongoSocketWriteException: Exception sending message}, caused by {javax.net.ssl.SSLException: Received fatal alert: internal_error}}]; nested exception is com.mongodb.MongoTimeoutException: Timed out after 30000 ms while waiting for a server that matches com.mongodb.client.internal.MongoClientDelegate$1@1c43df76. Client view of cluster state is {type=REPLICA_SET, servers=[{address=ac-ggf694n-shard-00-00.1q4yqcd.mongodb.net:27017, type=UNKNOWN, state=CONNECTING, exception={com.mongodb.MongoSocketWriteException: Exception sending message}, caused by {javax.net.ssl.SSLException: Received fatal alert: internal_error}}, {address=ac-ggf694n-shard-00-02.1q4yqcd.mongodb.net:27017, type=UNKNOWN, state=CONNECTING, exception={com.mongodb.MongoSocketWriteException: Exception sending message}, caused by {javax.net.ssl.SSLException: Received fatal alert: internal_error}}, {address=ac-ggf694n-shard-00-01.1q4yqcd.mongodb.net:27017, type=UNKNOWN, state=CONNECTING, exception={com.mongodb.MongoSocketWriteException: Exception sending message}, caused by {javax.net.ssl.SSLException: Received fatal alert: internal_error}}]
	at org.springframework.beans.factory.support.SimpleInstantiationStrategy.instantiate(SimpleInstantiationStrategy.java:185)
	at org.springframework.beans.factory.support.ConstructorResolver.instantiate(ConstructorResolver.java:648)
	... 168 common frames omitted
Caused by: org.springframework.dao.DataAccessResourceFailureException: Timed out after 30000 ms while waiting for a server that matches com.mongodb.client.internal.MongoClientDelegate$1@1c43df76. Client view of cluster state is {type=REPLICA_SET, servers=[{address=ac-ggf694n-shard-00-00.1q4yqcd.mongodb.net:27017, type=UNKNOWN, state=CONNECTING, exception={com.mongodb.MongoSocketWriteException: Exception sending message}, caused by {javax.net.ssl.SSLException: Received fatal alert: internal_error}}, {address=ac-ggf694n-shard-00-02.1q4yqcd.mongodb.net:27017, type=UNKNOWN, state=CONNECTING, exception={com.mongodb.MongoSocketWriteException: Exception sending message}, caused by {javax.net.ssl.SSLException: Received fatal alert: internal_error}}, {address=ac-ggf694n-shard-00-01.1q4yqcd.mongodb.net:27017, type=UNKNOWN, state=CONNECTING, exception={com.mongodb.MongoSocketWriteException: Exception sending message}, caused by {javax.net.ssl.SSLException: Received fatal alert: internal_error}}]; nested exception is com.mongodb.MongoTimeoutException: Timed out after 30000 ms while waiting for a server that matches com.mongodb.client.internal.MongoClientDelegate$1@1c43df76. Client view of cluster state is {type=REPLICA_SET, servers=[{address=ac-ggf694n-shard-00-00.1q4yqcd.mongodb.net:27017, type=UNKNOWN, state=CONNECTING, exception={com.mongodb.MongoSocketWriteException: Exception sending message}, caused by {javax.net.ssl.SSLException: Received fatal alert: internal_error}}, {address=ac-ggf694n-shard-00-02.1q4yqcd.mongodb.net:27017, type=UNKNOWN, state=CONNECTING, exception={com.mongodb.MongoSocketWriteException: Exception sending message}, caused by {javax.net.ssl.SSLException: Received fatal alert: internal_error}}, {address=ac-ggf694n-shard-00-01.1q4yqcd.mongodb.net:27017, type=UNKNOWN, state=CONNECTING, exception={com.mongodb.MongoSocketWriteException: Exception sending message}, caused by {javax.net.ssl.SSLException: Received fatal alert: internal_error}}]
	at org.springframework.data.mongodb.core.MongoExceptionTranslator.translateExceptionIfPossible(MongoExceptionTranslator.java:95)
	at org.springframework.data.mongodb.core.MongoTemplate.potentiallyConvertRuntimeException(MongoTemplate.java:3029)
	at org.springframework.data.mongodb.core.MongoTemplate.execute(MongoTemplate.java:581)
	at org.springframework.data.mongodb.core.DefaultIndexOperations.execute(DefaultIndexOperations.java:215)
	at org.springframework.data.mongodb.core.DefaultIndexOperations.ensureIndex(DefaultIndexOperations.java:121)
	at org.springframework.data.mongodb.core.index.MongoPersistentEntityIndexCreator.createIndex(MongoPersistentEntityIndexCreator.java:157)
	at org.springframework.data.mongodb.core.index.MongoPersistentEntityIndexCreator.checkForAndCreateIndexes(MongoPersistentEntityIndexCreator.java:147)
	at org.springframework.data.mongodb.core.index.MongoPersistentEntityIndexCreator.checkForIndexes(MongoPersistentEntityIndexCreator.java:131)
	at org.springframework.data.mongodb.core.index.MongoPersistentEntityIndexCreator.<init>(MongoPersistentEntityIndexCreator.java:96)
	at org.springframework.data.mongodb.core.index.MongoPersistentEntityIndexCreator.<init>(MongoPersistentEntityIndexCreator.java:73)
	at org.springframework.data.mongodb.core.MongoTemplate.<init>(MongoTemplate.java:224)
	at org.springframework.boot.autoconfigure.data.mongo.MongoDatabaseFactoryDependentConfiguration.mongoTemplate(MongoDatabaseFactoryDependentConfiguration.java:63)
	at java.base/jdk.internal.reflect.NativeMethodAccessorImpl.invoke0(Native Method)
	at java.base/jdk.internal.reflect.NativeMethodAccessorImpl.invoke(NativeMethodAccessorImpl.java:62)
	at java.base/jdk.internal.reflect.DelegatingMethodAccessorImpl.invoke(DelegatingMethodAccessorImpl.java:43)
	at java.base/java.lang.reflect.Method.invoke(Method.java:566)
	at org.springframework.beans.factory.support.SimpleInstantiationStrategy.instantiate(SimpleInstantiationStrategy.java:154)
	... 169 common frames omitted
Caused by: com.mongodb.MongoTimeoutException: Timed out after 30000 ms while waiting for a server that matches com.mongodb.client.internal.MongoClientDelegate$1@1c43df76. Client view of cluster state is {type=REPLICA_SET, servers=[{address=ac-ggf694n-shard-00-00.1q4yqcd.mongodb.net:27017, type=UNKNOWN, state=CONNECTING, exception={com.mongodb.MongoSocketWriteException: Exception sending message}, caused by {javax.net.ssl.SSLException: Received fatal alert: internal_error}}, {address=ac-ggf694n-shard-00-02.1q4yqcd.mongodb.net:27017, type=UNKNOWN, state=CONNECTING, exception={com.mongodb.MongoSocketWriteException: Exception sending message}, caused by {javax.net.ssl.SSLException: Received fatal alert: internal_error}}, {address=ac-ggf694n-shard-00-01.1q4yqcd.mongodb.net:27017, type=UNKNOWN, state=CONNECTING, exception={com.mongodb.MongoSocketWriteException: Exception sending message}, caused by {javax.net.ssl.SSLException: Received fatal alert: internal_error}}]
	at com.mongodb.internal.connection.BaseCluster.createTimeoutException(BaseCluster.java:424)
	at com.mongodb.internal.connection.BaseCluster.selectServer(BaseCluster.java:121)
	at com.mongodb.internal.connection.AbstractMultiServerCluster.selectServer(AbstractMultiServerCluster.java:50)
	at com.mongodb.client.internal.MongoClientDelegate.getConnectedClusterDescription(MongoClientDelegate.java:146)
	at com.mongodb.client.internal.MongoClientDelegate.createClientSession(MongoClientDelegate.java:101)
	at com.mongodb.client.internal.MongoClientDelegate$DelegateOperationExecutor.getClientSession(MongoClientDelegate.java:291)
	at com.mongodb.client.internal.MongoClientDelegate$DelegateOperationExecutor.execute(MongoClientDelegate.java:207)
	at com.mongodb.client.internal.MongoCollectionImpl.executeCreateIndexes(MongoCollectionImpl.java:848)
	at com.mongodb.client.internal.MongoCollectionImpl.createIndexes(MongoCollectionImpl.java:831)
	at com.mongodb.client.internal.MongoCollectionImpl.createIndexes(MongoCollectionImpl.java:826)
	at com.mongodb.client.internal.MongoCollectionImpl.createIndex(MongoCollectionImpl.java:811)
	at org.springframework.data.mongodb.core.DefaultIndexOperations.lambda$ensureIndex$0(DefaultIndexOperations.java:131)
	at org.springframework.data.mongodb.core.MongoTemplate.execute(MongoTemplate.java:579)
	... 183 common frames omitted
26-05-15 16:18:18.370 [main] ERROR o.s.test.context.TestContextManager - Caught exception while allowing TestExecutionListener [org.springframework.test.context.web.ServletTestExecutionListener@4a833595] to prepare test instance [net.engineeringdigest.journalApp.service.UserServiceTests@2c08c787]
java.lang.IllegalStateException: Failed to load ApplicationContext
	at org.springframework.test.context.cache.DefaultCacheAwareContextLoaderDelegate.loadContext(DefaultCacheAwareContextLoaderDelegate.java:98)
	at org.springframework.test.context.support.DefaultTestContext.getApplicationContext(DefaultTestContext.java:124)
	at org.springframework.test.context.web.ServletTestExecutionListener.setUpRequestContextIfNecessary(ServletTestExecutionListener.java:190)
	at org.springframework.test.context.web.ServletTestExecutionListener.prepareTestInstance(ServletTestExecutionListener.java:132)
	at org.springframework.test.context.TestContextManager.prepareTestInstance(TestContextManager.java:248)
	at org.springframework.test.context.junit.jupiter.SpringExtension.postProcessTestInstance(SpringExtension.java:138)
	at org.junit.jupiter.engine.descriptor.ClassBasedTestDescriptor.lambda$invokeTestInstancePostProcessors$8(ClassBasedTestDescriptor.java:363)
	at org.junit.jupiter.engine.descriptor.ClassBasedTestDescriptor.executeAndMaskThrowable(ClassBasedTestDescriptor.java:368)
	at org.junit.jupiter.engine.descriptor.ClassBasedTestDescriptor.lambda$invokeTestInstancePostProcessors$9(ClassBasedTestDescriptor.java:363)
	at java.base/java.util.stream.ReferencePipeline$3$1.accept(ReferencePipeline.java:195)
	at java.base/java.util.stream.ReferencePipeline$2$1.accept(ReferencePipeline.java:177)
	at java.base/java.util.ArrayList$ArrayListSpliterator.forEachRemaining(ArrayList.java:1655)
	at java.base/java.util.stream.AbstractPipeline.copyInto(AbstractPipeline.java:484)
	at java.base/java.util.stream.AbstractPipeline.wrapAndCopyInto(AbstractPipeline.java:474)
	at java.base/java.util.stream.StreamSpliterators$WrappingSpliterator.forEachRemaining(StreamSpliterators.java:312)
	at java.base/java.util.stream.Streams$ConcatSpliterator.forEachRemaining(Streams.java:735)
	at java.base/java.util.stream.Streams$ConcatSpliterator.forEachRemaining(Streams.java:734)
	at java.base/java.util.stream.Streams$ConcatSpliterator.forEachRemaining(Streams.java:734)
	at java.base/java.util.stream.ReferencePipeline$Head.forEach(ReferencePipeline.java:658)
	at org.junit.jupiter.engine.descriptor.ClassBasedTestDescriptor.invokeTestInstancePostProcessors(ClassBasedTestDescriptor.java:362)
	at org.junit.jupiter.engine.descriptor.ClassBasedTestDescriptor.lambda$instantiateAndPostProcessTestInstance$6(ClassBasedTestDescriptor.java:283)
	at org.junit.platform.engine.support.hierarchical.ThrowableCollector.execute(ThrowableCollector.java:73)
	at org.junit.jupiter.engine.descriptor.ClassBasedTestDescriptor.instantiateAndPostProcessTestInstance(ClassBasedTestDescriptor.java:282)
	at org.junit.jupiter.engine.descriptor.ClassBasedTestDescriptor.lambda$testInstancesProvider$4(ClassBasedTestDescriptor.java:272)
	at java.base/java.util.Optional.orElseGet(Optional.java:369)
	at org.junit.jupiter.engine.descriptor.ClassBasedTestDescriptor.lambda$testInstancesProvider$5(ClassBasedTestDescriptor.java:271)
	at org.junit.jupiter.engine.execution.TestInstancesProvider.getTestInstances(TestInstancesProvider.java:31)
	at org.junit.jupiter.engine.descriptor.TestMethodTestDescriptor.lambda$prepare$0(TestMethodTestDescriptor.java:102)
	at org.junit.platform.engine.support.hierarchical.ThrowableCollector.execute(ThrowableCollector.java:73)
	at org.junit.jupiter.engine.descriptor.TestMethodTestDescriptor.prepare(TestMethodTestDescriptor.java:101)
	at org.junit.jupiter.engine.descriptor.TestMethodTestDescriptor.prepare(TestMethodTestDescriptor.java:66)
	at org.junit.platform.engine.support.hierarchical.NodeTestTask.lambda$prepare$2(NodeTestTask.java:123)
	at org.junit.platform.engine.support.hierarchical.ThrowableCollector.execute(ThrowableCollector.java:73)
	at org.junit.platform.engine.support.hierarchical.NodeTestTask.prepare(NodeTestTask.java:123)
	at org.junit.platform.engine.support.hierarchical.NodeTestTask.execute(NodeTestTask.java:90)
	at org.junit.platform.engine.support.hierarchical.SameThreadHierarchicalTestExecutorService.submit(SameThreadHierarchicalTestExecutorService.java:35)
	at org.junit.platform.engine.support.hierarchical.NodeTestTask$DefaultDynamicTestExecutor.execute(NodeTestTask.java:226)
	at org.junit.platform.engine.support.hierarchical.NodeTestTask$DefaultDynamicTestExecutor.execute(NodeTestTask.java:204)
	at org.junit.jupiter.engine.descriptor.TestTemplateTestDescriptor.execute(TestTemplateTestDescriptor.java:139)
	at org.junit.jupiter.engine.descriptor.TestTemplateTestDescriptor.lambda$execute$2(TestTemplateTestDescriptor.java:107)
	at java.base/java.util.stream.ForEachOps$ForEachOp$OfRef.accept(ForEachOps.java:183)
	at java.base/java.util.stream.ReferencePipeline$3$1.accept(ReferencePipeline.java:195)
	at java.base/java.util.stream.ReferencePipeline$2$1.accept(ReferencePipeline.java:177)
	at java.base/java.util.stream.ReferencePipeline$3$1.accept(ReferencePipeline.java:195)
	at java.base/java.util.stream.ForEachOps$ForEachOp$OfRef.accept(ForEachOps.java:183)
	at java.base/java.util.stream.ReferencePipeline$3$1.accept(ReferencePipeline.java:195)
	at java.base/java.util.stream.ReferencePipeline$3$1.accept(ReferencePipeline.java:195)
	at java.base/java.util.stream.ReferencePipeline$3$1.accept(ReferencePipeline.java:195)
	at java.base/java.util.stream.Streams$StreamBuilderImpl.forEachRemaining(Streams.java:411)
	at java.base/java.util.stream.ReferencePipeline$Head.forEach(ReferencePipeline.java:658)
	at java.base/java.util.stream.ReferencePipeline$7$1.accept(ReferencePipeline.java:274)
	at java.base/java.util.stream.ReferencePipeline$3$1.accept(ReferencePipeline.java:195)
	at java.base/java.util.stream.ReferencePipeline$3$1.accept(ReferencePipeline.java:195)
	at java.base/java.util.stream.ReferencePipeline$3$1.accept(ReferencePipeline.java:195)
	at java.base/java.util.ArrayList$ArrayListSpliterator.forEachRemaining(ArrayList.java:1655)
	at java.base/java.util.stream.AbstractPipeline.copyInto(AbstractPipeline.java:484)
	at java.base/java.util.stream.AbstractPipeline.wrapAndCopyInto(AbstractPipeline.java:474)
	at java.base/java.util.stream.ForEachOps$ForEachOp.evaluateSequential(ForEachOps.java:150)
	at java.base/java.util.stream.ForEachOps$ForEachOp$OfRef.evaluateSequential(ForEachOps.java:173)
	at java.base/java.util.stream.AbstractPipeline.evaluate(AbstractPipeline.java:234)
	at java.base/java.util.stream.ReferencePipeline.forEach(ReferencePipeline.java:497)
	at java.base/java.util.stream.ReferencePipeline$7$1.accept(ReferencePipeline.java:274)
	at java.base/java.util.ArrayList$ArrayListSpliterator.forEachRemaining(ArrayList.java:1655)
	at java.base/java.util.stream.AbstractPipeline.copyInto(AbstractPipeline.java:484)
	at java.base/java.util.stream.AbstractPipeline.wrapAndCopyInto(AbstractPipeline.java:474)
	at java.base/java.util.stream.ForEachOps$ForEachOp.evaluateSequential(ForEachOps.java:150)
	at java.base/java.util.stream.ForEachOps$ForEachOp$OfRef.evaluateSequential(ForEachOps.java:173)
	at java.base/java.util.stream.AbstractPipeline.evaluate(AbstractPipeline.java:234)
	at java.base/java.util.stream.ReferencePipeline.forEach(ReferencePipeline.java:497)
	at org.junit.jupiter.engine.descriptor.TestTemplateTestDescriptor.execute(TestTemplateTestDescriptor.java:107)
	at org.junit.jupiter.engine.descriptor.TestTemplateTestDescriptor.execute(TestTemplateTestDescriptor.java:42)
	at org.junit.platform.engine.support.hierarchical.NodeTestTask.lambda$executeRecursively$6(NodeTestTask.java:151)
	at org.junit.platform.engine.support.hierarchical.ThrowableCollector.execute(ThrowableCollector.java:73)
	at org.junit.platform.engine.support.hierarchical.NodeTestTask.lambda$executeRecursively$8(NodeTestTask.java:141)
	at org.junit.platform.engine.support.hierarchical.Node.around(Node.java:137)
	at org.junit.platform.engine.support.hierarchical.NodeTestTask.lambda$executeRecursively$9(NodeTestTask.java:139)
	at org.junit.platform.engine.support.hierarchical.ThrowableCollector.execute(ThrowableCollector.java:73)
	at org.junit.platform.engine.support.hierarchical.NodeTestTask.executeRecursively(NodeTestTask.java:138)
	at org.junit.platform.engine.support.hierarchical.NodeTestTask.execute(NodeTestTask.java:95)
	at java.base/java.util.ArrayList.forEach(ArrayList.java:1541)
	at org.junit.platform.engine.support.hierarchical.SameThreadHierarchicalTestExecutorService.invokeAll(SameThreadHierarchicalTestExecutorService.java:41)
	at org.junit.platform.engine.support.hierarchical.NodeTestTask.lambda$executeRecursively$6(NodeTestTask.java:155)
	at org.junit.platform.engine.support.hierarchical.ThrowableCollector.execute(ThrowableCollector.java:73)
	at org.junit.platform.engine.support.hierarchical.NodeTestTask.lambda$executeRecursively$8(NodeTestTask.java:141)
	at org.junit.platform.engine.support.hierarchical.Node.around(Node.java:137)
	at org.junit.platform.engine.support.hierarchical.NodeTestTask.lambda$executeRecursively$9(NodeTestTask.java:139)
	at org.junit.platform.engine.support.hierarchical.ThrowableCollector.execute(ThrowableCollector.java:73)
	at org.junit.platform.engine.support.hierarchical.NodeTestTask.executeRecursively(NodeTestTask.java:138)
	at org.junit.platform.engine.support.hierarchical.NodeTestTask.execute(NodeTestTask.java:95)
	at java.base/java.util.ArrayList.forEach(ArrayList.java:1541)
	at org.junit.platform.engine.support.hierarchical.SameThreadHierarchicalTestExecutorService.invokeAll(SameThreadHierarchicalTestExecutorService.java:41)
	at org.junit.platform.engine.support.hierarchical.NodeTestTask.lambda$executeRecursively$6(NodeTestTask.java:155)
	at org.junit.platform.engine.support.hierarchical.ThrowableCollector.execute(ThrowableCollector.java:73)
	at org.junit.platform.engine.support.hierarchical.NodeTestTask.lambda$executeRecursively$8(NodeTestTask.java:141)
	at org.junit.platform.engine.support.hierarchical.Node.around(Node.java:137)
	at org.junit.platform.engine.support.hierarchical.NodeTestTask.lambda$executeRecursively$9(NodeTestTask.java:139)
	at org.junit.platform.engine.support.hierarchical.ThrowableCollector.execute(ThrowableCollector.java:73)
	at org.junit.platform.engine.support.hierarchical.NodeTestTask.executeRecursively(NodeTestTask.java:138)
	at org.junit.platform.engine.support.hierarchical.NodeTestTask.execute(NodeTestTask.java:95)
	at org.junit.platform.engine.support.hierarchical.SameThreadHierarchicalTestExecutorService.submit(SameThreadHierarchicalTestExecutorService.java:35)
	at org.junit.platform.engine.support.hierarchical.HierarchicalTestExecutor.execute(HierarchicalTestExecutor.java:57)
	at org.junit.platform.engine.support.hierarchical.HierarchicalTestEngine.execute(HierarchicalTestEngine.java:54)
	at org.junit.platform.launcher.core.DefaultLauncher.execute(DefaultLauncher.java:220)
	at org.junit.platform.launcher.core.DefaultLauncher.lambda$execute$6(DefaultLauncher.java:188)
	at org.junit.platform.launcher.core.DefaultLauncher.withInterceptedStreams(DefaultLauncher.java:202)
	at org.junit.platform.launcher.core.DefaultLauncher.execute(DefaultLauncher.java:181)
	at org.junit.platform.launcher.core.DefaultLauncher.execute(DefaultLauncher.java:128)
	at org.apache.maven.surefire.junitplatform.JUnitPlatformProvider.invokeAllTests(JUnitPlatformProvider.java:150)
	at org.apache.maven.surefire.junitplatform.JUnitPlatformProvider.invoke(JUnitPlatformProvider.java:124)
	at org.apache.maven.surefire.booter.ForkedBooter.invokeProviderInSameClassLoader(ForkedBooter.java:384)
	at org.apache.maven.surefire.booter.ForkedBooter.runSuitesInProcess(ForkedBooter.java:345)
	at org.apache.maven.surefire.booter.ForkedBooter.execute(ForkedBooter.java:126)
	at org.apache.maven.surefire.booter.ForkedBooter.main(ForkedBooter.java:418)
Caused by: org.springframework.beans.factory.UnsatisfiedDependencyException: Error creating bean with name 'springSecurity': Unsatisfied dependency expressed through field 'userservice'; nested exception is org.springframework.beans.factory.UnsatisfiedDependencyException: Error creating bean with name 'userdetailserviceimpl': Unsatisfied dependency expressed through field 'userRepository'; nested exception is org.springframework.beans.factory.BeanCreationException: Error creating bean with name 'userRepository' defined in net.engineeringdigest.journalApp.repository.UserRepository defined in @EnableMongoRepositories declared on MongoRepositoriesRegistrar.EnableMongoRepositoriesConfiguration: Cannot resolve reference to bean 'mongoTemplate' while setting bean property 'mongoOperations'; nested exception is org.springframework.beans.factory.BeanCreationException: Error creating bean with name 'mongoTemplate' defined in class path resource [org/springframework/boot/autoconfigure/data/mongo/MongoDatabaseFactoryDependentConfiguration.class]: Bean instantiation via factory method failed; nested exception is org.springframework.beans.BeanInstantiationException: Failed to instantiate [org.springframework.data.mongodb.core.MongoTemplate]: Factory method 'mongoTemplate' threw exception; nested exception is org.springframework.dao.DataAccessResourceFailureException: Timed out after 30000 ms while waiting for a server that matches com.mongodb.client.internal.MongoClientDelegate$1@1c43df76. Client view of cluster state is {type=REPLICA_SET, servers=[{address=ac-ggf694n-shard-00-00.1q4yqcd.mongodb.net:27017, type=UNKNOWN, state=CONNECTING, exception={com.mongodb.MongoSocketWriteException: Exception sending message}, caused by {javax.net.ssl.SSLException: Received fatal alert: internal_error}}, {address=ac-ggf694n-shard-00-02.1q4yqcd.mongodb.net:27017, type=UNKNOWN, state=CONNECTING, exception={com.mongodb.MongoSocketWriteException: Exception sending message}, caused by {javax.net.ssl.SSLException: Received fatal alert: internal_error}}, {address=ac-ggf694n-shard-00-01.1q4yqcd.mongodb.net:27017, type=UNKNOWN, state=CONNECTING, exception={com.mongodb.MongoSocketWriteException: Exception sending message}, caused by {javax.net.ssl.SSLException: Received fatal alert: internal_error}}]; nested exception is com.mongodb.MongoTimeoutException: Timed out after 30000 ms while waiting for a server that matches com.mongodb.client.internal.MongoClientDelegate$1@1c43df76. Client view of cluster state is {type=REPLICA_SET, servers=[{address=ac-ggf694n-shard-00-00.1q4yqcd.mongodb.net:27017, type=UNKNOWN, state=CONNECTING, exception={com.mongodb.MongoSocketWriteException: Exception sending message}, caused by {javax.net.ssl.SSLException: Received fatal alert: internal_error}}, {address=ac-ggf694n-shard-00-02.1q4yqcd.mongodb.net:27017, type=UNKNOWN, state=CONNECTING, exception={com.mongodb.MongoSocketWriteException: Exception sending message}, caused by {javax.net.ssl.SSLException: Received fatal alert: internal_error}}, {address=ac-ggf694n-shard-00-01.1q4yqcd.mongodb.net:27017, type=UNKNOWN, state=CONNECTING, exception={com.mongodb.MongoSocketWriteException: Exception sending message}, caused by {javax.net.ssl.SSLException: Received fatal alert: internal_error}}]
	at org.springframework.beans.factory.annotation.AutowiredAnnotationBeanPostProcessor$AutowiredFieldElement.resolveFieldValue(AutowiredAnnotationBeanPostProcessor.java:713)
	at org.springframework.beans.factory.annotation.AutowiredAnnotationBeanPostProcessor$AutowiredFieldElement.inject(AutowiredAnnotationBeanPostProcessor.java:693)
	at org.springframework.beans.factory.annotation.InjectionMetadata.inject(InjectionMetadata.java:119)
	at org.springframework.beans.factory.annotation.AutowiredAnnotationBeanPostProcessor.postProcessProperties(AutowiredAnnotationBeanPostProcessor.java:408)
	at org.springframework.beans.factory.support.AbstractAutowireCapableBeanFactory.populateBean(AbstractAutowireCapableBeanFactory.java:1431)
	at org.springframework.beans.factory.support.AbstractAutowireCapableBeanFactory.doCreateBean(AbstractAutowireCapableBeanFactory.java:619)
	at org.springframework.beans.factory.support.AbstractAutowireCapableBeanFactory.createBean(AbstractAutowireCapableBeanFactory.java:542)
	at org.springframework.beans.factory.support.AbstractBeanFactory.lambda$doGetBean$0(AbstractBeanFactory.java:335)
	at org.springframework.beans.factory.support.DefaultSingletonBeanRegistry.getSingleton(DefaultSingletonBeanRegistry.java:234)
	at org.springframework.beans.factory.support.AbstractBeanFactory.doGetBean(AbstractBeanFactory.java:333)
	at org.springframework.beans.factory.support.AbstractBeanFactory.getBean(AbstractBeanFactory.java:208)
	at org.springframework.beans.factory.support.DefaultListableBeanFactory.preInstantiateSingletons(DefaultListableBeanFactory.java:955)
	at org.springframework.context.support.AbstractApplicationContext.finishBeanFactoryInitialization(AbstractApplicationContext.java:921)
	at org.springframework.context.support.AbstractApplicationContext.refresh(AbstractApplicationContext.java:583)
	at org.springframework.boot.SpringApplication.refresh(SpringApplication.java:731)
	at org.springframework.boot.SpringApplication.refreshContext(SpringApplication.java:408)
	at org.springframework.boot.SpringApplication.run(SpringApplication.java:307)
	at org.springframework.boot.test.context.SpringBootContextLoader.loadContext(SpringBootContextLoader.java:136)
	at org.springframework.test.context.cache.DefaultCacheAwareContextLoaderDelegate.loadContextInternal(DefaultCacheAwareContextLoaderDelegate.java:141)
	at org.springframework.test.context.cache.DefaultCacheAwareContextLoaderDelegate.loadContext(DefaultCacheAwareContextLoaderDelegate.java:90)
	... 112 common frames omitted
Caused by: org.springframework.beans.factory.UnsatisfiedDependencyException: Error creating bean with name 'userdetailserviceimpl': Unsatisfied dependency expressed through field 'userRepository'; nested exception is org.springframework.beans.factory.BeanCreationException: Error creating bean with name 'userRepository' defined in net.engineeringdigest.journalApp.repository.UserRepository defined in @EnableMongoRepositories declared on MongoRepositoriesRegistrar.EnableMongoRepositoriesConfiguration: Cannot resolve reference to bean 'mongoTemplate' while setting bean property 'mongoOperations'; nested exception is org.springframework.beans.factory.BeanCreationException: Error creating bean with name 'mongoTemplate' defined in class path resource [org/springframework/boot/autoconfigure/data/mongo/MongoDatabaseFactoryDependentConfiguration.class]: Bean instantiation via factory method failed; nested exception is org.springframework.beans.BeanInstantiationException: Failed to instantiate [org.springframework.data.mongodb.core.MongoTemplate]: Factory method 'mongoTemplate' threw exception; nested exception is org.springframework.dao.DataAccessResourceFailureException: Timed out after 30000 ms while waiting for a server that matches com.mongodb.client.internal.MongoClientDelegate$1@1c43df76. Client view of cluster state is {type=REPLICA_SET, servers=[{address=ac-ggf694n-shard-00-00.1q4yqcd.mongodb.net:27017, type=UNKNOWN, state=CONNECTING, exception={com.mongodb.MongoSocketWriteException: Exception sending message}, caused by {javax.net.ssl.SSLException: Received fatal alert: internal_error}}, {address=ac-ggf694n-shard-00-02.1q4yqcd.mongodb.net:27017, type=UNKNOWN, state=CONNECTING, exception={com.mongodb.MongoSocketWriteException: Exception sending message}, caused by {javax.net.ssl.SSLException: Received fatal alert: internal_error}}, {address=ac-ggf694n-shard-00-01.1q4yqcd.mongodb.net:27017, type=UNKNOWN, state=CONNECTING, exception={com.mongodb.MongoSocketWriteException: Exception sending message}, caused by {javax.net.ssl.SSLException: Received fatal alert: internal_error}}]; nested exception is com.mongodb.MongoTimeoutException: Timed out after 30000 ms while waiting for a server that matches com.mongodb.client.internal.MongoClientDelegate$1@1c43df76. Client view of cluster state is {type=REPLICA_SET, servers=[{address=ac-ggf694n-shard-00-00.1q4yqcd.mongodb.net:27017, type=UNKNOWN, state=CONNECTING, exception={com.mongodb.MongoSocketWriteException: Exception sending message}, caused by {javax.net.ssl.SSLException: Received fatal alert: internal_error}}, {address=ac-ggf694n-shard-00-02.1q4yqcd.mongodb.net:27017, type=UNKNOWN, state=CONNECTING, exception={com.mongodb.MongoSocketWriteException: Exception sending message}, caused by {javax.net.ssl.SSLException: Received fatal alert: internal_error}}, {address=ac-ggf694n-shard-00-01.1q4yqcd.mongodb.net:27017, type=UNKNOWN, state=CONNECTING, exception={com.mongodb.MongoSocketWriteException: Exception sending message}, caused by {javax.net.ssl.SSLException: Received fatal alert: internal_error}}]
	at org.springframework.beans.factory.annotation.AutowiredAnnotationBeanPostProcessor$AutowiredFieldElement.resolveFieldValue(AutowiredAnnotationBeanPostProcessor.java:713)
	at org.springframework.beans.factory.annotation.AutowiredAnnotationBeanPostProcessor$AutowiredFieldElement.inject(AutowiredAnnotationBeanPostProcessor.java:693)
	at org.springframework.beans.factory.annotation.InjectionMetadata.inject(InjectionMetadata.java:119)
	at org.springframework.beans.factory.annotation.AutowiredAnnotationBeanPostProcessor.postProcessProperties(AutowiredAnnotationBeanPostProcessor.java:408)
	at org.springframework.beans.factory.support.AbstractAutowireCapableBeanFactory.populateBean(AbstractAutowireCapableBeanFactory.java:1431)
	at org.springframework.beans.factory.support.AbstractAutowireCapableBeanFactory.doCreateBean(AbstractAutowireCapableBeanFactory.java:619)
	at org.springframework.beans.factory.support.AbstractAutowireCapableBeanFactory.createBean(AbstractAutowireCapableBeanFactory.java:542)
	at org.springframework.beans.factory.support.AbstractBeanFactory.lambda$doGetBean$0(AbstractBeanFactory.java:335)
	at org.springframework.beans.factory.support.DefaultSingletonBeanRegistry.getSingleton(DefaultSingletonBeanRegistry.java:234)
	at org.springframework.beans.factory.support.AbstractBeanFactory.doGetBean(AbstractBeanFactory.java:333)
	at org.springframework.beans.factory.support.AbstractBeanFactory.getBean(AbstractBeanFactory.java:208)
	at org.springframework.beans.factory.config.DependencyDescriptor.resolveCandidate(DependencyDescriptor.java:276)
	at org.springframework.beans.factory.support.DefaultListableBeanFactory.doResolveDependency(DefaultListableBeanFactory.java:1391)
	at org.springframework.beans.factory.support.DefaultListableBeanFactory.resolveDependency(DefaultListableBeanFactory.java:1311)
	at org.springframework.beans.factory.annotation.AutowiredAnnotationBeanPostProcessor$AutowiredFieldElement.resolveFieldValue(AutowiredAnnotationBeanPostProcessor.java:710)
	... 131 common frames omitted
Caused by: org.springframework.beans.factory.BeanCreationException: Error creating bean with name 'userRepository' defined in net.engineeringdigest.journalApp.repository.UserRepository defined in @EnableMongoRepositories declared on MongoRepositoriesRegistrar.EnableMongoRepositoriesConfiguration: Cannot resolve reference to bean 'mongoTemplate' while setting bean property 'mongoOperations'; nested exception is org.springframework.beans.factory.BeanCreationException: Error creating bean with name 'mongoTemplate' defined in class path resource [org/springframework/boot/autoconfigure/data/mongo/MongoDatabaseFactoryDependentConfiguration.class]: Bean instantiation via factory method failed; nested exception is org.springframework.beans.BeanInstantiationException: Failed to instantiate [org.springframework.data.mongodb.core.MongoTemplate]: Factory method 'mongoTemplate' threw exception; nested exception is org.springframework.dao.DataAccessResourceFailureException: Timed out after 30000 ms while waiting for a server that matches com.mongodb.client.internal.MongoClientDelegate$1@1c43df76. Client view of cluster state is {type=REPLICA_SET, servers=[{address=ac-ggf694n-shard-00-00.1q4yqcd.mongodb.net:27017, type=UNKNOWN, state=CONNECTING, exception={com.mongodb.MongoSocketWriteException: Exception sending message}, caused by {javax.net.ssl.SSLException: Received fatal alert: internal_error}}, {address=ac-ggf694n-shard-00-02.1q4yqcd.mongodb.net:27017, type=UNKNOWN, state=CONNECTING, exception={com.mongodb.MongoSocketWriteException: Exception sending message}, caused by {javax.net.ssl.SSLException: Received fatal alert: internal_error}}, {address=ac-ggf694n-shard-00-01.1q4yqcd.mongodb.net:27017, type=UNKNOWN, state=CONNECTING, exception={com.mongodb.MongoSocketWriteException: Exception sending message}, caused by {javax.net.ssl.SSLException: Received fatal alert: internal_error}}]; nested exception is com.mongodb.MongoTimeoutException: Timed out after 30000 ms while waiting for a server that matches com.mongodb.client.internal.MongoClientDelegate$1@1c43df76. Client view of cluster state is {type=REPLICA_SET, servers=[{address=ac-ggf694n-shard-00-00.1q4yqcd.mongodb.net:27017, type=UNKNOWN, state=CONNECTING, exception={com.mongodb.MongoSocketWriteException: Exception sending message}, caused by {javax.net.ssl.SSLException: Received fatal alert: internal_error}}, {address=ac-ggf694n-shard-00-02.1q4yqcd.mongodb.net:27017, type=UNKNOWN, state=CONNECTING, exception={com.mongodb.MongoSocketWriteException: Exception sending message}, caused by {javax.net.ssl.SSLException: Received fatal alert: internal_error}}, {address=ac-ggf694n-shard-00-01.1q4yqcd.mongodb.net:27017, type=UNKNOWN, state=CONNECTING, exception={com.mongodb.MongoSocketWriteException: Exception sending message}, caused by {javax.net.ssl.SSLException: Received fatal alert: internal_error}}]
	at org.springframework.beans.factory.support.BeanDefinitionValueResolver.resolveReference(BeanDefinitionValueResolver.java:342)
	at org.springframework.beans.factory.support.BeanDefinitionValueResolver.resolveValueIfNecessary(BeanDefinitionValueResolver.java:113)
	at org.springframework.beans.factory.support.AbstractAutowireCapableBeanFactory.applyPropertyValues(AbstractAutowireCapableBeanFactory.java:1707)
	at org.springframework.beans.factory.support.AbstractAutowireCapableBeanFactory.populateBean(AbstractAutowireCapableBeanFactory.java:1452)
	at org.springframework.beans.factory.support.AbstractAutowireCapableBeanFactory.doCreateBean(AbstractAutowireCapableBeanFactory.java:619)
	at org.springframework.beans.factory.support.AbstractAutowireCapableBeanFactory.createBean(AbstractAutowireCapableBeanFactory.java:542)
	at org.springframework.beans.factory.support.AbstractBeanFactory.lambda$doGetBean$0(AbstractBeanFactory.java:335)
	at org.springframework.beans.factory.support.DefaultSingletonBeanRegistry.getSingleton(DefaultSingletonBeanRegistry.java:234)
	at org.springframework.beans.factory.support.AbstractBeanFactory.doGetBean(AbstractBeanFactory.java:333)
	at org.springframework.beans.factory.support.AbstractBeanFactory.getBean(AbstractBeanFactory.java:208)
	at org.springframework.beans.factory.config.DependencyDescriptor.resolveCandidate(DependencyDescriptor.java:276)
	at org.springframework.beans.factory.support.DefaultListableBeanFactory.doResolveDependency(DefaultListableBeanFactory.java:1391)
	at org.springframework.beans.factory.support.DefaultListableBeanFactory.resolveDependency(DefaultListableBeanFactory.java:1311)
	at org.springframework.beans.factory.annotation.AutowiredAnnotationBeanPostProcessor$AutowiredFieldElement.resolveFieldValue(AutowiredAnnotationBeanPostProcessor.java:710)
	... 145 common frames omitted
Caused by: org.springframework.beans.factory.BeanCreationException: Error creating bean with name 'mongoTemplate' defined in class path resource [org/springframework/boot/autoconfigure/data/mongo/MongoDatabaseFactoryDependentConfiguration.class]: Bean instantiation via factory method failed; nested exception is org.springframework.beans.BeanInstantiationException: Failed to instantiate [org.springframework.data.mongodb.core.MongoTemplate]: Factory method 'mongoTemplate' threw exception; nested exception is org.springframework.dao.DataAccessResourceFailureException: Timed out after 30000 ms while waiting for a server that matches com.mongodb.client.internal.MongoClientDelegate$1@1c43df76. Client view of cluster state is {type=REPLICA_SET, servers=[{address=ac-ggf694n-shard-00-00.1q4yqcd.mongodb.net:27017, type=UNKNOWN, state=CONNECTING, exception={com.mongodb.MongoSocketWriteException: Exception sending message}, caused by {javax.net.ssl.SSLException: Received fatal alert: internal_error}}, {address=ac-ggf694n-shard-00-02.1q4yqcd.mongodb.net:27017, type=UNKNOWN, state=CONNECTING, exception={com.mongodb.MongoSocketWriteException: Exception sending message}, caused by {javax.net.ssl.SSLException: Received fatal alert: internal_error}}, {address=ac-ggf694n-shard-00-01.1q4yqcd.mongodb.net:27017, type=UNKNOWN, state=CONNECTING, exception={com.mongodb.MongoSocketWriteException: Exception sending message}, caused by {javax.net.ssl.SSLException: Received fatal alert: internal_error}}]; nested exception is com.mongodb.MongoTimeoutException: Timed out after 30000 ms while waiting for a server that matches com.mongodb.client.internal.MongoClientDelegate$1@1c43df76. Client view of cluster state is {type=REPLICA_SET, servers=[{address=ac-ggf694n-shard-00-00.1q4yqcd.mongodb.net:27017, type=UNKNOWN, state=CONNECTING, exception={com.mongodb.MongoSocketWriteException: Exception sending message}, caused by {javax.net.ssl.SSLException: Received fatal alert: internal_error}}, {address=ac-ggf694n-shard-00-02.1q4yqcd.mongodb.net:27017, type=UNKNOWN, state=CONNECTING, exception={com.mongodb.MongoSocketWriteException: Exception sending message}, caused by {javax.net.ssl.SSLException: Received fatal alert: internal_error}}, {address=ac-ggf694n-shard-00-01.1q4yqcd.mongodb.net:27017, type=UNKNOWN, state=CONNECTING, exception={com.mongodb.MongoSocketWriteException: Exception sending message}, caused by {javax.net.ssl.SSLException: Received fatal alert: internal_error}}]
	at org.springframework.beans.factory.support.ConstructorResolver.instantiate(ConstructorResolver.java:653)
	at org.springframework.beans.factory.support.ConstructorResolver.instantiateUsingFactoryMethod(ConstructorResolver.java:633)
	at org.springframework.beans.factory.support.AbstractAutowireCapableBeanFactory.instantiateUsingFactoryMethod(AbstractAutowireCapableBeanFactory.java:1352)
	at org.springframework.beans.factory.support.AbstractAutowireCapableBeanFactory.createBeanInstance(AbstractAutowireCapableBeanFactory.java:1195)
	at org.springframework.beans.factory.support.AbstractAutowireCapableBeanFactory.doCreateBean(AbstractAutowireCapableBeanFactory.java:582)
	at org.springframework.beans.factory.support.AbstractAutowireCapableBeanFactory.createBean(AbstractAutowireCapableBeanFactory.java:542)
	at org.springframework.beans.factory.support.AbstractBeanFactory.lambda$doGetBean$0(AbstractBeanFactory.java:335)
	at org.springframework.beans.factory.support.DefaultSingletonBeanRegistry.getSingleton(DefaultSingletonBeanRegistry.java:234)
	at org.springframework.beans.factory.support.AbstractBeanFactory.doGetBean(AbstractBeanFactory.java:333)
	at org.springframework.beans.factory.support.AbstractBeanFactory.getBean(AbstractBeanFactory.java:208)
	at org.springframework.beans.factory.support.BeanDefinitionValueResolver.resolveReference(BeanDefinitionValueResolver.java:330)
	... 158 common frames omitted
Caused by: org.springframework.beans.BeanInstantiationException: Failed to instantiate [org.springframework.data.mongodb.core.MongoTemplate]: Factory method 'mongoTemplate' threw exception; nested exception is org.springframework.dao.DataAccessResourceFailureException: Timed out after 30000 ms while waiting for a server that matches com.mongodb.client.internal.MongoClientDelegate$1@1c43df76. Client view of cluster state is {type=REPLICA_SET, servers=[{address=ac-ggf694n-shard-00-00.1q4yqcd.mongodb.net:27017, type=UNKNOWN, state=CONNECTING, exception={com.mongodb.MongoSocketWriteException: Exception sending message}, caused by {javax.net.ssl.SSLException: Received fatal alert: internal_error}}, {address=ac-ggf694n-shard-00-02.1q4yqcd.mongodb.net:27017, type=UNKNOWN, state=CONNECTING, exception={com.mongodb.MongoSocketWriteException: Exception sending message}, caused by {javax.net.ssl.SSLException: Received fatal alert: internal_error}}, {address=ac-ggf694n-shard-00-01.1q4yqcd.mongodb.net:27017, type=UNKNOWN, state=CONNECTING, exception={com.mongodb.MongoSocketWriteException: Exception sending message}, caused by {javax.net.ssl.SSLException: Received fatal alert: internal_error}}]; nested exception is com.mongodb.MongoTimeoutException: Timed out after 30000 ms while waiting for a server that matches com.mongodb.client.internal.MongoClientDelegate$1@1c43df76. Client view of cluster state is {type=REPLICA_SET, servers=[{address=ac-ggf694n-shard-00-00.1q4yqcd.mongodb.net:27017, type=UNKNOWN, state=CONNECTING, exception={com.mongodb.MongoSocketWriteException: Exception sending message}, caused by {javax.net.ssl.SSLException: Received fatal alert: internal_error}}, {address=ac-ggf694n-shard-00-02.1q4yqcd.mongodb.net:27017, type=UNKNOWN, state=CONNECTING, exception={com.mongodb.MongoSocketWriteException: Exception sending message}, caused by {javax.net.ssl.SSLException: Received fatal alert: internal_error}}, {address=ac-ggf694n-shard-00-01.1q4yqcd.mongodb.net:27017, type=UNKNOWN, state=CONNECTING, exception={com.mongodb.MongoSocketWriteException: Exception sending message}, caused by {javax.net.ssl.SSLException: Received fatal alert: internal_error}}]
	at org.springframework.beans.factory.support.SimpleInstantiationStrategy.instantiate(SimpleInstantiationStrategy.java:185)
	at org.springframework.beans.factory.support.ConstructorResolver.instantiate(ConstructorResolver.java:648)
	... 168 common frames omitted
Caused by: org.springframework.dao.DataAccessResourceFailureException: Timed out after 30000 ms while waiting for a server that matches com.mongodb.client.internal.MongoClientDelegate$1@1c43df76. Client view of cluster state is {type=REPLICA_SET, servers=[{address=ac-ggf694n-shard-00-00.1q4yqcd.mongodb.net:27017, type=UNKNOWN, state=CONNECTING, exception={com.mongodb.MongoSocketWriteException: Exception sending message}, caused by {javax.net.ssl.SSLException: Received fatal alert: internal_error}}, {address=ac-ggf694n-shard-00-02.1q4yqcd.mongodb.net:27017, type=UNKNOWN, state=CONNECTING, exception={com.mongodb.MongoSocketWriteException: Exception sending message}, caused by {javax.net.ssl.SSLException: Received fatal alert: internal_error}}, {address=ac-ggf694n-shard-00-01.1q4yqcd.mongodb.net:27017, type=UNKNOWN, state=CONNECTING, exception={com.mongodb.MongoSocketWriteException: Exception sending message}, caused by {javax.net.ssl.SSLException: Received fatal alert: internal_error}}]; nested exception is com.mongodb.MongoTimeoutException: Timed out after 30000 ms while waiting for a server that matches com.mongodb.client.internal.MongoClientDelegate$1@1c43df76. Client view of cluster state is {type=REPLICA_SET, servers=[{address=ac-ggf694n-shard-00-00.1q4yqcd.mongodb.net:27017, type=UNKNOWN, state=CONNECTING, exception={com.mongodb.MongoSocketWriteException: Exception sending message}, caused by {javax.net.ssl.SSLException: Received fatal alert: internal_error}}, {address=ac-ggf694n-shard-00-02.1q4yqcd.mongodb.net:27017, type=UNKNOWN, state=CONNECTING, exception={com.mongodb.MongoSocketWriteException: Exception sending message}, caused by {javax.net.ssl.SSLException: Received fatal alert: internal_error}}, {address=ac-ggf694n-shard-00-01.1q4yqcd.mongodb.net:27017, type=UNKNOWN, state=CONNECTING, exception={com.mongodb.MongoSocketWriteException: Exception sending message}, caused by {javax.net.ssl.SSLException: Received fatal alert: internal_error}}]
	at org.springframework.data.mongodb.core.MongoExceptionTranslator.translateExceptionIfPossible(MongoExceptionTranslator.java:95)
	at org.springframework.data.mongodb.core.MongoTemplate.potentiallyConvertRuntimeException(MongoTemplate.java:3029)
	at org.springframework.data.mongodb.core.MongoTemplate.execute(MongoTemplate.java:581)
	at org.springframework.data.mongodb.core.DefaultIndexOperations.execute(DefaultIndexOperations.java:215)
	at org.springframework.data.mongodb.core.DefaultIndexOperations.ensureIndex(DefaultIndexOperations.java:121)
	at org.springframework.data.mongodb.core.index.MongoPersistentEntityIndexCreator.createIndex(MongoPersistentEntityIndexCreator.java:157)
	at org.springframework.data.mongodb.core.index.MongoPersistentEntityIndexCreator.checkForAndCreateIndexes(MongoPersistentEntityIndexCreator.java:147)
	at org.springframework.data.mongodb.core.index.MongoPersistentEntityIndexCreator.checkForIndexes(MongoPersistentEntityIndexCreator.java:131)
	at org.springframework.data.mongodb.core.index.MongoPersistentEntityIndexCreator.<init>(MongoPersistentEntityIndexCreator.java:96)
	at org.springframework.data.mongodb.core.index.MongoPersistentEntityIndexCreator.<init>(MongoPersistentEntityIndexCreator.java:73)
	at org.springframework.data.mongodb.core.MongoTemplate.<init>(MongoTemplate.java:224)
	at org.springframework.boot.autoconfigure.data.mongo.MongoDatabaseFactoryDependentConfiguration.mongoTemplate(MongoDatabaseFactoryDependentConfiguration.java:63)
	at java.base/jdk.internal.reflect.NativeMethodAccessorImpl.invoke0(Native Method)
	at java.base/jdk.internal.reflect.NativeMethodAccessorImpl.invoke(NativeMethodAccessorImpl.java:62)
	at java.base/jdk.internal.reflect.DelegatingMethodAccessorImpl.invoke(DelegatingMethodAccessorImpl.java:43)
	at java.base/java.lang.reflect.Method.invoke(Method.java:566)
	at org.springframework.beans.factory.support.SimpleInstantiationStrategy.instantiate(SimpleInstantiationStrategy.java:154)
	... 169 common frames omitted
Caused by: com.mongodb.MongoTimeoutException: Timed out after 30000 ms while waiting for a server that matches com.mongodb.client.internal.MongoClientDelegate$1@1c43df76. Client view of cluster state is {type=REPLICA_SET, servers=[{address=ac-ggf694n-shard-00-00.1q4yqcd.mongodb.net:27017, type=UNKNOWN, state=CONNECTING, exception={com.mongodb.MongoSocketWriteException: Exception sending message}, caused by {javax.net.ssl.SSLException: Received fatal alert: internal_error}}, {address=ac-ggf694n-shard-00-02.1q4yqcd.mongodb.net:27017, type=UNKNOWN, state=CONNECTING, exception={com.mongodb.MongoSocketWriteException: Exception sending message}, caused by {javax.net.ssl.SSLException: Received fatal alert: internal_error}}, {address=ac-ggf694n-shard-00-01.1q4yqcd.mongodb.net:27017, type=UNKNOWN, state=CONNECTING, exception={com.mongodb.MongoSocketWriteException: Exception sending message}, caused by {javax.net.ssl.SSLException: Received fatal alert: internal_error}}]
	at com.mongodb.internal.connection.BaseCluster.createTimeoutException(BaseCluster.java:424)
	at com.mongodb.internal.connection.BaseCluster.selectServer(BaseCluster.java:121)
	at com.mongodb.internal.connection.AbstractMultiServerCluster.selectServer(AbstractMultiServerCluster.java:50)
	at com.mongodb.client.internal.MongoClientDelegate.getConnectedClusterDescription(MongoClientDelegate.java:146)
	at com.mongodb.client.internal.MongoClientDelegate.createClientSession(MongoClientDelegate.java:101)
	at com.mongodb.client.internal.MongoClientDelegate$DelegateOperationExecutor.getClientSession(MongoClientDelegate.java:291)
	at com.mongodb.client.internal.MongoClientDelegate$DelegateOperationExecutor.execute(MongoClientDelegate.java:207)
	at com.mongodb.client.internal.MongoCollectionImpl.executeCreateIndexes(MongoCollectionImpl.java:848)
	at com.mongodb.client.internal.MongoCollectionImpl.createIndexes(MongoCollectionImpl.java:831)
	at com.mongodb.client.internal.MongoCollectionImpl.createIndexes(MongoCollectionImpl.java:826)
	at com.mongodb.client.internal.MongoCollectionImpl.createIndex(MongoCollectionImpl.java:811)
	at org.springframework.data.mongodb.core.DefaultIndexOperations.lambda$ensureIndex$0(DefaultIndexOperations.java:131)
	at org.springframework.data.mongodb.core.MongoTemplate.execute(MongoTemplate.java:579)
	... 183 common frames omitted
26-05-15 16:19:23.238 [main] INFO  n.e.journalApp.JournalApplication - Starting JournalApplication using Java 11.0.31 on LAPTOP-4IL5G33D with PID 17224 (C:\Users\SIDDHU\OneDrive\Desktop\journalapp\journalApp\target\classes started by SIDDHU in C:\Users\SIDDHU\OneDrive\Desktop\journalapp\journalApp)
26-05-15 16:19:23.242 [main] INFO  n.e.journalApp.JournalApplication - The following 1 profile is active: "dev"
26-05-15 16:19:24.226 [main] INFO  o.s.d.r.c.RepositoryConfigurationDelegate - Bootstrapping Spring Data MongoDB repositories in DEFAULT mode.
26-05-15 16:19:24.313 [main] INFO  o.s.d.r.c.RepositoryConfigurationDelegate - Finished Spring Data repository scanning in 79 ms. Found 2 MongoDB repository interfaces.
26-05-15 16:19:25.693 [main] INFO  o.s.b.w.e.tomcat.TomcatWebServer - Tomcat initialized with port(s): 8082 (http)
26-05-15 16:19:25.704 [main] INFO  o.a.coyote.http11.Http11NioProtocol - Initializing ProtocolHandler ["http-nio-8082"]
26-05-15 16:19:25.708 [main] INFO  o.a.catalina.core.StandardService - Starting service [Tomcat]
26-05-15 16:19:25.708 [main] INFO  o.a.catalina.core.StandardEngine - Starting Servlet engine: [Apache Tomcat/9.0.80]
26-05-15 16:19:25.856 [main] INFO  o.a.c.c.C.[.[.[/journalapp] - Initializing Spring embedded WebApplicationContext
26-05-15 16:19:25.858 [main] INFO  o.s.b.w.s.c.ServletWebServerApplicationContext - Root WebApplicationContext: initialization completed in 2552 ms
26-05-15 16:19:26.204 [cluster-ClusterId{value='6a06fa368a7ffe389b0224ef', description='null'}-srv-cluster0.1q4yqcd.mongodb.net] INFO  org.mongodb.driver.cluster - Adding discovered server ac-ggf694n-shard-00-01.1q4yqcd.mongodb.net:27017 to client view of cluster
26-05-15 16:19:26.205 [main] INFO  org.mongodb.driver.client - MongoClient with metadata {"driver": {"name": "mongo-java-driver|sync|spring-boot", "version": "4.6.1"}, "os": {"type": "Windows", "name": "Windows 11", "architecture": "amd64", "version": "10.0"}, "platform": "Java/Microsoft/11.0.31+11-LTS", "application": {"name": "Cluster0"}} created with settings MongoClientSettings{readPreference=primary, writeConcern=WriteConcern{w=null, wTimeout=null ms, journal=null}, retryWrites=true, retryReads=true, readConcern=ReadConcern{level=null}, credential=MongoCredential{mechanism=null, userName='banusiddharth35_db_user', source='admin', password=<hidden>, mechanismProperties=<hidden>}, streamFactoryFactory=null, commandListeners=[], codecRegistry=ProvidersCodecRegistry{codecProviders=[ValueCodecProvider{}, BsonValueCodecProvider{}, DBRefCodecProvider{}, DBObjectCodecProvider{}, DocumentCodecProvider{}, IterableCodecProvider{}, MapCodecProvider{}, GeoJsonCodecProvider{}, GridFSFileCodecProvider{}, Jsr310CodecProvider{}, JsonObjectCodecProvider{}, BsonCodecProvider{}, EnumCodecProvider{}, com.mongodb.Jep395RecordCodecProvider@42383cb0]}, clusterSettings={hosts=[127.0.0.1:27017], srvHost=cluster0.1q4yqcd.mongodb.net, srvServiceName=mongodb, mode=MULTIPLE, requiredClusterType=REPLICA_SET, requiredReplicaSetName='atlas-mizxxc-shard-0', serverSelector='null', clusterListeners='[]', serverSelectionTimeout='30000 ms', localThreshold='30000 ms'}, socketSettings=SocketSettings{connectTimeoutMS=10000, readTimeoutMS=0, receiveBufferSize=0, sendBufferSize=0}, heartbeatSocketSettings=SocketSettings{connectTimeoutMS=10000, readTimeoutMS=10000, receiveBufferSize=0, sendBufferSize=0}, connectionPoolSettings=ConnectionPoolSettings{maxSize=100, minSize=0, maxWaitTimeMS=120000, maxConnectionLifeTimeMS=0, maxConnectionIdleTimeMS=0, maintenanceInitialDelayMS=0, maintenanceFrequencyMS=60000, connectionPoolListeners=[], maxConnecting=2}, serverSettings=ServerSettings{heartbeatFrequencyMS=10000, minHeartbeatFrequencyMS=500, serverListeners='[]', serverMonitorListeners='[]'}, sslSettings=SslSettings{enabled=true, invalidHostNameAllowed=false, context=null}, applicationName='Cluster0', compressorList=[], uuidRepresentation=JAVA_LEGACY, serverApi=null, autoEncryptionSettings=null, contextProvider=null}
26-05-15 16:19:26.231 [cluster-ClusterId{value='6a06fa368a7ffe389b0224ef', description='null'}-srv-cluster0.1q4yqcd.mongodb.net] INFO  org.mongodb.driver.cluster - Adding discovered server ac-ggf694n-shard-00-00.1q4yqcd.mongodb.net:27017 to client view of cluster
26-05-15 16:19:26.232 [cluster-ClusterId{value='6a06fa368a7ffe389b0224ef', description='null'}-srv-cluster0.1q4yqcd.mongodb.net] INFO  org.mongodb.driver.cluster - Adding discovered server ac-ggf694n-shard-00-02.1q4yqcd.mongodb.net:27017 to client view of cluster
26-05-15 16:19:26.512 [cluster-ClusterId{value='6a06fa368a7ffe389b0224ef', description='null'}-ac-ggf694n-shard-00-00.1q4yqcd.mongodb.net:27017] INFO  org.mongodb.driver.cluster - Exception in monitor thread while connecting to server ac-ggf694n-shard-00-00.1q4yqcd.mongodb.net:27017
com.mongodb.MongoSocketWriteException: Exception sending message
	at com.mongodb.internal.connection.InternalStreamConnection.translateWriteException(InternalStreamConnection.java:684)
	at com.mongodb.internal.connection.InternalStreamConnection.sendMessage(InternalStreamConnection.java:555)
	at com.mongodb.internal.connection.InternalStreamConnection.sendCommandMessage(InternalStreamConnection.java:381)
	at com.mongodb.internal.connection.InternalStreamConnection.sendAndReceive(InternalStreamConnection.java:329)
	at com.mongodb.internal.connection.CommandHelper.sendAndReceive(CommandHelper.java:101)
	at com.mongodb.internal.connection.CommandHelper.executeCommand(CommandHelper.java:45)
	at com.mongodb.internal.connection.InternalStreamConnectionInitializer.initializeConnectionDescription(InternalStreamConnectionInitializer.java:131)
	at com.mongodb.internal.connection.InternalStreamConnectionInitializer.startHandshake(InternalStreamConnectionInitializer.java:73)
	at com.mongodb.internal.connection.InternalStreamConnection.open(InternalStreamConnection.java:182)
	at com.mongodb.internal.connection.DefaultServerMonitor$ServerMonitorRunnable.lookupServerDescription(DefaultServerMonitor.java:193)
	at com.mongodb.internal.connection.DefaultServerMonitor$ServerMonitorRunnable.run(DefaultServerMonitor.java:157)
	at java.base/java.lang.Thread.run(Thread.java:829)
Caused by: javax.net.ssl.SSLException: Received fatal alert: internal_error
	at java.base/sun.security.ssl.Alert.createSSLException(Alert.java:133)
	at java.base/sun.security.ssl.Alert.createSSLException(Alert.java:117)
	at java.base/sun.security.ssl.TransportContext.fatal(TransportContext.java:353)
	at java.base/sun.security.ssl.Alert$AlertConsumer.consume(Alert.java:293)
	at java.base/sun.security.ssl.TransportContext.dispatch(TransportContext.java:192)
	at java.base/sun.security.ssl.SSLTransport.decode(SSLTransport.java:172)
	at java.base/sun.security.ssl.SSLSocketImpl.decode(SSLSocketImpl.java:1511)
	at java.base/sun.security.ssl.SSLSocketImpl.readHandshakeRecord(SSLSocketImpl.java:1421)
	at java.base/sun.security.ssl.SSLSocketImpl.startHandshake(SSLSocketImpl.java:456)
	at java.base/sun.security.ssl.SSLSocketImpl.ensureNegotiated(SSLSocketImpl.java:926)
	at java.base/sun.security.ssl.SSLSocketImpl$AppOutputStream.write(SSLSocketImpl.java:1296)
	at com.mongodb.internal.connection.SocketStream.write(SocketStream.java:99)
	at com.mongodb.internal.connection.InternalStreamConnection.sendMessage(InternalStreamConnection.java:552)
	... 10 common frames omitted
26-05-15 16:19:26.512 [cluster-ClusterId{value='6a06fa368a7ffe389b0224ef', description='null'}-ac-ggf694n-shard-00-02.1q4yqcd.mongodb.net:27017] INFO  org.mongodb.driver.cluster - Exception in monitor thread while connecting to server ac-ggf694n-shard-00-02.1q4yqcd.mongodb.net:27017
com.mongodb.MongoSocketWriteException: Exception sending message
	at com.mongodb.internal.connection.InternalStreamConnection.translateWriteException(InternalStreamConnection.java:684)
	at com.mongodb.internal.connection.InternalStreamConnection.sendMessage(InternalStreamConnection.java:555)
	at com.mongodb.internal.connection.InternalStreamConnection.sendCommandMessage(InternalStreamConnection.java:381)
	at com.mongodb.internal.connection.InternalStreamConnection.sendAndReceive(InternalStreamConnection.java:329)
	at com.mongodb.internal.connection.CommandHelper.sendAndReceive(CommandHelper.java:101)
	at com.mongodb.internal.connection.CommandHelper.executeCommand(CommandHelper.java:45)
	at com.mongodb.internal.connection.InternalStreamConnectionInitializer.initializeConnectionDescription(InternalStreamConnectionInitializer.java:131)
	at com.mongodb.internal.connection.InternalStreamConnectionInitializer.startHandshake(InternalStreamConnectionInitializer.java:73)
	at com.mongodb.internal.connection.InternalStreamConnection.open(InternalStreamConnection.java:182)
	at com.mongodb.internal.connection.DefaultServerMonitor$ServerMonitorRunnable.lookupServerDescription(DefaultServerMonitor.java:193)
	at com.mongodb.internal.connection.DefaultServerMonitor$ServerMonitorRunnable.run(DefaultServerMonitor.java:157)
	at java.base/java.lang.Thread.run(Thread.java:829)
Caused by: javax.net.ssl.SSLException: Received fatal alert: internal_error
	at java.base/sun.security.ssl.Alert.createSSLException(Alert.java:133)
	at java.base/sun.security.ssl.Alert.createSSLException(Alert.java:117)
	at java.base/sun.security.ssl.TransportContext.fatal(TransportContext.java:353)
	at java.base/sun.security.ssl.Alert$AlertConsumer.consume(Alert.java:293)
	at java.base/sun.security.ssl.TransportContext.dispatch(TransportContext.java:192)
	at java.base/sun.security.ssl.SSLTransport.decode(SSLTransport.java:172)
	at java.base/sun.security.ssl.SSLSocketImpl.decode(SSLSocketImpl.java:1511)
	at java.base/sun.security.ssl.SSLSocketImpl.readHandshakeRecord(SSLSocketImpl.java:1421)
	at java.base/sun.security.ssl.SSLSocketImpl.startHandshake(SSLSocketImpl.java:456)
	at java.base/sun.security.ssl.SSLSocketImpl.ensureNegotiated(SSLSocketImpl.java:926)
	at java.base/sun.security.ssl.SSLSocketImpl$AppOutputStream.write(SSLSocketImpl.java:1296)
	at com.mongodb.internal.connection.SocketStream.write(SocketStream.java:99)
	at com.mongodb.internal.connection.InternalStreamConnection.sendMessage(InternalStreamConnection.java:552)
	... 10 common frames omitted
26-05-15 16:19:26.512 [cluster-ClusterId{value='6a06fa368a7ffe389b0224ef', description='null'}-ac-ggf694n-shard-00-01.1q4yqcd.mongodb.net:27017] INFO  org.mongodb.driver.cluster - Exception in monitor thread while connecting to server ac-ggf694n-shard-00-01.1q4yqcd.mongodb.net:27017
com.mongodb.MongoSocketWriteException: Exception sending message
	at com.mongodb.internal.connection.InternalStreamConnection.translateWriteException(InternalStreamConnection.java:684)
	at com.mongodb.internal.connection.InternalStreamConnection.sendMessage(InternalStreamConnection.java:555)
	at com.mongodb.internal.connection.InternalStreamConnection.sendCommandMessage(InternalStreamConnection.java:381)
	at com.mongodb.internal.connection.InternalStreamConnection.sendAndReceive(InternalStreamConnection.java:329)
	at com.mongodb.internal.connection.CommandHelper.sendAndReceive(CommandHelper.java:101)
	at com.mongodb.internal.connection.CommandHelper.executeCommand(CommandHelper.java:45)
	at com.mongodb.internal.connection.InternalStreamConnectionInitializer.initializeConnectionDescription(InternalStreamConnectionInitializer.java:131)
	at com.mongodb.internal.connection.InternalStreamConnectionInitializer.startHandshake(InternalStreamConnectionInitializer.java:73)
	at com.mongodb.internal.connection.InternalStreamConnection.open(InternalStreamConnection.java:182)
	at com.mongodb.internal.connection.DefaultServerMonitor$ServerMonitorRunnable.lookupServerDescription(DefaultServerMonitor.java:193)
	at com.mongodb.internal.connection.DefaultServerMonitor$ServerMonitorRunnable.run(DefaultServerMonitor.java:157)
	at java.base/java.lang.Thread.run(Thread.java:829)
Caused by: javax.net.ssl.SSLException: Received fatal alert: internal_error
	at java.base/sun.security.ssl.Alert.createSSLException(Alert.java:133)
	at java.base/sun.security.ssl.Alert.createSSLException(Alert.java:117)
	at java.base/sun.security.ssl.TransportContext.fatal(TransportContext.java:353)
	at java.base/sun.security.ssl.Alert$AlertConsumer.consume(Alert.java:293)
	at java.base/sun.security.ssl.TransportContext.dispatch(TransportContext.java:192)
	at java.base/sun.security.ssl.SSLTransport.decode(SSLTransport.java:172)
	at java.base/sun.security.ssl.SSLSocketImpl.decode(SSLSocketImpl.java:1511)
	at java.base/sun.security.ssl.SSLSocketImpl.readHandshakeRecord(SSLSocketImpl.java:1421)
	at java.base/sun.security.ssl.SSLSocketImpl.startHandshake(SSLSocketImpl.java:456)
	at java.base/sun.security.ssl.SSLSocketImpl.ensureNegotiated(SSLSocketImpl.java:926)
	at java.base/sun.security.ssl.SSLSocketImpl$AppOutputStream.write(SSLSocketImpl.java:1296)
	at com.mongodb.internal.connection.SocketStream.write(SocketStream.java:99)
	at com.mongodb.internal.connection.InternalStreamConnection.sendMessage(InternalStreamConnection.java:552)
	... 10 common frames omitted
26-05-15 16:19:26.522 [main] INFO  org.mongodb.driver.cluster - No server chosen by com.mongodb.client.internal.MongoClientDelegate$1@6f9e08d4 from cluster description ClusterDescription{type=REPLICA_SET, connectionMode=MULTIPLE, serverDescriptions=[ServerDescription{address=ac-ggf694n-shard-00-00.1q4yqcd.mongodb.net:27017, type=UNKNOWN, state=CONNECTING, exception={com.mongodb.MongoSocketWriteException: Exception sending message}, caused by {javax.net.ssl.SSLException: Received fatal alert: internal_error}}, ServerDescription{address=ac-ggf694n-shard-00-02.1q4yqcd.mongodb.net:27017, type=UNKNOWN, state=CONNECTING, exception={com.mongodb.MongoSocketWriteException: Exception sending message}, caused by {javax.net.ssl.SSLException: Received fatal alert: internal_error}}, ServerDescription{address=ac-ggf694n-shard-00-01.1q4yqcd.mongodb.net:27017, type=UNKNOWN, state=CONNECTING, exception={com.mongodb.MongoSocketWriteException: Exception sending message}, caused by {javax.net.ssl.SSLException: Received fatal alert: internal_error}}]}. Waiting for 30000 ms before timing out
26-05-15 16:19:56.545 [main] WARN  o.s.b.w.s.c.AnnotationConfigServletWebServerApplicationContext - Exception encountered during context initialization - cancelling refresh attempt: org.springframework.beans.factory.UnsatisfiedDependencyException: Error creating bean with name 'springSecurity': Unsatisfied dependency expressed through field 'userservice'; nested exception is org.springframework.beans.factory.UnsatisfiedDependencyException: Error creating bean with name 'userdetailserviceimpl': Unsatisfied dependency expressed through field 'userRepository'; nested exception is org.springframework.beans.factory.BeanCreationException: Error creating bean with name 'userRepository' defined in net.engineeringdigest.journalApp.repository.UserRepository defined in @EnableMongoRepositories declared on MongoRepositoriesRegistrar.EnableMongoRepositoriesConfiguration: Cannot resolve reference to bean 'mongoTemplate' while setting bean property 'mongoOperations'; nested exception is org.springframework.beans.factory.BeanCreationException: Error creating bean with name 'mongoTemplate' defined in class path resource [org/springframework/boot/autoconfigure/data/mongo/MongoDatabaseFactoryDependentConfiguration.class]: Bean instantiation via factory method failed; nested exception is org.springframework.beans.BeanInstantiationException: Failed to instantiate [org.springframework.data.mongodb.core.MongoTemplate]: Factory method 'mongoTemplate' threw exception; nested exception is org.springframework.dao.DataAccessResourceFailureException: Timed out after 30000 ms while waiting for a server that matches com.mongodb.client.internal.MongoClientDelegate$1@6f9e08d4. Client view of cluster state is {type=REPLICA_SET, servers=[{address=ac-ggf694n-shard-00-00.1q4yqcd.mongodb.net:27017, type=UNKNOWN, state=CONNECTING, exception={com.mongodb.MongoSocketWriteException: Exception sending message}, caused by {javax.net.ssl.SSLException: Received fatal alert: internal_error}}, {address=ac-ggf694n-shard-00-02.1q4yqcd.mongodb.net:27017, type=UNKNOWN, state=CONNECTING, exception={com.mongodb.MongoSocketWriteException: Exception sending message}, caused by {javax.net.ssl.SSLException: Received fatal alert: internal_error}}, {address=ac-ggf694n-shard-00-01.1q4yqcd.mongodb.net:27017, type=UNKNOWN, state=CONNECTING, exception={com.mongodb.MongoSocketWriteException: Exception sending message}, caused by {javax.net.ssl.SSLException: Received fatal alert: internal_error}}]; nested exception is com.mongodb.MongoTimeoutException: Timed out after 30000 ms while waiting for a server that matches com.mongodb.client.internal.MongoClientDelegate$1@6f9e08d4. Client view of cluster state is {type=REPLICA_SET, servers=[{address=ac-ggf694n-shard-00-00.1q4yqcd.mongodb.net:27017, type=UNKNOWN, state=CONNECTING, exception={com.mongodb.MongoSocketWriteException: Exception sending message}, caused by {javax.net.ssl.SSLException: Received fatal alert: internal_error}}, {address=ac-ggf694n-shard-00-02.1q4yqcd.mongodb.net:27017, type=UNKNOWN, state=CONNECTING, exception={com.mongodb.MongoSocketWriteException: Exception sending message}, caused by {javax.net.ssl.SSLException: Received fatal alert: internal_error}}, {address=ac-ggf694n-shard-00-01.1q4yqcd.mongodb.net:27017, type=UNKNOWN, state=CONNECTING, exception={com.mongodb.MongoSocketWriteException: Exception sending message}, caused by {javax.net.ssl.SSLException: Received fatal alert: internal_error}}]
26-05-15 16:19:56.556 [main] INFO  o.a.catalina.core.StandardService - Stopping service [Tomcat]
26-05-15 16:19:56.580 [main] INFO  o.s.b.a.l.ConditionEvaluationReportLoggingListener - 

Error starting ApplicationContext. To display the conditions report re-run your application with 'debug' enabled.
26-05-15 16:19:56.629 [main] ERROR o.s.boot.SpringApplication - Application run failed
org.springframework.beans.factory.UnsatisfiedDependencyException: Error creating bean with name 'springSecurity': Unsatisfied dependency expressed through field 'userservice'; nested exception is org.springframework.beans.factory.UnsatisfiedDependencyException: Error creating bean with name 'userdetailserviceimpl': Unsatisfied dependency expressed through field 'userRepository'; nested exception is org.springframework.beans.factory.BeanCreationException: Error creating bean with name 'userRepository' defined in net.engineeringdigest.journalApp.repository.UserRepository defined in @EnableMongoRepositories declared on MongoRepositoriesRegistrar.EnableMongoRepositoriesConfiguration: Cannot resolve reference to bean 'mongoTemplate' while setting bean property 'mongoOperations'; nested exception is org.springframework.beans.factory.BeanCreationException: Error creating bean with name 'mongoTemplate' defined in class path resource [org/springframework/boot/autoconfigure/data/mongo/MongoDatabaseFactoryDependentConfiguration.class]: Bean instantiation via factory method failed; nested exception is org.springframework.beans.BeanInstantiationException: Failed to instantiate [org.springframework.data.mongodb.core.MongoTemplate]: Factory method 'mongoTemplate' threw exception; nested exception is org.springframework.dao.DataAccessResourceFailureException: Timed out after 30000 ms while waiting for a server that matches com.mongodb.client.internal.MongoClientDelegate$1@6f9e08d4. Client view of cluster state is {type=REPLICA_SET, servers=[{address=ac-ggf694n-shard-00-00.1q4yqcd.mongodb.net:27017, type=UNKNOWN, state=CONNECTING, exception={com.mongodb.MongoSocketWriteException: Exception sending message}, caused by {javax.net.ssl.SSLException: Received fatal alert: internal_error}}, {address=ac-ggf694n-shard-00-02.1q4yqcd.mongodb.net:27017, type=UNKNOWN, state=CONNECTING, exception={com.mongodb.MongoSocketWriteException: Exception sending message}, caused by {javax.net.ssl.SSLException: Received fatal alert: internal_error}}, {address=ac-ggf694n-shard-00-01.1q4yqcd.mongodb.net:27017, type=UNKNOWN, state=CONNECTING, exception={com.mongodb.MongoSocketWriteException: Exception sending message}, caused by {javax.net.ssl.SSLException: Received fatal alert: internal_error}}]; nested exception is com.mongodb.MongoTimeoutException: Timed out after 30000 ms while waiting for a server that matches com.mongodb.client.internal.MongoClientDelegate$1@6f9e08d4. Client view of cluster state is {type=REPLICA_SET, servers=[{address=ac-ggf694n-shard-00-00.1q4yqcd.mongodb.net:27017, type=UNKNOWN, state=CONNECTING, exception={com.mongodb.MongoSocketWriteException: Exception sending message}, caused by {javax.net.ssl.SSLException: Received fatal alert: internal_error}}, {address=ac-ggf694n-shard-00-02.1q4yqcd.mongodb.net:27017, type=UNKNOWN, state=CONNECTING, exception={com.mongodb.MongoSocketWriteException: Exception sending message}, caused by {javax.net.ssl.SSLException: Received fatal alert: internal_error}}, {address=ac-ggf694n-shard-00-01.1q4yqcd.mongodb.net:27017, type=UNKNOWN, state=CONNECTING, exception={com.mongodb.MongoSocketWriteException: Exception sending message}, caused by {javax.net.ssl.SSLException: Received fatal alert: internal_error}}]
	at org.springframework.beans.factory.annotation.AutowiredAnnotationBeanPostProcessor$AutowiredFieldElement.resolveFieldValue(AutowiredAnnotationBeanPostProcessor.java:713)
	at org.springframework.beans.factory.annotation.AutowiredAnnotationBeanPostProcessor$AutowiredFieldElement.inject(AutowiredAnnotationBeanPostProcessor.java:693)
	at org.springframework.beans.factory.annotation.InjectionMetadata.inject(InjectionMetadata.java:119)
	at org.springframework.beans.factory.annotation.AutowiredAnnotationBeanPostProcessor.postProcessProperties(AutowiredAnnotationBeanPostProcessor.java:408)
	at org.springframework.beans.factory.support.AbstractAutowireCapableBeanFactory.populateBean(AbstractAutowireCapableBeanFactory.java:1431)
	at org.springframework.beans.factory.support.AbstractAutowireCapableBeanFactory.doCreateBean(AbstractAutowireCapableBeanFactory.java:619)
	at org.springframework.beans.factory.support.AbstractAutowireCapableBeanFactory.createBean(AbstractAutowireCapableBeanFactory.java:542)
	at org.springframework.beans.factory.support.AbstractBeanFactory.lambda$doGetBean$0(AbstractBeanFactory.java:335)
	at org.springframework.beans.factory.support.DefaultSingletonBeanRegistry.getSingleton(DefaultSingletonBeanRegistry.java:234)
	at org.springframework.beans.factory.support.AbstractBeanFactory.doGetBean(AbstractBeanFactory.java:333)
	at org.springframework.beans.factory.support.AbstractBeanFactory.getBean(AbstractBeanFactory.java:208)
	at org.springframework.beans.factory.support.DefaultListableBeanFactory.preInstantiateSingletons(DefaultListableBeanFactory.java:955)
	at org.springframework.context.support.AbstractApplicationContext.finishBeanFactoryInitialization(AbstractApplicationContext.java:921)
	at org.springframework.context.support.AbstractApplicationContext.refresh(AbstractApplicationContext.java:583)
	at org.springframework.boot.web.servlet.context.ServletWebServerApplicationContext.refresh(ServletWebServerApplicationContext.java:147)
	at org.springframework.boot.SpringApplication.refresh(SpringApplication.java:731)
	at org.springframework.boot.SpringApplication.refreshContext(SpringApplication.java:408)
	at org.springframework.boot.SpringApplication.run(SpringApplication.java:307)
	at org.springframework.boot.SpringApplication.run(SpringApplication.java:1303)
	at org.springframework.boot.SpringApplication.run(SpringApplication.java:1292)
	at net.engineeringdigest.journalApp.JournalApplication.main(JournalApplication.java:17)
Caused by: org.springframework.beans.factory.UnsatisfiedDependencyException: Error creating bean with name 'userdetailserviceimpl': Unsatisfied dependency expressed through field 'userRepository'; nested exception is org.springframework.beans.factory.BeanCreationException: Error creating bean with name 'userRepository' defined in net.engineeringdigest.journalApp.repository.UserRepository defined in @EnableMongoRepositories declared on MongoRepositoriesRegistrar.EnableMongoRepositoriesConfiguration: Cannot resolve reference to bean 'mongoTemplate' while setting bean property 'mongoOperations'; nested exception is org.springframework.beans.factory.BeanCreationException: Error creating bean with name 'mongoTemplate' defined in class path resource [org/springframework/boot/autoconfigure/data/mongo/MongoDatabaseFactoryDependentConfiguration.class]: Bean instantiation via factory method failed; nested exception is org.springframework.beans.BeanInstantiationException: Failed to instantiate [org.springframework.data.mongodb.core.MongoTemplate]: Factory method 'mongoTemplate' threw exception; nested exception is org.springframework.dao.DataAccessResourceFailureException: Timed out after 30000 ms while waiting for a server that matches com.mongodb.client.internal.MongoClientDelegate$1@6f9e08d4. Client view of cluster state is {type=REPLICA_SET, servers=[{address=ac-ggf694n-shard-00-00.1q4yqcd.mongodb.net:27017, type=UNKNOWN, state=CONNECTING, exception={com.mongodb.MongoSocketWriteException: Exception sending message}, caused by {javax.net.ssl.SSLException: Received fatal alert: internal_error}}, {address=ac-ggf694n-shard-00-02.1q4yqcd.mongodb.net:27017, type=UNKNOWN, state=CONNECTING, exception={com.mongodb.MongoSocketWriteException: Exception sending message}, caused by {javax.net.ssl.SSLException: Received fatal alert: internal_error}}, {address=ac-ggf694n-shard-00-01.1q4yqcd.mongodb.net:27017, type=UNKNOWN, state=CONNECTING, exception={com.mongodb.MongoSocketWriteException: Exception sending message}, caused by {javax.net.ssl.SSLException: Received fatal alert: internal_error}}]; nested exception is com.mongodb.MongoTimeoutException: Timed out after 30000 ms while waiting for a server that matches com.mongodb.client.internal.MongoClientDelegate$1@6f9e08d4. Client view of cluster state is {type=REPLICA_SET, servers=[{address=ac-ggf694n-shard-00-00.1q4yqcd.mongodb.net:27017, type=UNKNOWN, state=CONNECTING, exception={com.mongodb.MongoSocketWriteException: Exception sending message}, caused by {javax.net.ssl.SSLException: Received fatal alert: internal_error}}, {address=ac-ggf694n-shard-00-02.1q4yqcd.mongodb.net:27017, type=UNKNOWN, state=CONNECTING, exception={com.mongodb.MongoSocketWriteException: Exception sending message}, caused by {javax.net.ssl.SSLException: Received fatal alert: internal_error}}, {address=ac-ggf694n-shard-00-01.1q4yqcd.mongodb.net:27017, type=UNKNOWN, state=CONNECTING, exception={com.mongodb.MongoSocketWriteException: Exception sending message}, caused by {javax.net.ssl.SSLException: Received fatal alert: internal_error}}]
	at org.springframework.beans.factory.annotation.AutowiredAnnotationBeanPostProcessor$AutowiredFieldElement.resolveFieldValue(AutowiredAnnotationBeanPostProcessor.java:713)
	at org.springframework.beans.factory.annotation.AutowiredAnnotationBeanPostProcessor$AutowiredFieldElement.inject(AutowiredAnnotationBeanPostProcessor.java:693)
	at org.springframework.beans.factory.annotation.InjectionMetadata.inject(InjectionMetadata.java:119)
	at org.springframework.beans.factory.annotation.AutowiredAnnotationBeanPostProcessor.postProcessProperties(AutowiredAnnotationBeanPostProcessor.java:408)
	at org.springframework.beans.factory.support.AbstractAutowireCapableBeanFactory.populateBean(AbstractAutowireCapableBeanFactory.java:1431)
	at org.springframework.beans.factory.support.AbstractAutowireCapableBeanFactory.doCreateBean(AbstractAutowireCapableBeanFactory.java:619)
	at org.springframework.beans.factory.support.AbstractAutowireCapableBeanFactory.createBean(AbstractAutowireCapableBeanFactory.java:542)
	at org.springframework.beans.factory.support.AbstractBeanFactory.lambda$doGetBean$0(AbstractBeanFactory.java:335)
	at org.springframework.beans.factory.support.DefaultSingletonBeanRegistry.getSingleton(DefaultSingletonBeanRegistry.java:234)
	at org.springframework.beans.factory.support.AbstractBeanFactory.doGetBean(AbstractBeanFactory.java:333)
	at org.springframework.beans.factory.support.AbstractBeanFactory.getBean(AbstractBeanFactory.java:208)
	at org.springframework.beans.factory.config.DependencyDescriptor.resolveCandidate(DependencyDescriptor.java:276)
	at org.springframework.beans.factory.support.DefaultListableBeanFactory.doResolveDependency(DefaultListableBeanFactory.java:1391)
	at org.springframework.beans.factory.support.DefaultListableBeanFactory.resolveDependency(DefaultListableBeanFactory.java:1311)
	at org.springframework.beans.factory.annotation.AutowiredAnnotationBeanPostProcessor$AutowiredFieldElement.resolveFieldValue(AutowiredAnnotationBeanPostProcessor.java:710)
	... 20 common frames omitted
Caused by: org.springframework.beans.factory.BeanCreationException: Error creating bean with name 'userRepository' defined in net.engineeringdigest.journalApp.repository.UserRepository defined in @EnableMongoRepositories declared on MongoRepositoriesRegistrar.EnableMongoRepositoriesConfiguration: Cannot resolve reference to bean 'mongoTemplate' while setting bean property 'mongoOperations'; nested exception is org.springframework.beans.factory.BeanCreationException: Error creating bean with name 'mongoTemplate' defined in class path resource [org/springframework/boot/autoconfigure/data/mongo/MongoDatabaseFactoryDependentConfiguration.class]: Bean instantiation via factory method failed; nested exception is org.springframework.beans.BeanInstantiationException: Failed to instantiate [org.springframework.data.mongodb.core.MongoTemplate]: Factory method 'mongoTemplate' threw exception; nested exception is org.springframework.dao.DataAccessResourceFailureException: Timed out after 30000 ms while waiting for a server that matches com.mongodb.client.internal.MongoClientDelegate$1@6f9e08d4. Client view of cluster state is {type=REPLICA_SET, servers=[{address=ac-ggf694n-shard-00-00.1q4yqcd.mongodb.net:27017, type=UNKNOWN, state=CONNECTING, exception={com.mongodb.MongoSocketWriteException: Exception sending message}, caused by {javax.net.ssl.SSLException: Received fatal alert: internal_error}}, {address=ac-ggf694n-shard-00-02.1q4yqcd.mongodb.net:27017, type=UNKNOWN, state=CONNECTING, exception={com.mongodb.MongoSocketWriteException: Exception sending message}, caused by {javax.net.ssl.SSLException: Received fatal alert: internal_error}}, {address=ac-ggf694n-shard-00-01.1q4yqcd.mongodb.net:27017, type=UNKNOWN, state=CONNECTING, exception={com.mongodb.MongoSocketWriteException: Exception sending message}, caused by {javax.net.ssl.SSLException: Received fatal alert: internal_error}}]; nested exception is com.mongodb.MongoTimeoutException: Timed out after 30000 ms while waiting for a server that matches com.mongodb.client.internal.MongoClientDelegate$1@6f9e08d4. Client view of cluster state is {type=REPLICA_SET, servers=[{address=ac-ggf694n-shard-00-00.1q4yqcd.mongodb.net:27017, type=UNKNOWN, state=CONNECTING, exception={com.mongodb.MongoSocketWriteException: Exception sending message}, caused by {javax.net.ssl.SSLException: Received fatal alert: internal_error}}, {address=ac-ggf694n-shard-00-02.1q4yqcd.mongodb.net:27017, type=UNKNOWN, state=CONNECTING, exception={com.mongodb.MongoSocketWriteException: Exception sending message}, caused by {javax.net.ssl.SSLException: Received fatal alert: internal_error}}, {address=ac-ggf694n-shard-00-01.1q4yqcd.mongodb.net:27017, type=UNKNOWN, state=CONNECTING, exception={com.mongodb.MongoSocketWriteException: Exception sending message}, caused by {javax.net.ssl.SSLException: Received fatal alert: internal_error}}]
	at org.springframework.beans.factory.support.BeanDefinitionValueResolver.resolveReference(BeanDefinitionValueResolver.java:342)
	at org.springframework.beans.factory.support.BeanDefinitionValueResolver.resolveValueIfNecessary(BeanDefinitionValueResolver.java:113)
	at org.springframework.beans.factory.support.AbstractAutowireCapableBeanFactory.applyPropertyValues(AbstractAutowireCapableBeanFactory.java:1707)
	at org.springframework.beans.factory.support.AbstractAutowireCapableBeanFactory.populateBean(AbstractAutowireCapableBeanFactory.java:1452)
	at org.springframework.beans.factory.support.AbstractAutowireCapableBeanFactory.doCreateBean(AbstractAutowireCapableBeanFactory.java:619)
	at org.springframework.beans.factory.support.AbstractAutowireCapableBeanFactory.createBean(AbstractAutowireCapableBeanFactory.java:542)
	at org.springframework.beans.factory.support.AbstractBeanFactory.lambda$doGetBean$0(AbstractBeanFactory.java:335)
	at org.springframework.beans.factory.support.DefaultSingletonBeanRegistry.getSingleton(DefaultSingletonBeanRegistry.java:234)
	at org.springframework.beans.factory.support.AbstractBeanFactory.doGetBean(AbstractBeanFactory.java:333)
	at org.springframework.beans.factory.support.AbstractBeanFactory.getBean(AbstractBeanFactory.java:208)
	at org.springframework.beans.factory.config.DependencyDescriptor.resolveCandidate(DependencyDescriptor.java:276)
	at org.springframework.beans.factory.support.DefaultListableBeanFactory.doResolveDependency(DefaultListableBeanFactory.java:1391)
	at org.springframework.beans.factory.support.DefaultListableBeanFactory.resolveDependency(DefaultListableBeanFactory.java:1311)
	at org.springframework.beans.factory.annotation.AutowiredAnnotationBeanPostProcessor$AutowiredFieldElement.resolveFieldValue(AutowiredAnnotationBeanPostProcessor.java:710)
	... 34 common frames omitted
Caused by: org.springframework.beans.factory.BeanCreationException: Error creating bean with name 'mongoTemplate' defined in class path resource [org/springframework/boot/autoconfigure/data/mongo/MongoDatabaseFactoryDependentConfiguration.class]: Bean instantiation via factory method failed; nested exception is org.springframework.beans.BeanInstantiationException: Failed to instantiate [org.springframework.data.mongodb.core.MongoTemplate]: Factory method 'mongoTemplate' threw exception; nested exception is org.springframework.dao.DataAccessResourceFailureException: Timed out after 30000 ms while waiting for a server that matches com.mongodb.client.internal.MongoClientDelegate$1@6f9e08d4. Client view of cluster state is {type=REPLICA_SET, servers=[{address=ac-ggf694n-shard-00-00.1q4yqcd.mongodb.net:27017, type=UNKNOWN, state=CONNECTING, exception={com.mongodb.MongoSocketWriteException: Exception sending message}, caused by {javax.net.ssl.SSLException: Received fatal alert: internal_error}}, {address=ac-ggf694n-shard-00-02.1q4yqcd.mongodb.net:27017, type=UNKNOWN, state=CONNECTING, exception={com.mongodb.MongoSocketWriteException: Exception sending message}, caused by {javax.net.ssl.SSLException: Received fatal alert: internal_error}}, {address=ac-ggf694n-shard-00-01.1q4yqcd.mongodb.net:27017, type=UNKNOWN, state=CONNECTING, exception={com.mongodb.MongoSocketWriteException: Exception sending message}, caused by {javax.net.ssl.SSLException: Received fatal alert: internal_error}}]; nested exception is com.mongodb.MongoTimeoutException: Timed out after 30000 ms while waiting for a server that matches com.mongodb.client.internal.MongoClientDelegate$1@6f9e08d4. Client view of cluster state is {type=REPLICA_SET, servers=[{address=ac-ggf694n-shard-00-00.1q4yqcd.mongodb.net:27017, type=UNKNOWN, state=CONNECTING, exception={com.mongodb.MongoSocketWriteException: Exception sending message}, caused by {javax.net.ssl.SSLException: Received fatal alert: internal_error}}, {address=ac-ggf694n-shard-00-02.1q4yqcd.mongodb.net:27017, type=UNKNOWN, state=CONNECTING, exception={com.mongodb.MongoSocketWriteException: Exception sending message}, caused by {javax.net.ssl.SSLException: Received fatal alert: internal_error}}, {address=ac-ggf694n-shard-00-01.1q4yqcd.mongodb.net:27017, type=UNKNOWN, state=CONNECTING, exception={com.mongodb.MongoSocketWriteException: Exception sending message}, caused by {javax.net.ssl.SSLException: Received fatal alert: internal_error}}]
	at org.springframework.beans.factory.support.ConstructorResolver.instantiate(ConstructorResolver.java:653)
	at org.springframework.beans.factory.support.ConstructorResolver.instantiateUsingFactoryMethod(ConstructorResolver.java:633)
	at org.springframework.beans.factory.support.AbstractAutowireCapableBeanFactory.instantiateUsingFactoryMethod(AbstractAutowireCapableBeanFactory.java:1352)
	at org.springframework.beans.factory.support.AbstractAutowireCapableBeanFactory.createBeanInstance(AbstractAutowireCapableBeanFactory.java:1195)
	at org.springframework.beans.factory.support.AbstractAutowireCapableBeanFactory.doCreateBean(AbstractAutowireCapableBeanFactory.java:582)
	at org.springframework.beans.factory.support.AbstractAutowireCapableBeanFactory.createBean(AbstractAutowireCapableBeanFactory.java:542)
	at org.springframework.beans.factory.support.AbstractBeanFactory.lambda$doGetBean$0(AbstractBeanFactory.java:335)
	at org.springframework.beans.factory.support.DefaultSingletonBeanRegistry.getSingleton(DefaultSingletonBeanRegistry.java:234)
	at org.springframework.beans.factory.support.AbstractBeanFactory.doGetBean(AbstractBeanFactory.java:333)
	at org.springframework.beans.factory.support.AbstractBeanFactory.getBean(AbstractBeanFactory.java:208)
	at org.springframework.beans.factory.support.BeanDefinitionValueResolver.resolveReference(BeanDefinitionValueResolver.java:330)
	... 47 common frames omitted
Caused by: org.springframework.beans.BeanInstantiationException: Failed to instantiate [org.springframework.data.mongodb.core.MongoTemplate]: Factory method 'mongoTemplate' threw exception; nested exception is org.springframework.dao.DataAccessResourceFailureException: Timed out after 30000 ms while waiting for a server that matches com.mongodb.client.internal.MongoClientDelegate$1@6f9e08d4. Client view of cluster state is {type=REPLICA_SET, servers=[{address=ac-ggf694n-shard-00-00.1q4yqcd.mongodb.net:27017, type=UNKNOWN, state=CONNECTING, exception={com.mongodb.MongoSocketWriteException: Exception sending message}, caused by {javax.net.ssl.SSLException: Received fatal alert: internal_error}}, {address=ac-ggf694n-shard-00-02.1q4yqcd.mongodb.net:27017, type=UNKNOWN, state=CONNECTING, exception={com.mongodb.MongoSocketWriteException: Exception sending message}, caused by {javax.net.ssl.SSLException: Received fatal alert: internal_error}}, {address=ac-ggf694n-shard-00-01.1q4yqcd.mongodb.net:27017, type=UNKNOWN, state=CONNECTING, exception={com.mongodb.MongoSocketWriteException: Exception sending message}, caused by {javax.net.ssl.SSLException: Received fatal alert: internal_error}}]; nested exception is com.mongodb.MongoTimeoutException: Timed out after 30000 ms while waiting for a server that matches com.mongodb.client.internal.MongoClientDelegate$1@6f9e08d4. Client view of cluster state is {type=REPLICA_SET, servers=[{address=ac-ggf694n-shard-00-00.1q4yqcd.mongodb.net:27017, type=UNKNOWN, state=CONNECTING, exception={com.mongodb.MongoSocketWriteException: Exception sending message}, caused by {javax.net.ssl.SSLException: Received fatal alert: internal_error}}, {address=ac-ggf694n-shard-00-02.1q4yqcd.mongodb.net:27017, type=UNKNOWN, state=CONNECTING, exception={com.mongodb.MongoSocketWriteException: Exception sending message}, caused by {javax.net.ssl.SSLException: Received fatal alert: internal_error}}, {address=ac-ggf694n-shard-00-01.1q4yqcd.mongodb.net:27017, type=UNKNOWN, state=CONNECTING, exception={com.mongodb.MongoSocketWriteException: Exception sending message}, caused by {javax.net.ssl.SSLException: Received fatal alert: internal_error}}]
	at org.springframework.beans.factory.support.SimpleInstantiationStrategy.instantiate(SimpleInstantiationStrategy.java:185)
	at org.springframework.beans.factory.support.ConstructorResolver.instantiate(ConstructorResolver.java:648)
	... 57 common frames omitted
Caused by: org.springframework.dao.DataAccessResourceFailureException: Timed out after 30000 ms while waiting for a server that matches com.mongodb.client.internal.MongoClientDelegate$1@6f9e08d4. Client view of cluster state is {type=REPLICA_SET, servers=[{address=ac-ggf694n-shard-00-00.1q4yqcd.mongodb.net:27017, type=UNKNOWN, state=CONNECTING, exception={com.mongodb.MongoSocketWriteException: Exception sending message}, caused by {javax.net.ssl.SSLException: Received fatal alert: internal_error}}, {address=ac-ggf694n-shard-00-02.1q4yqcd.mongodb.net:27017, type=UNKNOWN, state=CONNECTING, exception={com.mongodb.MongoSocketWriteException: Exception sending message}, caused by {javax.net.ssl.SSLException: Received fatal alert: internal_error}}, {address=ac-ggf694n-shard-00-01.1q4yqcd.mongodb.net:27017, type=UNKNOWN, state=CONNECTING, exception={com.mongodb.MongoSocketWriteException: Exception sending message}, caused by {javax.net.ssl.SSLException: Received fatal alert: internal_error}}]; nested exception is com.mongodb.MongoTimeoutException: Timed out after 30000 ms while waiting for a server that matches com.mongodb.client.internal.MongoClientDelegate$1@6f9e08d4. Client view of cluster state is {type=REPLICA_SET, servers=[{address=ac-ggf694n-shard-00-00.1q4yqcd.mongodb.net:27017, type=UNKNOWN, state=CONNECTING, exception={com.mongodb.MongoSocketWriteException: Exception sending message}, caused by {javax.net.ssl.SSLException: Received fatal alert: internal_error}}, {address=ac-ggf694n-shard-00-02.1q4yqcd.mongodb.net:27017, type=UNKNOWN, state=CONNECTING, exception={com.mongodb.MongoSocketWriteException: Exception sending message}, caused by {javax.net.ssl.SSLException: Received fatal alert: internal_error}}, {address=ac-ggf694n-shard-00-01.1q4yqcd.mongodb.net:27017, type=UNKNOWN, state=CONNECTING, exception={com.mongodb.MongoSocketWriteException: Exception sending message}, caused by {javax.net.ssl.SSLException: Received fatal alert: internal_error}}]
	at org.springframework.data.mongodb.core.MongoExceptionTranslator.translateExceptionIfPossible(MongoExceptionTranslator.java:95)
	at org.springframework.data.mongodb.core.MongoTemplate.potentiallyConvertRuntimeException(MongoTemplate.java:3029)
	at org.springframework.data.mongodb.core.MongoTemplate.execute(MongoTemplate.java:581)
	at org.springframework.data.mongodb.core.DefaultIndexOperations.execute(DefaultIndexOperations.java:215)
	at org.springframework.data.mongodb.core.DefaultIndexOperations.ensureIndex(DefaultIndexOperations.java:121)
	at org.springframework.data.mongodb.core.index.MongoPersistentEntityIndexCreator.createIndex(MongoPersistentEntityIndexCreator.java:157)
	at org.springframework.data.mongodb.core.index.MongoPersistentEntityIndexCreator.checkForAndCreateIndexes(MongoPersistentEntityIndexCreator.java:147)
	at org.springframework.data.mongodb.core.index.MongoPersistentEntityIndexCreator.checkForIndexes(MongoPersistentEntityIndexCreator.java:131)
	at org.springframework.data.mongodb.core.index.MongoPersistentEntityIndexCreator.<init>(MongoPersistentEntityIndexCreator.java:96)
	at org.springframework.data.mongodb.core.index.MongoPersistentEntityIndexCreator.<init>(MongoPersistentEntityIndexCreator.java:73)
	at org.springframework.data.mongodb.core.MongoTemplate.<init>(MongoTemplate.java:224)
	at org.springframework.boot.autoconfigure.data.mongo.MongoDatabaseFactoryDependentConfiguration.mongoTemplate(MongoDatabaseFactoryDependentConfiguration.java:63)
	at java.base/jdk.internal.reflect.NativeMethodAccessorImpl.invoke0(Native Method)
	at java.base/jdk.internal.reflect.NativeMethodAccessorImpl.invoke(NativeMethodAccessorImpl.java:62)
	at java.base/jdk.internal.reflect.DelegatingMethodAccessorImpl.invoke(DelegatingMethodAccessorImpl.java:43)
	at java.base/java.lang.reflect.Method.invoke(Method.java:566)
	at org.springframework.beans.factory.support.SimpleInstantiationStrategy.instantiate(SimpleInstantiationStrategy.java:154)
	... 58 common frames omitted
Caused by: com.mongodb.MongoTimeoutException: Timed out after 30000 ms while waiting for a server that matches com.mongodb.client.internal.MongoClientDelegate$1@6f9e08d4. Client view of cluster state is {type=REPLICA_SET, servers=[{address=ac-ggf694n-shard-00-00.1q4yqcd.mongodb.net:27017, type=UNKNOWN, state=CONNECTING, exception={com.mongodb.MongoSocketWriteException: Exception sending message}, caused by {javax.net.ssl.SSLException: Received fatal alert: internal_error}}, {address=ac-ggf694n-shard-00-02.1q4yqcd.mongodb.net:27017, type=UNKNOWN, state=CONNECTING, exception={com.mongodb.MongoSocketWriteException: Exception sending message}, caused by {javax.net.ssl.SSLException: Received fatal alert: internal_error}}, {address=ac-ggf694n-shard-00-01.1q4yqcd.mongodb.net:27017, type=UNKNOWN, state=CONNECTING, exception={com.mongodb.MongoSocketWriteException: Exception sending message}, caused by {javax.net.ssl.SSLException: Received fatal alert: internal_error}}]
	at com.mongodb.internal.connection.BaseCluster.createTimeoutException(BaseCluster.java:424)
	at com.mongodb.internal.connection.BaseCluster.selectServer(BaseCluster.java:121)
	at com.mongodb.internal.connection.AbstractMultiServerCluster.selectServer(AbstractMultiServerCluster.java:50)
	at com.mongodb.client.internal.MongoClientDelegate.getConnectedClusterDescription(MongoClientDelegate.java:146)
	at com.mongodb.client.internal.MongoClientDelegate.createClientSession(MongoClientDelegate.java:101)
	at com.mongodb.client.internal.MongoClientDelegate$DelegateOperationExecutor.getClientSession(MongoClientDelegate.java:291)
	at com.mongodb.client.internal.MongoClientDelegate$DelegateOperationExecutor.execute(MongoClientDelegate.java:207)
	at com.mongodb.client.internal.MongoCollectionImpl.executeCreateIndexes(MongoCollectionImpl.java:848)
	at com.mongodb.client.internal.MongoCollectionImpl.createIndexes(MongoCollectionImpl.java:831)
	at com.mongodb.client.internal.MongoCollectionImpl.createIndexes(MongoCollectionImpl.java:826)
	at com.mongodb.client.internal.MongoCollectionImpl.createIndex(MongoCollectionImpl.java:811)
	at org.springframework.data.mongodb.core.DefaultIndexOperations.lambda$ensureIndex$0(DefaultIndexOperations.java:131)
	at org.springframework.data.mongodb.core.MongoTemplate.execute(MongoTemplate.java:579)
	... 72 common frames omitted
26-05-15 16:22:52.255 [main] INFO  n.e.journalApp.JournalApplication - Starting JournalApplication using Java 11.0.31 on LAPTOP-4IL5G33D with PID 41792 (C:\Users\SIDDHU\OneDrive\Desktop\journalapp\journalApp\target\classes started by SIDDHU in C:\Users\SIDDHU\OneDrive\Desktop\journalapp\journalApp)
26-05-15 16:22:52.261 [main] INFO  n.e.journalApp.JournalApplication - The following 1 profile is active: "dev"
26-05-15 16:22:53.156 [main] INFO  o.s.d.r.c.RepositoryConfigurationDelegate - Bootstrapping Spring Data MongoDB repositories in DEFAULT mode.
26-05-15 16:22:53.303 [main] INFO  o.s.d.r.c.RepositoryConfigurationDelegate - Finished Spring Data repository scanning in 140 ms. Found 2 MongoDB repository interfaces.
26-05-15 16:22:55.144 [main] INFO  o.s.b.w.e.tomcat.TomcatWebServer - Tomcat initialized with port(s): 8082 (http)
26-05-15 16:22:55.153 [main] INFO  o.a.coyote.http11.Http11NioProtocol - Initializing ProtocolHandler ["http-nio-8082"]
26-05-15 16:22:55.157 [main] INFO  o.a.catalina.core.StandardService - Starting service [Tomcat]
26-05-15 16:22:55.157 [main] INFO  o.a.catalina.core.StandardEngine - Starting Servlet engine: [Apache Tomcat/9.0.80]
26-05-15 16:22:55.309 [main] INFO  o.a.c.c.C.[.[.[/journalapp] - Initializing Spring embedded WebApplicationContext
26-05-15 16:22:55.309 [main] INFO  o.s.b.w.s.c.ServletWebServerApplicationContext - Root WebApplicationContext: initialization completed in 2978 ms
26-05-15 16:22:55.642 [cluster-ClusterId{value='6a06fb07e916213ec2b95f51', description='null'}-srv-cluster0.1q4yqcd.mongodb.net] INFO  org.mongodb.driver.cluster - Adding discovered server ac-ggf694n-shard-00-01.1q4yqcd.mongodb.net:27017 to client view of cluster
26-05-15 16:22:55.651 [main] INFO  org.mongodb.driver.client - MongoClient with metadata {"driver": {"name": "mongo-java-driver|sync|spring-boot", "version": "4.6.1"}, "os": {"type": "Windows", "name": "Windows 11", "architecture": "amd64", "version": "10.0"}, "platform": "Java/Microsoft/11.0.31+11-LTS", "application": {"name": "Cluster0"}} created with settings MongoClientSettings{readPreference=primary, writeConcern=WriteConcern{w=null, wTimeout=null ms, journal=null}, retryWrites=true, retryReads=true, readConcern=ReadConcern{level=null}, credential=MongoCredential{mechanism=null, userName='banusiddharth35_db_user', source='admin', password=<hidden>, mechanismProperties=<hidden>}, streamFactoryFactory=null, commandListeners=[], codecRegistry=ProvidersCodecRegistry{codecProviders=[ValueCodecProvider{}, BsonValueCodecProvider{}, DBRefCodecProvider{}, DBObjectCodecProvider{}, DocumentCodecProvider{}, IterableCodecProvider{}, MapCodecProvider{}, GeoJsonCodecProvider{}, GridFSFileCodecProvider{}, Jsr310CodecProvider{}, JsonObjectCodecProvider{}, BsonCodecProvider{}, EnumCodecProvider{}, com.mongodb.Jep395RecordCodecProvider@784223e9]}, clusterSettings={hosts=[127.0.0.1:27017], srvHost=cluster0.1q4yqcd.mongodb.net, srvServiceName=mongodb, mode=MULTIPLE, requiredClusterType=REPLICA_SET, requiredReplicaSetName='atlas-mizxxc-shard-0', serverSelector='null', clusterListeners='[]', serverSelectionTimeout='30000 ms', localThreshold='30000 ms'}, socketSettings=SocketSettings{connectTimeoutMS=10000, readTimeoutMS=0, receiveBufferSize=0, sendBufferSize=0}, heartbeatSocketSettings=SocketSettings{connectTimeoutMS=10000, readTimeoutMS=10000, receiveBufferSize=0, sendBufferSize=0}, connectionPoolSettings=ConnectionPoolSettings{maxSize=100, minSize=0, maxWaitTimeMS=120000, maxConnectionLifeTimeMS=0, maxConnectionIdleTimeMS=0, maintenanceInitialDelayMS=0, maintenanceFrequencyMS=60000, connectionPoolListeners=[], maxConnecting=2}, serverSettings=ServerSettings{heartbeatFrequencyMS=10000, minHeartbeatFrequencyMS=500, serverListeners='[]', serverMonitorListeners='[]'}, sslSettings=SslSettings{enabled=true, invalidHostNameAllowed=false, context=null}, applicationName='Cluster0', compressorList=[], uuidRepresentation=JAVA_LEGACY, serverApi=null, autoEncryptionSettings=null, contextProvider=null}
26-05-15 16:22:55.722 [cluster-ClusterId{value='6a06fb07e916213ec2b95f51', description='null'}-srv-cluster0.1q4yqcd.mongodb.net] INFO  org.mongodb.driver.cluster - Adding discovered server ac-ggf694n-shard-00-00.1q4yqcd.mongodb.net:27017 to client view of cluster
26-05-15 16:22:55.725 [cluster-ClusterId{value='6a06fb07e916213ec2b95f51', description='null'}-srv-cluster0.1q4yqcd.mongodb.net] INFO  org.mongodb.driver.cluster - Adding discovered server ac-ggf694n-shard-00-02.1q4yqcd.mongodb.net:27017 to client view of cluster
26-05-15 16:22:56.059 [main] INFO  org.mongodb.driver.cluster - No server chosen by com.mongodb.client.internal.MongoClientDelegate$1@3663d0ba from cluster description ClusterDescription{type=REPLICA_SET, connectionMode=MULTIPLE, serverDescriptions=[ServerDescription{address=ac-ggf694n-shard-00-00.1q4yqcd.mongodb.net:27017, type=UNKNOWN, state=CONNECTING}, ServerDescription{address=ac-ggf694n-shard-00-02.1q4yqcd.mongodb.net:27017, type=UNKNOWN, state=CONNECTING}, ServerDescription{address=ac-ggf694n-shard-00-01.1q4yqcd.mongodb.net:27017, type=UNKNOWN, state=CONNECTING}]}. Waiting for 30000 ms before timing out
26-05-15 16:22:56.068 [cluster-ClusterId{value='6a06fb07e916213ec2b95f51', description='null'}-ac-ggf694n-shard-00-02.1q4yqcd.mongodb.net:27017] INFO  org.mongodb.driver.cluster - Exception in monitor thread while connecting to server ac-ggf694n-shard-00-02.1q4yqcd.mongodb.net:27017
com.mongodb.MongoSocketWriteException: Exception sending message
	at com.mongodb.internal.connection.InternalStreamConnection.translateWriteException(InternalStreamConnection.java:684)
	at com.mongodb.internal.connection.InternalStreamConnection.sendMessage(InternalStreamConnection.java:555)
	at com.mongodb.internal.connection.InternalStreamConnection.sendCommandMessage(InternalStreamConnection.java:381)
	at com.mongodb.internal.connection.InternalStreamConnection.sendAndReceive(InternalStreamConnection.java:329)
	at com.mongodb.internal.connection.CommandHelper.sendAndReceive(CommandHelper.java:101)
	at com.mongodb.internal.connection.CommandHelper.executeCommand(CommandHelper.java:45)
	at com.mongodb.internal.connection.InternalStreamConnectionInitializer.initializeConnectionDescription(InternalStreamConnectionInitializer.java:131)
	at com.mongodb.internal.connection.InternalStreamConnectionInitializer.startHandshake(InternalStreamConnectionInitializer.java:73)
	at com.mongodb.internal.connection.InternalStreamConnection.open(InternalStreamConnection.java:182)
	at com.mongodb.internal.connection.DefaultServerMonitor$ServerMonitorRunnable.lookupServerDescription(DefaultServerMonitor.java:193)
	at com.mongodb.internal.connection.DefaultServerMonitor$ServerMonitorRunnable.run(DefaultServerMonitor.java:157)
	at java.base/java.lang.Thread.run(Thread.java:829)
Caused by: javax.net.ssl.SSLException: Received fatal alert: internal_error
	at java.base/sun.security.ssl.Alert.createSSLException(Alert.java:133)
	at java.base/sun.security.ssl.Alert.createSSLException(Alert.java:117)
	at java.base/sun.security.ssl.TransportContext.fatal(TransportContext.java:353)
	at java.base/sun.security.ssl.Alert$AlertConsumer.consume(Alert.java:293)
	at java.base/sun.security.ssl.TransportContext.dispatch(TransportContext.java:192)
	at java.base/sun.security.ssl.SSLTransport.decode(SSLTransport.java:172)
	at java.base/sun.security.ssl.SSLSocketImpl.decode(SSLSocketImpl.java:1511)
	at java.base/sun.security.ssl.SSLSocketImpl.readHandshakeRecord(SSLSocketImpl.java:1421)
	at java.base/sun.security.ssl.SSLSocketImpl.startHandshake(SSLSocketImpl.java:456)
	at java.base/sun.security.ssl.SSLSocketImpl.ensureNegotiated(SSLSocketImpl.java:926)
	at java.base/sun.security.ssl.SSLSocketImpl$AppOutputStream.write(SSLSocketImpl.java:1296)
	at com.mongodb.internal.connection.SocketStream.write(SocketStream.java:99)
	at com.mongodb.internal.connection.InternalStreamConnection.sendMessage(InternalStreamConnection.java:552)
	... 10 common frames omitted
26-05-15 16:22:56.068 [cluster-ClusterId{value='6a06fb07e916213ec2b95f51', description='null'}-ac-ggf694n-shard-00-01.1q4yqcd.mongodb.net:27017] INFO  org.mongodb.driver.cluster - Exception in monitor thread while connecting to server ac-ggf694n-shard-00-01.1q4yqcd.mongodb.net:27017
com.mongodb.MongoSocketWriteException: Exception sending message
	at com.mongodb.internal.connection.InternalStreamConnection.translateWriteException(InternalStreamConnection.java:684)
	at com.mongodb.internal.connection.InternalStreamConnection.sendMessage(InternalStreamConnection.java:555)
	at com.mongodb.internal.connection.InternalStreamConnection.sendCommandMessage(InternalStreamConnection.java:381)
	at com.mongodb.internal.connection.InternalStreamConnection.sendAndReceive(InternalStreamConnection.java:329)
	at com.mongodb.internal.connection.CommandHelper.sendAndReceive(CommandHelper.java:101)
	at com.mongodb.internal.connection.CommandHelper.executeCommand(CommandHelper.java:45)
	at com.mongodb.internal.connection.InternalStreamConnectionInitializer.initializeConnectionDescription(InternalStreamConnectionInitializer.java:131)
	at com.mongodb.internal.connection.InternalStreamConnectionInitializer.startHandshake(InternalStreamConnectionInitializer.java:73)
	at com.mongodb.internal.connection.InternalStreamConnection.open(InternalStreamConnection.java:182)
	at com.mongodb.internal.connection.DefaultServerMonitor$ServerMonitorRunnable.lookupServerDescription(DefaultServerMonitor.java:193)
	at com.mongodb.internal.connection.DefaultServerMonitor$ServerMonitorRunnable.run(DefaultServerMonitor.java:157)
	at java.base/java.lang.Thread.run(Thread.java:829)
Caused by: javax.net.ssl.SSLException: Received fatal alert: internal_error
	at java.base/sun.security.ssl.Alert.createSSLException(Alert.java:133)
	at java.base/sun.security.ssl.Alert.createSSLException(Alert.java:117)
	at java.base/sun.security.ssl.TransportContext.fatal(TransportContext.java:353)
	at java.base/sun.security.ssl.Alert$AlertConsumer.consume(Alert.java:293)
	at java.base/sun.security.ssl.TransportContext.dispatch(TransportContext.java:192)
	at java.base/sun.security.ssl.SSLTransport.decode(SSLTransport.java:172)
	at java.base/sun.security.ssl.SSLSocketImpl.decode(SSLSocketImpl.java:1511)
	at java.base/sun.security.ssl.SSLSocketImpl.readHandshakeRecord(SSLSocketImpl.java:1421)
	at java.base/sun.security.ssl.SSLSocketImpl.startHandshake(SSLSocketImpl.java:456)
	at java.base/sun.security.ssl.SSLSocketImpl.ensureNegotiated(SSLSocketImpl.java:926)
	at java.base/sun.security.ssl.SSLSocketImpl$AppOutputStream.write(SSLSocketImpl.java:1296)
	at com.mongodb.internal.connection.SocketStream.write(SocketStream.java:99)
	at com.mongodb.internal.connection.InternalStreamConnection.sendMessage(InternalStreamConnection.java:552)
	... 10 common frames omitted
26-05-15 16:22:56.068 [cluster-ClusterId{value='6a06fb07e916213ec2b95f51', description='null'}-ac-ggf694n-shard-00-00.1q4yqcd.mongodb.net:27017] INFO  org.mongodb.driver.cluster - Exception in monitor thread while connecting to server ac-ggf694n-shard-00-00.1q4yqcd.mongodb.net:27017
com.mongodb.MongoSocketWriteException: Exception sending message
	at com.mongodb.internal.connection.InternalStreamConnection.translateWriteException(InternalStreamConnection.java:684)
	at com.mongodb.internal.connection.InternalStreamConnection.sendMessage(InternalStreamConnection.java:555)
	at com.mongodb.internal.connection.InternalStreamConnection.sendCommandMessage(InternalStreamConnection.java:381)
	at com.mongodb.internal.connection.InternalStreamConnection.sendAndReceive(InternalStreamConnection.java:329)
	at com.mongodb.internal.connection.CommandHelper.sendAndReceive(CommandHelper.java:101)
	at com.mongodb.internal.connection.CommandHelper.executeCommand(CommandHelper.java:45)
	at com.mongodb.internal.connection.InternalStreamConnectionInitializer.initializeConnectionDescription(InternalStreamConnectionInitializer.java:131)
	at com.mongodb.internal.connection.InternalStreamConnectionInitializer.startHandshake(InternalStreamConnectionInitializer.java:73)
	at com.mongodb.internal.connection.InternalStreamConnection.open(InternalStreamConnection.java:182)
	at com.mongodb.internal.connection.DefaultServerMonitor$ServerMonitorRunnable.lookupServerDescription(DefaultServerMonitor.java:193)
	at com.mongodb.internal.connection.DefaultServerMonitor$ServerMonitorRunnable.run(DefaultServerMonitor.java:157)
	at java.base/java.lang.Thread.run(Thread.java:829)
Caused by: javax.net.ssl.SSLException: Received fatal alert: internal_error
	at java.base/sun.security.ssl.Alert.createSSLException(Alert.java:133)
	at java.base/sun.security.ssl.Alert.createSSLException(Alert.java:117)
	at java.base/sun.security.ssl.TransportContext.fatal(TransportContext.java:353)
	at java.base/sun.security.ssl.Alert$AlertConsumer.consume(Alert.java:293)
	at java.base/sun.security.ssl.TransportContext.dispatch(TransportContext.java:192)
	at java.base/sun.security.ssl.SSLTransport.decode(SSLTransport.java:172)
	at java.base/sun.security.ssl.SSLSocketImpl.decode(SSLSocketImpl.java:1511)
	at java.base/sun.security.ssl.SSLSocketImpl.readHandshakeRecord(SSLSocketImpl.java:1421)
	at java.base/sun.security.ssl.SSLSocketImpl.startHandshake(SSLSocketImpl.java:456)
	at java.base/sun.security.ssl.SSLSocketImpl.ensureNegotiated(SSLSocketImpl.java:926)
	at java.base/sun.security.ssl.SSLSocketImpl$AppOutputStream.write(SSLSocketImpl.java:1296)
	at com.mongodb.internal.connection.SocketStream.write(SocketStream.java:99)
	at com.mongodb.internal.connection.InternalStreamConnection.sendMessage(InternalStreamConnection.java:552)
	... 10 common frames omitted
26-05-15 16:23:26.068 [main] WARN  o.s.b.w.s.c.AnnotationConfigServletWebServerApplicationContext - Exception encountered during context initialization - cancelling refresh attempt: org.springframework.beans.factory.UnsatisfiedDependencyException: Error creating bean with name 'springSecurity': Unsatisfied dependency expressed through field 'userservice'; nested exception is org.springframework.beans.factory.UnsatisfiedDependencyException: Error creating bean with name 'userdetailserviceimpl': Unsatisfied dependency expressed through field 'userRepository'; nested exception is org.springframework.beans.factory.BeanCreationException: Error creating bean with name 'userRepository' defined in net.engineeringdigest.journalApp.repository.UserRepository defined in @EnableMongoRepositories declared on MongoRepositoriesRegistrar.EnableMongoRepositoriesConfiguration: Cannot resolve reference to bean 'mongoTemplate' while setting bean property 'mongoOperations'; nested exception is org.springframework.beans.factory.BeanCreationException: Error creating bean with name 'mongoTemplate' defined in class path resource [org/springframework/boot/autoconfigure/data/mongo/MongoDatabaseFactoryDependentConfiguration.class]: Bean instantiation via factory method failed; nested exception is org.springframework.beans.BeanInstantiationException: Failed to instantiate [org.springframework.data.mongodb.core.MongoTemplate]: Factory method 'mongoTemplate' threw exception; nested exception is org.springframework.dao.DataAccessResourceFailureException: Timed out after 30000 ms while waiting for a server that matches com.mongodb.client.internal.MongoClientDelegate$1@3663d0ba. Client view of cluster state is {type=REPLICA_SET, servers=[{address=ac-ggf694n-shard-00-00.1q4yqcd.mongodb.net:27017, type=UNKNOWN, state=CONNECTING, exception={com.mongodb.MongoSocketWriteException: Exception sending message}, caused by {javax.net.ssl.SSLException: Received fatal alert: internal_error}}, {address=ac-ggf694n-shard-00-02.1q4yqcd.mongodb.net:27017, type=UNKNOWN, state=CONNECTING, exception={com.mongodb.MongoSocketWriteException: Exception sending message}, caused by {javax.net.ssl.SSLException: Received fatal alert: internal_error}}, {address=ac-ggf694n-shard-00-01.1q4yqcd.mongodb.net:27017, type=UNKNOWN, state=CONNECTING, exception={com.mongodb.MongoSocketWriteException: Exception sending message}, caused by {javax.net.ssl.SSLException: Received fatal alert: internal_error}}]; nested exception is com.mongodb.MongoTimeoutException: Timed out after 30000 ms while waiting for a server that matches com.mongodb.client.internal.MongoClientDelegate$1@3663d0ba. Client view of cluster state is {type=REPLICA_SET, servers=[{address=ac-ggf694n-shard-00-00.1q4yqcd.mongodb.net:27017, type=UNKNOWN, state=CONNECTING, exception={com.mongodb.MongoSocketWriteException: Exception sending message}, caused by {javax.net.ssl.SSLException: Received fatal alert: internal_error}}, {address=ac-ggf694n-shard-00-02.1q4yqcd.mongodb.net:27017, type=UNKNOWN, state=CONNECTING, exception={com.mongodb.MongoSocketWriteException: Exception sending message}, caused by {javax.net.ssl.SSLException: Received fatal alert: internal_error}}, {address=ac-ggf694n-shard-00-01.1q4yqcd.mongodb.net:27017, type=UNKNOWN, state=CONNECTING, exception={com.mongodb.MongoSocketWriteException: Exception sending message}, caused by {javax.net.ssl.SSLException: Received fatal alert: internal_error}}]
26-05-15 16:23:26.076 [main] INFO  o.a.catalina.core.StandardService - Stopping service [Tomcat]
26-05-15 16:23:26.093 [main] INFO  o.s.b.a.l.ConditionEvaluationReportLoggingListener - 

Error starting ApplicationContext. To display the conditions report re-run your application with 'debug' enabled.
26-05-15 16:23:26.123 [main] ERROR o.s.boot.SpringApplication - Application run failed
org.springframework.beans.factory.UnsatisfiedDependencyException: Error creating bean with name 'springSecurity': Unsatisfied dependency expressed through field 'userservice'; nested exception is org.springframework.beans.factory.UnsatisfiedDependencyException: Error creating bean with name 'userdetailserviceimpl': Unsatisfied dependency expressed through field 'userRepository'; nested exception is org.springframework.beans.factory.BeanCreationException: Error creating bean with name 'userRepository' defined in net.engineeringdigest.journalApp.repository.UserRepository defined in @EnableMongoRepositories declared on MongoRepositoriesRegistrar.EnableMongoRepositoriesConfiguration: Cannot resolve reference to bean 'mongoTemplate' while setting bean property 'mongoOperations'; nested exception is org.springframework.beans.factory.BeanCreationException: Error creating bean with name 'mongoTemplate' defined in class path resource [org/springframework/boot/autoconfigure/data/mongo/MongoDatabaseFactoryDependentConfiguration.class]: Bean instantiation via factory method failed; nested exception is org.springframework.beans.BeanInstantiationException: Failed to instantiate [org.springframework.data.mongodb.core.MongoTemplate]: Factory method 'mongoTemplate' threw exception; nested exception is org.springframework.dao.DataAccessResourceFailureException: Timed out after 30000 ms while waiting for a server that matches com.mongodb.client.internal.MongoClientDelegate$1@3663d0ba. Client view of cluster state is {type=REPLICA_SET, servers=[{address=ac-ggf694n-shard-00-00.1q4yqcd.mongodb.net:27017, type=UNKNOWN, state=CONNECTING, exception={com.mongodb.MongoSocketWriteException: Exception sending message}, caused by {javax.net.ssl.SSLException: Received fatal alert: internal_error}}, {address=ac-ggf694n-shard-00-02.1q4yqcd.mongodb.net:27017, type=UNKNOWN, state=CONNECTING, exception={com.mongodb.MongoSocketWriteException: Exception sending message}, caused by {javax.net.ssl.SSLException: Received fatal alert: internal_error}}, {address=ac-ggf694n-shard-00-01.1q4yqcd.mongodb.net:27017, type=UNKNOWN, state=CONNECTING, exception={com.mongodb.MongoSocketWriteException: Exception sending message}, caused by {javax.net.ssl.SSLException: Received fatal alert: internal_error}}]; nested exception is com.mongodb.MongoTimeoutException: Timed out after 30000 ms while waiting for a server that matches com.mongodb.client.internal.MongoClientDelegate$1@3663d0ba. Client view of cluster state is {type=REPLICA_SET, servers=[{address=ac-ggf694n-shard-00-00.1q4yqcd.mongodb.net:27017, type=UNKNOWN, state=CONNECTING, exception={com.mongodb.MongoSocketWriteException: Exception sending message}, caused by {javax.net.ssl.SSLException: Received fatal alert: internal_error}}, {address=ac-ggf694n-shard-00-02.1q4yqcd.mongodb.net:27017, type=UNKNOWN, state=CONNECTING, exception={com.mongodb.MongoSocketWriteException: Exception sending message}, caused by {javax.net.ssl.SSLException: Received fatal alert: internal_error}}, {address=ac-ggf694n-shard-00-01.1q4yqcd.mongodb.net:27017, type=UNKNOWN, state=CONNECTING, exception={com.mongodb.MongoSocketWriteException: Exception sending message}, caused by {javax.net.ssl.SSLException: Received fatal alert: internal_error}}]
	at org.springframework.beans.factory.annotation.AutowiredAnnotationBeanPostProcessor$AutowiredFieldElement.resolveFieldValue(AutowiredAnnotationBeanPostProcessor.java:713)
	at org.springframework.beans.factory.annotation.AutowiredAnnotationBeanPostProcessor$AutowiredFieldElement.inject(AutowiredAnnotationBeanPostProcessor.java:693)
	at org.springframework.beans.factory.annotation.InjectionMetadata.inject(InjectionMetadata.java:119)
	at org.springframework.beans.factory.annotation.AutowiredAnnotationBeanPostProcessor.postProcessProperties(AutowiredAnnotationBeanPostProcessor.java:408)
	at org.springframework.beans.factory.support.AbstractAutowireCapableBeanFactory.populateBean(AbstractAutowireCapableBeanFactory.java:1431)
	at org.springframework.beans.factory.support.AbstractAutowireCapableBeanFactory.doCreateBean(AbstractAutowireCapableBeanFactory.java:619)
	at org.springframework.beans.factory.support.AbstractAutowireCapableBeanFactory.createBean(AbstractAutowireCapableBeanFactory.java:542)
	at org.springframework.beans.factory.support.AbstractBeanFactory.lambda$doGetBean$0(AbstractBeanFactory.java:335)
	at org.springframework.beans.factory.support.DefaultSingletonBeanRegistry.getSingleton(DefaultSingletonBeanRegistry.java:234)
	at org.springframework.beans.factory.support.AbstractBeanFactory.doGetBean(AbstractBeanFactory.java:333)
	at org.springframework.beans.factory.support.AbstractBeanFactory.getBean(AbstractBeanFactory.java:208)
	at org.springframework.beans.factory.support.DefaultListableBeanFactory.preInstantiateSingletons(DefaultListableBeanFactory.java:955)
	at org.springframework.context.support.AbstractApplicationContext.finishBeanFactoryInitialization(AbstractApplicationContext.java:921)
	at org.springframework.context.support.AbstractApplicationContext.refresh(AbstractApplicationContext.java:583)
	at org.springframework.boot.web.servlet.context.ServletWebServerApplicationContext.refresh(ServletWebServerApplicationContext.java:147)
	at org.springframework.boot.SpringApplication.refresh(SpringApplication.java:731)
	at org.springframework.boot.SpringApplication.refreshContext(SpringApplication.java:408)
	at org.springframework.boot.SpringApplication.run(SpringApplication.java:307)
	at org.springframework.boot.SpringApplication.run(SpringApplication.java:1303)
	at org.springframework.boot.SpringApplication.run(SpringApplication.java:1292)
	at net.engineeringdigest.journalApp.JournalApplication.main(JournalApplication.java:17)
Caused by: org.springframework.beans.factory.UnsatisfiedDependencyException: Error creating bean with name 'userdetailserviceimpl': Unsatisfied dependency expressed through field 'userRepository'; nested exception is org.springframework.beans.factory.BeanCreationException: Error creating bean with name 'userRepository' defined in net.engineeringdigest.journalApp.repository.UserRepository defined in @EnableMongoRepositories declared on MongoRepositoriesRegistrar.EnableMongoRepositoriesConfiguration: Cannot resolve reference to bean 'mongoTemplate' while setting bean property 'mongoOperations'; nested exception is org.springframework.beans.factory.BeanCreationException: Error creating bean with name 'mongoTemplate' defined in class path resource [org/springframework/boot/autoconfigure/data/mongo/MongoDatabaseFactoryDependentConfiguration.class]: Bean instantiation via factory method failed; nested exception is org.springframework.beans.BeanInstantiationException: Failed to instantiate [org.springframework.data.mongodb.core.MongoTemplate]: Factory method 'mongoTemplate' threw exception; nested exception is org.springframework.dao.DataAccessResourceFailureException: Timed out after 30000 ms while waiting for a server that matches com.mongodb.client.internal.MongoClientDelegate$1@3663d0ba. Client view of cluster state is {type=REPLICA_SET, servers=[{address=ac-ggf694n-shard-00-00.1q4yqcd.mongodb.net:27017, type=UNKNOWN, state=CONNECTING, exception={com.mongodb.MongoSocketWriteException: Exception sending message}, caused by {javax.net.ssl.SSLException: Received fatal alert: internal_error}}, {address=ac-ggf694n-shard-00-02.1q4yqcd.mongodb.net:27017, type=UNKNOWN, state=CONNECTING, exception={com.mongodb.MongoSocketWriteException: Exception sending message}, caused by {javax.net.ssl.SSLException: Received fatal alert: internal_error}}, {address=ac-ggf694n-shard-00-01.1q4yqcd.mongodb.net:27017, type=UNKNOWN, state=CONNECTING, exception={com.mongodb.MongoSocketWriteException: Exception sending message}, caused by {javax.net.ssl.SSLException: Received fatal alert: internal_error}}]; nested exception is com.mongodb.MongoTimeoutException: Timed out after 30000 ms while waiting for a server that matches com.mongodb.client.internal.MongoClientDelegate$1@3663d0ba. Client view of cluster state is {type=REPLICA_SET, servers=[{address=ac-ggf694n-shard-00-00.1q4yqcd.mongodb.net:27017, type=UNKNOWN, state=CONNECTING, exception={com.mongodb.MongoSocketWriteException: Exception sending message}, caused by {javax.net.ssl.SSLException: Received fatal alert: internal_error}}, {address=ac-ggf694n-shard-00-02.1q4yqcd.mongodb.net:27017, type=UNKNOWN, state=CONNECTING, exception={com.mongodb.MongoSocketWriteException: Exception sending message}, caused by {javax.net.ssl.SSLException: Received fatal alert: internal_error}}, {address=ac-ggf694n-shard-00-01.1q4yqcd.mongodb.net:27017, type=UNKNOWN, state=CONNECTING, exception={com.mongodb.MongoSocketWriteException: Exception sending message}, caused by {javax.net.ssl.SSLException: Received fatal alert: internal_error}}]
	at org.springframework.beans.factory.annotation.AutowiredAnnotationBeanPostProcessor$AutowiredFieldElement.resolveFieldValue(AutowiredAnnotationBeanPostProcessor.java:713)
	at org.springframework.beans.factory.annotation.AutowiredAnnotationBeanPostProcessor$AutowiredFieldElement.inject(AutowiredAnnotationBeanPostProcessor.java:693)
	at org.springframework.beans.factory.annotation.InjectionMetadata.inject(InjectionMetadata.java:119)
	at org.springframework.beans.factory.annotation.AutowiredAnnotationBeanPostProcessor.postProcessProperties(AutowiredAnnotationBeanPostProcessor.java:408)
	at org.springframework.beans.factory.support.AbstractAutowireCapableBeanFactory.populateBean(AbstractAutowireCapableBeanFactory.java:1431)
	at org.springframework.beans.factory.support.AbstractAutowireCapableBeanFactory.doCreateBean(AbstractAutowireCapableBeanFactory.java:619)
	at org.springframework.beans.factory.support.AbstractAutowireCapableBeanFactory.createBean(AbstractAutowireCapableBeanFactory.java:542)
	at org.springframework.beans.factory.support.AbstractBeanFactory.lambda$doGetBean$0(AbstractBeanFactory.java:335)
	at org.springframework.beans.factory.support.DefaultSingletonBeanRegistry.getSingleton(DefaultSingletonBeanRegistry.java:234)
	at org.springframework.beans.factory.support.AbstractBeanFactory.doGetBean(AbstractBeanFactory.java:333)
	at org.springframework.beans.factory.support.AbstractBeanFactory.getBean(AbstractBeanFactory.java:208)
	at org.springframework.beans.factory.config.DependencyDescriptor.resolveCandidate(DependencyDescriptor.java:276)
	at org.springframework.beans.factory.support.DefaultListableBeanFactory.doResolveDependency(DefaultListableBeanFactory.java:1391)
	at org.springframework.beans.factory.support.DefaultListableBeanFactory.resolveDependency(DefaultListableBeanFactory.java:1311)
	at org.springframework.beans.factory.annotation.AutowiredAnnotationBeanPostProcessor$AutowiredFieldElement.resolveFieldValue(AutowiredAnnotationBeanPostProcessor.java:710)
	... 20 common frames omitted
Caused by: org.springframework.beans.factory.BeanCreationException: Error creating bean with name 'userRepository' defined in net.engineeringdigest.journalApp.repository.UserRepository defined in @EnableMongoRepositories declared on MongoRepositoriesRegistrar.EnableMongoRepositoriesConfiguration: Cannot resolve reference to bean 'mongoTemplate' while setting bean property 'mongoOperations'; nested exception is org.springframework.beans.factory.BeanCreationException: Error creating bean with name 'mongoTemplate' defined in class path resource [org/springframework/boot/autoconfigure/data/mongo/MongoDatabaseFactoryDependentConfiguration.class]: Bean instantiation via factory method failed; nested exception is org.springframework.beans.BeanInstantiationException: Failed to instantiate [org.springframework.data.mongodb.core.MongoTemplate]: Factory method 'mongoTemplate' threw exception; nested exception is org.springframework.dao.DataAccessResourceFailureException: Timed out after 30000 ms while waiting for a server that matches com.mongodb.client.internal.MongoClientDelegate$1@3663d0ba. Client view of cluster state is {type=REPLICA_SET, servers=[{address=ac-ggf694n-shard-00-00.1q4yqcd.mongodb.net:27017, type=UNKNOWN, state=CONNECTING, exception={com.mongodb.MongoSocketWriteException: Exception sending message}, caused by {javax.net.ssl.SSLException: Received fatal alert: internal_error}}, {address=ac-ggf694n-shard-00-02.1q4yqcd.mongodb.net:27017, type=UNKNOWN, state=CONNECTING, exception={com.mongodb.MongoSocketWriteException: Exception sending message}, caused by {javax.net.ssl.SSLException: Received fatal alert: internal_error}}, {address=ac-ggf694n-shard-00-01.1q4yqcd.mongodb.net:27017, type=UNKNOWN, state=CONNECTING, exception={com.mongodb.MongoSocketWriteException: Exception sending message}, caused by {javax.net.ssl.SSLException: Received fatal alert: internal_error}}]; nested exception is com.mongodb.MongoTimeoutException: Timed out after 30000 ms while waiting for a server that matches com.mongodb.client.internal.MongoClientDelegate$1@3663d0ba. Client view of cluster state is {type=REPLICA_SET, servers=[{address=ac-ggf694n-shard-00-00.1q4yqcd.mongodb.net:27017, type=UNKNOWN, state=CONNECTING, exception={com.mongodb.MongoSocketWriteException: Exception sending message}, caused by {javax.net.ssl.SSLException: Received fatal alert: internal_error}}, {address=ac-ggf694n-shard-00-02.1q4yqcd.mongodb.net:27017, type=UNKNOWN, state=CONNECTING, exception={com.mongodb.MongoSocketWriteException: Exception sending message}, caused by {javax.net.ssl.SSLException: Received fatal alert: internal_error}}, {address=ac-ggf694n-shard-00-01.1q4yqcd.mongodb.net:27017, type=UNKNOWN, state=CONNECTING, exception={com.mongodb.MongoSocketWriteException: Exception sending message}, caused by {javax.net.ssl.SSLException: Received fatal alert: internal_error}}]
	at org.springframework.beans.factory.support.BeanDefinitionValueResolver.resolveReference(BeanDefinitionValueResolver.java:342)
	at org.springframework.beans.factory.support.BeanDefinitionValueResolver.resolveValueIfNecessary(BeanDefinitionValueResolver.java:113)
	at org.springframework.beans.factory.support.AbstractAutowireCapableBeanFactory.applyPropertyValues(AbstractAutowireCapableBeanFactory.java:1707)
	at org.springframework.beans.factory.support.AbstractAutowireCapableBeanFactory.populateBean(AbstractAutowireCapableBeanFactory.java:1452)
	at org.springframework.beans.factory.support.AbstractAutowireCapableBeanFactory.doCreateBean(AbstractAutowireCapableBeanFactory.java:619)
	at org.springframework.beans.factory.support.AbstractAutowireCapableBeanFactory.createBean(AbstractAutowireCapableBeanFactory.java:542)
	at org.springframework.beans.factory.support.AbstractBeanFactory.lambda$doGetBean$0(AbstractBeanFactory.java:335)
	at org.springframework.beans.factory.support.DefaultSingletonBeanRegistry.getSingleton(DefaultSingletonBeanRegistry.java:234)
	at org.springframework.beans.factory.support.AbstractBeanFactory.doGetBean(AbstractBeanFactory.java:333)
	at org.springframework.beans.factory.support.AbstractBeanFactory.getBean(AbstractBeanFactory.java:208)
	at org.springframework.beans.factory.config.DependencyDescriptor.resolveCandidate(DependencyDescriptor.java:276)
	at org.springframework.beans.factory.support.DefaultListableBeanFactory.doResolveDependency(DefaultListableBeanFactory.java:1391)
	at org.springframework.beans.factory.support.DefaultListableBeanFactory.resolveDependency(DefaultListableBeanFactory.java:1311)
	at org.springframework.beans.factory.annotation.AutowiredAnnotationBeanPostProcessor$AutowiredFieldElement.resolveFieldValue(AutowiredAnnotationBeanPostProcessor.java:710)
	... 34 common frames omitted
Caused by: org.springframework.beans.factory.BeanCreationException: Error creating bean with name 'mongoTemplate' defined in class path resource [org/springframework/boot/autoconfigure/data/mongo/MongoDatabaseFactoryDependentConfiguration.class]: Bean instantiation via factory method failed; nested exception is org.springframework.beans.BeanInstantiationException: Failed to instantiate [org.springframework.data.mongodb.core.MongoTemplate]: Factory method 'mongoTemplate' threw exception; nested exception is org.springframework.dao.DataAccessResourceFailureException: Timed out after 30000 ms while waiting for a server that matches com.mongodb.client.internal.MongoClientDelegate$1@3663d0ba. Client view of cluster state is {type=REPLICA_SET, servers=[{address=ac-ggf694n-shard-00-00.1q4yqcd.mongodb.net:27017, type=UNKNOWN, state=CONNECTING, exception={com.mongodb.MongoSocketWriteException: Exception sending message}, caused by {javax.net.ssl.SSLException: Received fatal alert: internal_error}}, {address=ac-ggf694n-shard-00-02.1q4yqcd.mongodb.net:27017, type=UNKNOWN, state=CONNECTING, exception={com.mongodb.MongoSocketWriteException: Exception sending message}, caused by {javax.net.ssl.SSLException: Received fatal alert: internal_error}}, {address=ac-ggf694n-shard-00-01.1q4yqcd.mongodb.net:27017, type=UNKNOWN, state=CONNECTING, exception={com.mongodb.MongoSocketWriteException: Exception sending message}, caused by {javax.net.ssl.SSLException: Received fatal alert: internal_error}}]; nested exception is com.mongodb.MongoTimeoutException: Timed out after 30000 ms while waiting for a server that matches com.mongodb.client.internal.MongoClientDelegate$1@3663d0ba. Client view of cluster state is {type=REPLICA_SET, servers=[{address=ac-ggf694n-shard-00-00.1q4yqcd.mongodb.net:27017, type=UNKNOWN, state=CONNECTING, exception={com.mongodb.MongoSocketWriteException: Exception sending message}, caused by {javax.net.ssl.SSLException: Received fatal alert: internal_error}}, {address=ac-ggf694n-shard-00-02.1q4yqcd.mongodb.net:27017, type=UNKNOWN, state=CONNECTING, exception={com.mongodb.MongoSocketWriteException: Exception sending message}, caused by {javax.net.ssl.SSLException: Received fatal alert: internal_error}}, {address=ac-ggf694n-shard-00-01.1q4yqcd.mongodb.net:27017, type=UNKNOWN, state=CONNECTING, exception={com.mongodb.MongoSocketWriteException: Exception sending message}, caused by {javax.net.ssl.SSLException: Received fatal alert: internal_error}}]
	at org.springframework.beans.factory.support.ConstructorResolver.instantiate(ConstructorResolver.java:653)
	at org.springframework.beans.factory.support.ConstructorResolver.instantiateUsingFactoryMethod(ConstructorResolver.java:633)
	at org.springframework.beans.factory.support.AbstractAutowireCapableBeanFactory.instantiateUsingFactoryMethod(AbstractAutowireCapableBeanFactory.java:1352)
	at org.springframework.beans.factory.support.AbstractAutowireCapableBeanFactory.createBeanInstance(AbstractAutowireCapableBeanFactory.java:1195)
	at org.springframework.beans.factory.support.AbstractAutowireCapableBeanFactory.doCreateBean(AbstractAutowireCapableBeanFactory.java:582)
	at org.springframework.beans.factory.support.AbstractAutowireCapableBeanFactory.createBean(AbstractAutowireCapableBeanFactory.java:542)
	at org.springframework.beans.factory.support.AbstractBeanFactory.lambda$doGetBean$0(AbstractBeanFactory.java:335)
	at org.springframework.beans.factory.support.DefaultSingletonBeanRegistry.getSingleton(DefaultSingletonBeanRegistry.java:234)
	at org.springframework.beans.factory.support.AbstractBeanFactory.doGetBean(AbstractBeanFactory.java:333)
	at org.springframework.beans.factory.support.AbstractBeanFactory.getBean(AbstractBeanFactory.java:208)
	at org.springframework.beans.factory.support.BeanDefinitionValueResolver.resolveReference(BeanDefinitionValueResolver.java:330)
	... 47 common frames omitted
Caused by: org.springframework.beans.BeanInstantiationException: Failed to instantiate [org.springframework.data.mongodb.core.MongoTemplate]: Factory method 'mongoTemplate' threw exception; nested exception is org.springframework.dao.DataAccessResourceFailureException: Timed out after 30000 ms while waiting for a server that matches com.mongodb.client.internal.MongoClientDelegate$1@3663d0ba. Client view of cluster state is {type=REPLICA_SET, servers=[{address=ac-ggf694n-shard-00-00.1q4yqcd.mongodb.net:27017, type=UNKNOWN, state=CONNECTING, exception={com.mongodb.MongoSocketWriteException: Exception sending message}, caused by {javax.net.ssl.SSLException: Received fatal alert: internal_error}}, {address=ac-ggf694n-shard-00-02.1q4yqcd.mongodb.net:27017, type=UNKNOWN, state=CONNECTING, exception={com.mongodb.MongoSocketWriteException: Exception sending message}, caused by {javax.net.ssl.SSLException: Received fatal alert: internal_error}}, {address=ac-ggf694n-shard-00-01.1q4yqcd.mongodb.net:27017, type=UNKNOWN, state=CONNECTING, exception={com.mongodb.MongoSocketWriteException: Exception sending message}, caused by {javax.net.ssl.SSLException: Received fatal alert: internal_error}}]; nested exception is com.mongodb.MongoTimeoutException: Timed out after 30000 ms while waiting for a server that matches com.mongodb.client.internal.MongoClientDelegate$1@3663d0ba. Client view of cluster state is {type=REPLICA_SET, servers=[{address=ac-ggf694n-shard-00-00.1q4yqcd.mongodb.net:27017, type=UNKNOWN, state=CONNECTING, exception={com.mongodb.MongoSocketWriteException: Exception sending message}, caused by {javax.net.ssl.SSLException: Received fatal alert: internal_error}}, {address=ac-ggf694n-shard-00-02.1q4yqcd.mongodb.net:27017, type=UNKNOWN, state=CONNECTING, exception={com.mongodb.MongoSocketWriteException: Exception sending message}, caused by {javax.net.ssl.SSLException: Received fatal alert: internal_error}}, {address=ac-ggf694n-shard-00-01.1q4yqcd.mongodb.net:27017, type=UNKNOWN, state=CONNECTING, exception={com.mongodb.MongoSocketWriteException: Exception sending message}, caused by {javax.net.ssl.SSLException: Received fatal alert: internal_error}}]
	at org.springframework.beans.factory.support.SimpleInstantiationStrategy.instantiate(SimpleInstantiationStrategy.java:185)
	at org.springframework.beans.factory.support.ConstructorResolver.instantiate(ConstructorResolver.java:648)
	... 57 common frames omitted
Caused by: org.springframework.dao.DataAccessResourceFailureException: Timed out after 30000 ms while waiting for a server that matches com.mongodb.client.internal.MongoClientDelegate$1@3663d0ba. Client view of cluster state is {type=REPLICA_SET, servers=[{address=ac-ggf694n-shard-00-00.1q4yqcd.mongodb.net:27017, type=UNKNOWN, state=CONNECTING, exception={com.mongodb.MongoSocketWriteException: Exception sending message}, caused by {javax.net.ssl.SSLException: Received fatal alert: internal_error}}, {address=ac-ggf694n-shard-00-02.1q4yqcd.mongodb.net:27017, type=UNKNOWN, state=CONNECTING, exception={com.mongodb.MongoSocketWriteException: Exception sending message}, caused by {javax.net.ssl.SSLException: Received fatal alert: internal_error}}, {address=ac-ggf694n-shard-00-01.1q4yqcd.mongodb.net:27017, type=UNKNOWN, state=CONNECTING, exception={com.mongodb.MongoSocketWriteException: Exception sending message}, caused by {javax.net.ssl.SSLException: Received fatal alert: internal_error}}]; nested exception is com.mongodb.MongoTimeoutException: Timed out after 30000 ms while waiting for a server that matches com.mongodb.client.internal.MongoClientDelegate$1@3663d0ba. Client view of cluster state is {type=REPLICA_SET, servers=[{address=ac-ggf694n-shard-00-00.1q4yqcd.mongodb.net:27017, type=UNKNOWN, state=CONNECTING, exception={com.mongodb.MongoSocketWriteException: Exception sending message}, caused by {javax.net.ssl.SSLException: Received fatal alert: internal_error}}, {address=ac-ggf694n-shard-00-02.1q4yqcd.mongodb.net:27017, type=UNKNOWN, state=CONNECTING, exception={com.mongodb.MongoSocketWriteException: Exception sending message}, caused by {javax.net.ssl.SSLException: Received fatal alert: internal_error}}, {address=ac-ggf694n-shard-00-01.1q4yqcd.mongodb.net:27017, type=UNKNOWN, state=CONNECTING, exception={com.mongodb.MongoSocketWriteException: Exception sending message}, caused by {javax.net.ssl.SSLException: Received fatal alert: internal_error}}]
	at org.springframework.data.mongodb.core.MongoExceptionTranslator.translateExceptionIfPossible(MongoExceptionTranslator.java:95)
	at org.springframework.data.mongodb.core.MongoTemplate.potentiallyConvertRuntimeException(MongoTemplate.java:3029)
	at org.springframework.data.mongodb.core.MongoTemplate.execute(MongoTemplate.java:581)
	at org.springframework.data.mongodb.core.DefaultIndexOperations.execute(DefaultIndexOperations.java:215)
	at org.springframework.data.mongodb.core.DefaultIndexOperations.ensureIndex(DefaultIndexOperations.java:121)
	at org.springframework.data.mongodb.core.index.MongoPersistentEntityIndexCreator.createIndex(MongoPersistentEntityIndexCreator.java:157)
	at org.springframework.data.mongodb.core.index.MongoPersistentEntityIndexCreator.checkForAndCreateIndexes(MongoPersistentEntityIndexCreator.java:147)
	at org.springframework.data.mongodb.core.index.MongoPersistentEntityIndexCreator.checkForIndexes(MongoPersistentEntityIndexCreator.java:131)
	at org.springframework.data.mongodb.core.index.MongoPersistentEntityIndexCreator.<init>(MongoPersistentEntityIndexCreator.java:96)
	at org.springframework.data.mongodb.core.index.MongoPersistentEntityIndexCreator.<init>(MongoPersistentEntityIndexCreator.java:73)
	at org.springframework.data.mongodb.core.MongoTemplate.<init>(MongoTemplate.java:224)
	at org.springframework.boot.autoconfigure.data.mongo.MongoDatabaseFactoryDependentConfiguration.mongoTemplate(MongoDatabaseFactoryDependentConfiguration.java:63)
	at java.base/jdk.internal.reflect.NativeMethodAccessorImpl.invoke0(Native Method)
	at java.base/jdk.internal.reflect.NativeMethodAccessorImpl.invoke(NativeMethodAccessorImpl.java:62)
	at java.base/jdk.internal.reflect.DelegatingMethodAccessorImpl.invoke(DelegatingMethodAccessorImpl.java:43)
	at java.base/java.lang.reflect.Method.invoke(Method.java:566)
	at org.springframework.beans.factory.support.SimpleInstantiationStrategy.instantiate(SimpleInstantiationStrategy.java:154)
	... 58 common frames omitted
Caused by: com.mongodb.MongoTimeoutException: Timed out after 30000 ms while waiting for a server that matches com.mongodb.client.internal.MongoClientDelegate$1@3663d0ba. Client view of cluster state is {type=REPLICA_SET, servers=[{address=ac-ggf694n-shard-00-00.1q4yqcd.mongodb.net:27017, type=UNKNOWN, state=CONNECTING, exception={com.mongodb.MongoSocketWriteException: Exception sending message}, caused by {javax.net.ssl.SSLException: Received fatal alert: internal_error}}, {address=ac-ggf694n-shard-00-02.1q4yqcd.mongodb.net:27017, type=UNKNOWN, state=CONNECTING, exception={com.mongodb.MongoSocketWriteException: Exception sending message}, caused by {javax.net.ssl.SSLException: Received fatal alert: internal_error}}, {address=ac-ggf694n-shard-00-01.1q4yqcd.mongodb.net:27017, type=UNKNOWN, state=CONNECTING, exception={com.mongodb.MongoSocketWriteException: Exception sending message}, caused by {javax.net.ssl.SSLException: Received fatal alert: internal_error}}]
	at com.mongodb.internal.connection.BaseCluster.createTimeoutException(BaseCluster.java:424)
	at com.mongodb.internal.connection.BaseCluster.selectServer(BaseCluster.java:121)
	at com.mongodb.internal.connection.AbstractMultiServerCluster.selectServer(AbstractMultiServerCluster.java:50)
	at com.mongodb.client.internal.MongoClientDelegate.getConnectedClusterDescription(MongoClientDelegate.java:146)
	at com.mongodb.client.internal.MongoClientDelegate.createClientSession(MongoClientDelegate.java:101)
	at com.mongodb.client.internal.MongoClientDelegate$DelegateOperationExecutor.getClientSession(MongoClientDelegate.java:291)
	at com.mongodb.client.internal.MongoClientDelegate$DelegateOperationExecutor.execute(MongoClientDelegate.java:207)
	at com.mongodb.client.internal.MongoCollectionImpl.executeCreateIndexes(MongoCollectionImpl.java:848)
	at com.mongodb.client.internal.MongoCollectionImpl.createIndexes(MongoCollectionImpl.java:831)
	at com.mongodb.client.internal.MongoCollectionImpl.createIndexes(MongoCollectionImpl.java:826)
	at com.mongodb.client.internal.MongoCollectionImpl.createIndex(MongoCollectionImpl.java:811)
	at org.springframework.data.mongodb.core.DefaultIndexOperations.lambda$ensureIndex$0(DefaultIndexOperations.java:131)
	at org.springframework.data.mongodb.core.MongoTemplate.execute(MongoTemplate.java:579)
	... 72 common frames omitted
26-05-15 16:24:16.383 [main] INFO  o.s.b.t.c.SpringBootTestContextBootstrapper - Neither @ContextConfiguration nor @ContextHierarchy found for test class [net.engineeringdigest.journalApp.JournalApplicationTests], using SpringBootContextLoader
26-05-15 16:24:16.400 [main] INFO  o.s.t.c.s.AbstractContextLoader - Could not detect default resource locations for test class [net.engineeringdigest.journalApp.JournalApplicationTests]: no resource found for suffixes {-context.xml, Context.groovy}.
26-05-15 16:24:16.402 [main] INFO  o.s.t.c.s.AnnotationConfigContextLoaderUtils - Could not detect default configuration classes for test class [net.engineeringdigest.journalApp.JournalApplicationTests]: JournalApplicationTests does not declare any static, non-private, non-final, nested classes annotated with @Configuration.
26-05-15 16:24:16.608 [main] INFO  o.s.b.t.c.SpringBootTestContextBootstrapper - Found @SpringBootConfiguration net.engineeringdigest.journalApp.JournalApplication for test class net.engineeringdigest.journalApp.JournalApplicationTests
26-05-15 16:24:16.801 [main] INFO  o.s.b.t.c.SpringBootTestContextBootstrapper - Loaded default TestExecutionListener class names from location [META-INF/spring.factories]: [org.springframework.boot.test.mock.mockito.MockitoTestExecutionListener, org.springframework.boot.test.mock.mockito.ResetMocksTestExecutionListener, org.springframework.boot.test.autoconfigure.restdocs.RestDocsTestExecutionListener, org.springframework.boot.test.autoconfigure.web.client.MockRestServiceServerResetTestExecutionListener, org.springframework.boot.test.autoconfigure.web.servlet.MockMvcPrintOnlyOnFailureTestExecutionListener, org.springframework.boot.test.autoconfigure.web.servlet.WebDriverTestExecutionListener, org.springframework.boot.test.autoconfigure.webservices.client.MockWebServiceServerTestExecutionListener, org.springframework.test.context.web.ServletTestExecutionListener, org.springframework.test.context.support.DirtiesContextBeforeModesTestExecutionListener, org.springframework.test.context.event.ApplicationEventsTestExecutionListener, org.springframework.test.context.support.DependencyInjectionTestExecutionListener, org.springframework.test.context.support.DirtiesContextTestExecutionListener, org.springframework.test.context.transaction.TransactionalTestExecutionListener, org.springframework.test.context.jdbc.SqlScriptsTestExecutionListener, org.springframework.test.context.event.EventPublishingTestExecutionListener]
26-05-15 16:24:16.841 [main] INFO  o.s.b.t.c.SpringBootTestContextBootstrapper - Using TestExecutionListeners: [org.springframework.test.context.web.ServletTestExecutionListener@1b2c4efb, org.springframework.test.context.support.DirtiesContextBeforeModesTestExecutionListener@c35172e, org.springframework.test.context.event.ApplicationEventsTestExecutionListener@c2db68f, org.springframework.boot.test.mock.mockito.MockitoTestExecutionListener@3cc41abc, org.springframework.boot.test.autoconfigure.SpringBootDependencyInjectionTestExecutionListener@4566d049, org.springframework.test.context.support.DirtiesContextTestExecutionListener@61ce23ac, org.springframework.test.context.transaction.TransactionalTestExecutionListener@3668d4, org.springframework.test.context.jdbc.SqlScriptsTestExecutionListener@1c3b9394, org.springframework.test.context.event.EventPublishingTestExecutionListener@6f2cfcc2, org.springframework.boot.test.mock.mockito.ResetMocksTestExecutionListener@7f6f61c8, org.springframework.boot.test.autoconfigure.restdocs.RestDocsTestExecutionListener@4c2cc639, org.springframework.boot.test.autoconfigure.web.client.MockRestServiceServerResetTestExecutionListener@ccb4b1b, org.springframework.boot.test.autoconfigure.web.servlet.MockMvcPrintOnlyOnFailureTestExecutionListener@4097cac, org.springframework.boot.test.autoconfigure.web.servlet.WebDriverTestExecutionListener@ec2cc4, org.springframework.boot.test.autoconfigure.webservices.client.MockWebServiceServerTestExecutionListener@2a5b3fee]
26-05-15 16:24:17.722 [main] INFO  n.e.j.JournalApplicationTests - Starting JournalApplicationTests using Java 11.0.31 on LAPTOP-4IL5G33D with PID 40152 (started by SIDDHU in C:\Users\SIDDHU\OneDrive\Desktop\journalapp\journalApp)
26-05-15 16:24:17.724 [main] INFO  n.e.j.JournalApplicationTests - The following 1 profile is active: "dev"
26-05-15 16:24:19.087 [main] INFO  o.s.d.r.c.RepositoryConfigurationDelegate - Bootstrapping Spring Data MongoDB repositories in DEFAULT mode.
26-05-15 16:24:19.185 [main] INFO  o.s.d.r.c.RepositoryConfigurationDelegate - Finished Spring Data repository scanning in 90 ms. Found 2 MongoDB repository interfaces.
26-05-15 16:24:21.305 [cluster-ClusterId{value='6a06fb5d94378772047b792f', description='null'}-srv-cluster0.1q4yqcd.mongodb.net] INFO  org.mongodb.driver.cluster - Adding discovered server ac-ggf694n-shard-00-01.1q4yqcd.mongodb.net:27017 to client view of cluster
26-05-15 16:24:21.339 [main] INFO  org.mongodb.driver.client - MongoClient with metadata {"driver": {"name": "mongo-java-driver|sync|spring-boot", "version": "4.6.1"}, "os": {"type": "Windows", "name": "Windows 11", "architecture": "amd64", "version": "10.0"}, "platform": "Java/Microsoft/11.0.31+11-LTS", "application": {"name": "Cluster0"}} created with settings MongoClientSettings{readPreference=primary, writeConcern=WriteConcern{w=null, wTimeout=null ms, journal=null}, retryWrites=true, retryReads=true, readConcern=ReadConcern{level=null}, credential=MongoCredential{mechanism=null, userName='banusiddharth35_db_user', source='admin', password=<hidden>, mechanismProperties=<hidden>}, streamFactoryFactory=null, commandListeners=[], codecRegistry=ProvidersCodecRegistry{codecProviders=[ValueCodecProvider{}, BsonValueCodecProvider{}, DBRefCodecProvider{}, DBObjectCodecProvider{}, DocumentCodecProvider{}, IterableCodecProvider{}, MapCodecProvider{}, GeoJsonCodecProvider{}, GridFSFileCodecProvider{}, Jsr310CodecProvider{}, JsonObjectCodecProvider{}, BsonCodecProvider{}, EnumCodecProvider{}, com.mongodb.Jep395RecordCodecProvider@270d43a7]}, clusterSettings={hosts=[127.0.0.1:27017], srvHost=cluster0.1q4yqcd.mongodb.net, srvServiceName=mongodb, mode=MULTIPLE, requiredClusterType=REPLICA_SET, requiredReplicaSetName='atlas-mizxxc-shard-0', serverSelector='null', clusterListeners='[]', serverSelectionTimeout='30000 ms', localThreshold='30000 ms'}, socketSettings=SocketSettings{connectTimeoutMS=10000, readTimeoutMS=0, receiveBufferSize=0, sendBufferSize=0}, heartbeatSocketSettings=SocketSettings{connectTimeoutMS=10000, readTimeoutMS=10000, receiveBufferSize=0, sendBufferSize=0}, connectionPoolSettings=ConnectionPoolSettings{maxSize=100, minSize=0, maxWaitTimeMS=120000, maxConnectionLifeTimeMS=0, maxConnectionIdleTimeMS=0, maintenanceInitialDelayMS=0, maintenanceFrequencyMS=60000, connectionPoolListeners=[], maxConnecting=2}, serverSettings=ServerSettings{heartbeatFrequencyMS=10000, minHeartbeatFrequencyMS=500, serverListeners='[]', serverMonitorListeners='[]'}, sslSettings=SslSettings{enabled=true, invalidHostNameAllowed=false, context=null}, applicationName='Cluster0', compressorList=[], uuidRepresentation=JAVA_LEGACY, serverApi=null, autoEncryptionSettings=null, contextProvider=null}
26-05-15 16:24:21.362 [cluster-ClusterId{value='6a06fb5d94378772047b792f', description='null'}-srv-cluster0.1q4yqcd.mongodb.net] INFO  org.mongodb.driver.cluster - Adding discovered server ac-ggf694n-shard-00-00.1q4yqcd.mongodb.net:27017 to client view of cluster
26-05-15 16:24:21.364 [cluster-ClusterId{value='6a06fb5d94378772047b792f', description='null'}-srv-cluster0.1q4yqcd.mongodb.net] INFO  org.mongodb.driver.cluster - Adding discovered server ac-ggf694n-shard-00-02.1q4yqcd.mongodb.net:27017 to client view of cluster
26-05-15 16:24:21.899 [cluster-ClusterId{value='6a06fb5d94378772047b792f', description='null'}-ac-ggf694n-shard-00-00.1q4yqcd.mongodb.net:27017] INFO  org.mongodb.driver.cluster - Exception in monitor thread while connecting to server ac-ggf694n-shard-00-00.1q4yqcd.mongodb.net:27017
com.mongodb.MongoSocketWriteException: Exception sending message
	at com.mongodb.internal.connection.InternalStreamConnection.translateWriteException(InternalStreamConnection.java:684)
	at com.mongodb.internal.connection.InternalStreamConnection.sendMessage(InternalStreamConnection.java:555)
	at com.mongodb.internal.connection.InternalStreamConnection.sendCommandMessage(InternalStreamConnection.java:381)
	at com.mongodb.internal.connection.InternalStreamConnection.sendAndReceive(InternalStreamConnection.java:329)
	at com.mongodb.internal.connection.CommandHelper.sendAndReceive(CommandHelper.java:101)
	at com.mongodb.internal.connection.CommandHelper.executeCommand(CommandHelper.java:45)
	at com.mongodb.internal.connection.InternalStreamConnectionInitializer.initializeConnectionDescription(InternalStreamConnectionInitializer.java:131)
	at com.mongodb.internal.connection.InternalStreamConnectionInitializer.startHandshake(InternalStreamConnectionInitializer.java:73)
	at com.mongodb.internal.connection.InternalStreamConnection.open(InternalStreamConnection.java:182)
	at com.mongodb.internal.connection.DefaultServerMonitor$ServerMonitorRunnable.lookupServerDescription(DefaultServerMonitor.java:193)
	at com.mongodb.internal.connection.DefaultServerMonitor$ServerMonitorRunnable.run(DefaultServerMonitor.java:157)
	at java.base/java.lang.Thread.run(Thread.java:829)
Caused by: javax.net.ssl.SSLException: Received fatal alert: internal_error
	at java.base/sun.security.ssl.Alert.createSSLException(Alert.java:133)
	at java.base/sun.security.ssl.Alert.createSSLException(Alert.java:117)
	at java.base/sun.security.ssl.TransportContext.fatal(TransportContext.java:353)
	at java.base/sun.security.ssl.Alert$AlertConsumer.consume(Alert.java:293)
	at java.base/sun.security.ssl.TransportContext.dispatch(TransportContext.java:192)
	at java.base/sun.security.ssl.SSLTransport.decode(SSLTransport.java:172)
	at java.base/sun.security.ssl.SSLSocketImpl.decode(SSLSocketImpl.java:1511)
	at java.base/sun.security.ssl.SSLSocketImpl.readHandshakeRecord(SSLSocketImpl.java:1421)
	at java.base/sun.security.ssl.SSLSocketImpl.startHandshake(SSLSocketImpl.java:456)
	at java.base/sun.security.ssl.SSLSocketImpl.ensureNegotiated(SSLSocketImpl.java:926)
	at java.base/sun.security.ssl.SSLSocketImpl$AppOutputStream.write(SSLSocketImpl.java:1296)
	at com.mongodb.internal.connection.SocketStream.write(SocketStream.java:99)
	at com.mongodb.internal.connection.InternalStreamConnection.sendMessage(InternalStreamConnection.java:552)
	... 10 common frames omitted
26-05-15 16:24:21.899 [cluster-ClusterId{value='6a06fb5d94378772047b792f', description='null'}-ac-ggf694n-shard-00-01.1q4yqcd.mongodb.net:27017] INFO  org.mongodb.driver.cluster - Exception in monitor thread while connecting to server ac-ggf694n-shard-00-01.1q4yqcd.mongodb.net:27017
com.mongodb.MongoSocketWriteException: Exception sending message
	at com.mongodb.internal.connection.InternalStreamConnection.translateWriteException(InternalStreamConnection.java:684)
	at com.mongodb.internal.connection.InternalStreamConnection.sendMessage(InternalStreamConnection.java:555)
	at com.mongodb.internal.connection.InternalStreamConnection.sendCommandMessage(InternalStreamConnection.java:381)
	at com.mongodb.internal.connection.InternalStreamConnection.sendAndReceive(InternalStreamConnection.java:329)
	at com.mongodb.internal.connection.CommandHelper.sendAndReceive(CommandHelper.java:101)
	at com.mongodb.internal.connection.CommandHelper.executeCommand(CommandHelper.java:45)
	at com.mongodb.internal.connection.InternalStreamConnectionInitializer.initializeConnectionDescription(InternalStreamConnectionInitializer.java:131)
	at com.mongodb.internal.connection.InternalStreamConnectionInitializer.startHandshake(InternalStreamConnectionInitializer.java:73)
	at com.mongodb.internal.connection.InternalStreamConnection.open(InternalStreamConnection.java:182)
	at com.mongodb.internal.connection.DefaultServerMonitor$ServerMonitorRunnable.lookupServerDescription(DefaultServerMonitor.java:193)
	at com.mongodb.internal.connection.DefaultServerMonitor$ServerMonitorRunnable.run(DefaultServerMonitor.java:157)
	at java.base/java.lang.Thread.run(Thread.java:829)
Caused by: javax.net.ssl.SSLException: Received fatal alert: internal_error
	at java.base/sun.security.ssl.Alert.createSSLException(Alert.java:133)
	at java.base/sun.security.ssl.Alert.createSSLException(Alert.java:117)
	at java.base/sun.security.ssl.TransportContext.fatal(TransportContext.java:353)
	at java.base/sun.security.ssl.Alert$AlertConsumer.consume(Alert.java:293)
	at java.base/sun.security.ssl.TransportContext.dispatch(TransportContext.java:192)
	at java.base/sun.security.ssl.SSLTransport.decode(SSLTransport.java:172)
	at java.base/sun.security.ssl.SSLSocketImpl.decode(SSLSocketImpl.java:1511)
	at java.base/sun.security.ssl.SSLSocketImpl.readHandshakeRecord(SSLSocketImpl.java:1421)
	at java.base/sun.security.ssl.SSLSocketImpl.startHandshake(SSLSocketImpl.java:456)
	at java.base/sun.security.ssl.SSLSocketImpl.ensureNegotiated(SSLSocketImpl.java:926)
	at java.base/sun.security.ssl.SSLSocketImpl$AppOutputStream.write(SSLSocketImpl.java:1296)
	at com.mongodb.internal.connection.SocketStream.write(SocketStream.java:99)
	at com.mongodb.internal.connection.InternalStreamConnection.sendMessage(InternalStreamConnection.java:552)
	... 10 common frames omitted
26-05-15 16:24:21.899 [cluster-ClusterId{value='6a06fb5d94378772047b792f', description='null'}-ac-ggf694n-shard-00-02.1q4yqcd.mongodb.net:27017] INFO  org.mongodb.driver.cluster - Exception in monitor thread while connecting to server ac-ggf694n-shard-00-02.1q4yqcd.mongodb.net:27017
com.mongodb.MongoSocketWriteException: Exception sending message
	at com.mongodb.internal.connection.InternalStreamConnection.translateWriteException(InternalStreamConnection.java:684)
	at com.mongodb.internal.connection.InternalStreamConnection.sendMessage(InternalStreamConnection.java:555)
	at com.mongodb.internal.connection.InternalStreamConnection.sendCommandMessage(InternalStreamConnection.java:381)
	at com.mongodb.internal.connection.InternalStreamConnection.sendAndReceive(InternalStreamConnection.java:329)
	at com.mongodb.internal.connection.CommandHelper.sendAndReceive(CommandHelper.java:101)
	at com.mongodb.internal.connection.CommandHelper.executeCommand(CommandHelper.java:45)
	at com.mongodb.internal.connection.InternalStreamConnectionInitializer.initializeConnectionDescription(InternalStreamConnectionInitializer.java:131)
	at com.mongodb.internal.connection.InternalStreamConnectionInitializer.startHandshake(InternalStreamConnectionInitializer.java:73)
	at com.mongodb.internal.connection.InternalStreamConnection.open(InternalStreamConnection.java:182)
	at com.mongodb.internal.connection.DefaultServerMonitor$ServerMonitorRunnable.lookupServerDescription(DefaultServerMonitor.java:193)
	at com.mongodb.internal.connection.DefaultServerMonitor$ServerMonitorRunnable.run(DefaultServerMonitor.java:157)
	at java.base/java.lang.Thread.run(Thread.java:829)
Caused by: javax.net.ssl.SSLException: Received fatal alert: internal_error
	at java.base/sun.security.ssl.Alert.createSSLException(Alert.java:133)
	at java.base/sun.security.ssl.Alert.createSSLException(Alert.java:117)
	at java.base/sun.security.ssl.TransportContext.fatal(TransportContext.java:353)
	at java.base/sun.security.ssl.Alert$AlertConsumer.consume(Alert.java:293)
	at java.base/sun.security.ssl.TransportContext.dispatch(TransportContext.java:192)
	at java.base/sun.security.ssl.SSLTransport.decode(SSLTransport.java:172)
	at java.base/sun.security.ssl.SSLSocketImpl.decode(SSLSocketImpl.java:1511)
	at java.base/sun.security.ssl.SSLSocketImpl.readHandshakeRecord(SSLSocketImpl.java:1421)
	at java.base/sun.security.ssl.SSLSocketImpl.startHandshake(SSLSocketImpl.java:456)
	at java.base/sun.security.ssl.SSLSocketImpl.ensureNegotiated(SSLSocketImpl.java:926)
	at java.base/sun.security.ssl.SSLSocketImpl$AppOutputStream.write(SSLSocketImpl.java:1296)
	at com.mongodb.internal.connection.SocketStream.write(SocketStream.java:99)
	at com.mongodb.internal.connection.InternalStreamConnection.sendMessage(InternalStreamConnection.java:552)
	... 10 common frames omitted
26-05-15 16:24:22.099 [main] INFO  org.mongodb.driver.cluster - No server chosen by com.mongodb.client.internal.MongoClientDelegate$1@4017fe2c from cluster description ClusterDescription{type=REPLICA_SET, connectionMode=MULTIPLE, serverDescriptions=[ServerDescription{address=ac-ggf694n-shard-00-00.1q4yqcd.mongodb.net:27017, type=UNKNOWN, state=CONNECTING, exception={com.mongodb.MongoSocketWriteException: Exception sending message}, caused by {javax.net.ssl.SSLException: Received fatal alert: internal_error}}, ServerDescription{address=ac-ggf694n-shard-00-02.1q4yqcd.mongodb.net:27017, type=UNKNOWN, state=CONNECTING, exception={com.mongodb.MongoSocketWriteException: Exception sending message}, caused by {javax.net.ssl.SSLException: Received fatal alert: internal_error}}, ServerDescription{address=ac-ggf694n-shard-00-01.1q4yqcd.mongodb.net:27017, type=UNKNOWN, state=CONNECTING, exception={com.mongodb.MongoSocketWriteException: Exception sending message}, caused by {javax.net.ssl.SSLException: Received fatal alert: internal_error}}]}. Waiting for 30000 ms before timing out
26-05-15 16:24:52.104 [main] WARN  o.s.w.c.s.GenericWebApplicationContext - Exception encountered during context initialization - cancelling refresh attempt: org.springframework.beans.factory.UnsatisfiedDependencyException: Error creating bean with name 'springSecurity': Unsatisfied dependency expressed through field 'userservice'; nested exception is org.springframework.beans.factory.UnsatisfiedDependencyException: Error creating bean with name 'userdetailserviceimpl': Unsatisfied dependency expressed through field 'userRepository'; nested exception is org.springframework.beans.factory.BeanCreationException: Error creating bean with name 'userRepository' defined in net.engineeringdigest.journalApp.repository.UserRepository defined in @EnableMongoRepositories declared on MongoRepositoriesRegistrar.EnableMongoRepositoriesConfiguration: Cannot resolve reference to bean 'mongoTemplate' while setting bean property 'mongoOperations'; nested exception is org.springframework.beans.factory.BeanCreationException: Error creating bean with name 'mongoTemplate' defined in class path resource [org/springframework/boot/autoconfigure/data/mongo/MongoDatabaseFactoryDependentConfiguration.class]: Bean instantiation via factory method failed; nested exception is org.springframework.beans.BeanInstantiationException: Failed to instantiate [org.springframework.data.mongodb.core.MongoTemplate]: Factory method 'mongoTemplate' threw exception; nested exception is org.springframework.dao.DataAccessResourceFailureException: Timed out after 30000 ms while waiting for a server that matches com.mongodb.client.internal.MongoClientDelegate$1@4017fe2c. Client view of cluster state is {type=REPLICA_SET, servers=[{address=ac-ggf694n-shard-00-00.1q4yqcd.mongodb.net:27017, type=UNKNOWN, state=CONNECTING, exception={com.mongodb.MongoSocketWriteException: Exception sending message}, caused by {javax.net.ssl.SSLException: Received fatal alert: internal_error}}, {address=ac-ggf694n-shard-00-02.1q4yqcd.mongodb.net:27017, type=UNKNOWN, state=CONNECTING, exception={com.mongodb.MongoSocketWriteException: Exception sending message}, caused by {javax.net.ssl.SSLException: Received fatal alert: internal_error}}, {address=ac-ggf694n-shard-00-01.1q4yqcd.mongodb.net:27017, type=UNKNOWN, state=CONNECTING, exception={com.mongodb.MongoSocketWriteException: Exception sending message}, caused by {javax.net.ssl.SSLException: Received fatal alert: internal_error}}]; nested exception is com.mongodb.MongoTimeoutException: Timed out after 30000 ms while waiting for a server that matches com.mongodb.client.internal.MongoClientDelegate$1@4017fe2c. Client view of cluster state is {type=REPLICA_SET, servers=[{address=ac-ggf694n-shard-00-00.1q4yqcd.mongodb.net:27017, type=UNKNOWN, state=CONNECTING, exception={com.mongodb.MongoSocketWriteException: Exception sending message}, caused by {javax.net.ssl.SSLException: Received fatal alert: internal_error}}, {address=ac-ggf694n-shard-00-02.1q4yqcd.mongodb.net:27017, type=UNKNOWN, state=CONNECTING, exception={com.mongodb.MongoSocketWriteException: Exception sending message}, caused by {javax.net.ssl.SSLException: Received fatal alert: internal_error}}, {address=ac-ggf694n-shard-00-01.1q4yqcd.mongodb.net:27017, type=UNKNOWN, state=CONNECTING, exception={com.mongodb.MongoSocketWriteException: Exception sending message}, caused by {javax.net.ssl.SSLException: Received fatal alert: internal_error}}]
26-05-15 16:24:52.128 [main] INFO  o.s.b.a.l.ConditionEvaluationReportLoggingListener - 

Error starting ApplicationContext. To display the conditions report re-run your application with 'debug' enabled.
26-05-15 16:24:52.172 [main] ERROR o.s.boot.SpringApplication - Application run failed
org.springframework.beans.factory.UnsatisfiedDependencyException: Error creating bean with name 'springSecurity': Unsatisfied dependency expressed through field 'userservice'; nested exception is org.springframework.beans.factory.UnsatisfiedDependencyException: Error creating bean with name 'userdetailserviceimpl': Unsatisfied dependency expressed through field 'userRepository'; nested exception is org.springframework.beans.factory.BeanCreationException: Error creating bean with name 'userRepository' defined in net.engineeringdigest.journalApp.repository.UserRepository defined in @EnableMongoRepositories declared on MongoRepositoriesRegistrar.EnableMongoRepositoriesConfiguration: Cannot resolve reference to bean 'mongoTemplate' while setting bean property 'mongoOperations'; nested exception is org.springframework.beans.factory.BeanCreationException: Error creating bean with name 'mongoTemplate' defined in class path resource [org/springframework/boot/autoconfigure/data/mongo/MongoDatabaseFactoryDependentConfiguration.class]: Bean instantiation via factory method failed; nested exception is org.springframework.beans.BeanInstantiationException: Failed to instantiate [org.springframework.data.mongodb.core.MongoTemplate]: Factory method 'mongoTemplate' threw exception; nested exception is org.springframework.dao.DataAccessResourceFailureException: Timed out after 30000 ms while waiting for a server that matches com.mongodb.client.internal.MongoClientDelegate$1@4017fe2c. Client view of cluster state is {type=REPLICA_SET, servers=[{address=ac-ggf694n-shard-00-00.1q4yqcd.mongodb.net:27017, type=UNKNOWN, state=CONNECTING, exception={com.mongodb.MongoSocketWriteException: Exception sending message}, caused by {javax.net.ssl.SSLException: Received fatal alert: internal_error}}, {address=ac-ggf694n-shard-00-02.1q4yqcd.mongodb.net:27017, type=UNKNOWN, state=CONNECTING, exception={com.mongodb.MongoSocketWriteException: Exception sending message}, caused by {javax.net.ssl.SSLException: Received fatal alert: internal_error}}, {address=ac-ggf694n-shard-00-01.1q4yqcd.mongodb.net:27017, type=UNKNOWN, state=CONNECTING, exception={com.mongodb.MongoSocketWriteException: Exception sending message}, caused by {javax.net.ssl.SSLException: Received fatal alert: internal_error}}]; nested exception is com.mongodb.MongoTimeoutException: Timed out after 30000 ms while waiting for a server that matches com.mongodb.client.internal.MongoClientDelegate$1@4017fe2c. Client view of cluster state is {type=REPLICA_SET, servers=[{address=ac-ggf694n-shard-00-00.1q4yqcd.mongodb.net:27017, type=UNKNOWN, state=CONNECTING, exception={com.mongodb.MongoSocketWriteException: Exception sending message}, caused by {javax.net.ssl.SSLException: Received fatal alert: internal_error}}, {address=ac-ggf694n-shard-00-02.1q4yqcd.mongodb.net:27017, type=UNKNOWN, state=CONNECTING, exception={com.mongodb.MongoSocketWriteException: Exception sending message}, caused by {javax.net.ssl.SSLException: Received fatal alert: internal_error}}, {address=ac-ggf694n-shard-00-01.1q4yqcd.mongodb.net:27017, type=UNKNOWN, state=CONNECTING, exception={com.mongodb.MongoSocketWriteException: Exception sending message}, caused by {javax.net.ssl.SSLException: Received fatal alert: internal_error}}]
	at org.springframework.beans.factory.annotation.AutowiredAnnotationBeanPostProcessor$AutowiredFieldElement.resolveFieldValue(AutowiredAnnotationBeanPostProcessor.java:713)
	at org.springframework.beans.factory.annotation.AutowiredAnnotationBeanPostProcessor$AutowiredFieldElement.inject(AutowiredAnnotationBeanPostProcessor.java:693)
	at org.springframework.beans.factory.annotation.InjectionMetadata.inject(InjectionMetadata.java:119)
	at org.springframework.beans.factory.annotation.AutowiredAnnotationBeanPostProcessor.postProcessProperties(AutowiredAnnotationBeanPostProcessor.java:408)
	at org.springframework.beans.factory.support.AbstractAutowireCapableBeanFactory.populateBean(AbstractAutowireCapableBeanFactory.java:1431)
	at org.springframework.beans.factory.support.AbstractAutowireCapableBeanFactory.doCreateBean(AbstractAutowireCapableBeanFactory.java:619)
	at org.springframework.beans.factory.support.AbstractAutowireCapableBeanFactory.createBean(AbstractAutowireCapableBeanFactory.java:542)
	at org.springframework.beans.factory.support.AbstractBeanFactory.lambda$doGetBean$0(AbstractBeanFactory.java:335)
	at org.springframework.beans.factory.support.DefaultSingletonBeanRegistry.getSingleton(DefaultSingletonBeanRegistry.java:234)
	at org.springframework.beans.factory.support.AbstractBeanFactory.doGetBean(AbstractBeanFactory.java:333)
	at org.springframework.beans.factory.support.AbstractBeanFactory.getBean(AbstractBeanFactory.java:208)
	at org.springframework.beans.factory.support.DefaultListableBeanFactory.preInstantiateSingletons(DefaultListableBeanFactory.java:955)
	at org.springframework.context.support.AbstractApplicationContext.finishBeanFactoryInitialization(AbstractApplicationContext.java:921)
	at org.springframework.context.support.AbstractApplicationContext.refresh(AbstractApplicationContext.java:583)
	at org.springframework.boot.SpringApplication.refresh(SpringApplication.java:731)
	at org.springframework.boot.SpringApplication.refreshContext(SpringApplication.java:408)
	at org.springframework.boot.SpringApplication.run(SpringApplication.java:307)
	at org.springframework.boot.test.context.SpringBootContextLoader.loadContext(SpringBootContextLoader.java:136)
	at org.springframework.test.context.cache.DefaultCacheAwareContextLoaderDelegate.loadContextInternal(DefaultCacheAwareContextLoaderDelegate.java:141)
	at org.springframework.test.context.cache.DefaultCacheAwareContextLoaderDelegate.loadContext(DefaultCacheAwareContextLoaderDelegate.java:90)
	at org.springframework.test.context.support.DefaultTestContext.getApplicationContext(DefaultTestContext.java:124)
	at org.springframework.test.context.web.ServletTestExecutionListener.setUpRequestContextIfNecessary(ServletTestExecutionListener.java:190)
	at org.springframework.test.context.web.ServletTestExecutionListener.prepareTestInstance(ServletTestExecutionListener.java:132)
	at org.springframework.test.context.TestContextManager.prepareTestInstance(TestContextManager.java:248)
	at org.springframework.test.context.junit.jupiter.SpringExtension.postProcessTestInstance(SpringExtension.java:138)
	at org.junit.jupiter.engine.descriptor.ClassBasedTestDescriptor.lambda$invokeTestInstancePostProcessors$8(ClassBasedTestDescriptor.java:363)
	at org.junit.jupiter.engine.descriptor.ClassBasedTestDescriptor.executeAndMaskThrowable(ClassBasedTestDescriptor.java:368)
	at org.junit.jupiter.engine.descriptor.ClassBasedTestDescriptor.lambda$invokeTestInstancePostProcessors$9(ClassBasedTestDescriptor.java:363)
	at java.base/java.util.stream.ReferencePipeline$3$1.accept(ReferencePipeline.java:195)
	at java.base/java.util.stream.ReferencePipeline$2$1.accept(ReferencePipeline.java:177)
	at java.base/java.util.ArrayList$ArrayListSpliterator.forEachRemaining(ArrayList.java:1655)
	at java.base/java.util.stream.AbstractPipeline.copyInto(AbstractPipeline.java:484)
	at java.base/java.util.stream.AbstractPipeline.wrapAndCopyInto(AbstractPipeline.java:474)
	at java.base/java.util.stream.StreamSpliterators$WrappingSpliterator.forEachRemaining(StreamSpliterators.java:312)
	at java.base/java.util.stream.Streams$ConcatSpliterator.forEachRemaining(Streams.java:735)
	at java.base/java.util.stream.Streams$ConcatSpliterator.forEachRemaining(Streams.java:734)
	at java.base/java.util.stream.ReferencePipeline$Head.forEach(ReferencePipeline.java:658)
	at org.junit.jupiter.engine.descriptor.ClassBasedTestDescriptor.invokeTestInstancePostProcessors(ClassBasedTestDescriptor.java:362)
	at org.junit.jupiter.engine.descriptor.ClassBasedTestDescriptor.lambda$instantiateAndPostProcessTestInstance$6(ClassBasedTestDescriptor.java:283)
	at org.junit.platform.engine.support.hierarchical.ThrowableCollector.execute(ThrowableCollector.java:73)
	at org.junit.jupiter.engine.descriptor.ClassBasedTestDescriptor.instantiateAndPostProcessTestInstance(ClassBasedTestDescriptor.java:282)
	at org.junit.jupiter.engine.descriptor.ClassBasedTestDescriptor.lambda$testInstancesProvider$4(ClassBasedTestDescriptor.java:272)
	at java.base/java.util.Optional.orElseGet(Optional.java:369)
	at org.junit.jupiter.engine.descriptor.ClassBasedTestDescriptor.lambda$testInstancesProvider$5(ClassBasedTestDescriptor.java:271)
	at org.junit.jupiter.engine.execution.TestInstancesProvider.getTestInstances(TestInstancesProvider.java:31)
	at org.junit.jupiter.engine.descriptor.TestMethodTestDescriptor.lambda$prepare$0(TestMethodTestDescriptor.java:102)
	at org.junit.platform.engine.support.hierarchical.ThrowableCollector.execute(ThrowableCollector.java:73)
	at org.junit.jupiter.engine.descriptor.TestMethodTestDescriptor.prepare(TestMethodTestDescriptor.java:101)
	at org.junit.jupiter.engine.descriptor.TestMethodTestDescriptor.prepare(TestMethodTestDescriptor.java:66)
	at org.junit.platform.engine.support.hierarchical.NodeTestTask.lambda$prepare$2(NodeTestTask.java:123)
	at org.junit.platform.engine.support.hierarchical.ThrowableCollector.execute(ThrowableCollector.java:73)
	at org.junit.platform.engine.support.hierarchical.NodeTestTask.prepare(NodeTestTask.java:123)
	at org.junit.platform.engine.support.hierarchical.NodeTestTask.execute(NodeTestTask.java:90)
	at java.base/java.util.ArrayList.forEach(ArrayList.java:1541)
	at org.junit.platform.engine.support.hierarchical.SameThreadHierarchicalTestExecutorService.invokeAll(SameThreadHierarchicalTestExecutorService.java:41)
	at org.junit.platform.engine.support.hierarchical.NodeTestTask.lambda$executeRecursively$6(NodeTestTask.java:155)
	at org.junit.platform.engine.support.hierarchical.ThrowableCollector.execute(ThrowableCollector.java:73)
	at org.junit.platform.engine.support.hierarchical.NodeTestTask.lambda$executeRecursively$8(NodeTestTask.java:141)
	at org.junit.platform.engine.support.hierarchical.Node.around(Node.java:137)
	at org.junit.platform.engine.support.hierarchical.NodeTestTask.lambda$executeRecursively$9(NodeTestTask.java:139)
	at org.junit.platform.engine.support.hierarchical.ThrowableCollector.execute(ThrowableCollector.java:73)
	at org.junit.platform.engine.support.hierarchical.NodeTestTask.executeRecursively(NodeTestTask.java:138)
	at org.junit.platform.engine.support.hierarchical.NodeTestTask.execute(NodeTestTask.java:95)
	at java.base/java.util.ArrayList.forEach(ArrayList.java:1541)
	at org.junit.platform.engine.support.hierarchical.SameThreadHierarchicalTestExecutorService.invokeAll(SameThreadHierarchicalTestExecutorService.java:41)
	at org.junit.platform.engine.support.hierarchical.NodeTestTask.lambda$executeRecursively$6(NodeTestTask.java:155)
	at org.junit.platform.engine.support.hierarchical.ThrowableCollector.execute(ThrowableCollector.java:73)
	at org.junit.platform.engine.support.hierarchical.NodeTestTask.lambda$executeRecursively$8(NodeTestTask.java:141)
	at org.junit.platform.engine.support.hierarchical.Node.around(Node.java:137)
	at org.junit.platform.engine.support.hierarchical.NodeTestTask.lambda$executeRecursively$9(NodeTestTask.java:139)
	at org.junit.platform.engine.support.hierarchical.ThrowableCollector.execute(ThrowableCollector.java:73)
	at org.junit.platform.engine.support.hierarchical.NodeTestTask.executeRecursively(NodeTestTask.java:138)
	at org.junit.platform.engine.support.hierarchical.NodeTestTask.execute(NodeTestTask.java:95)
	at org.junit.platform.engine.support.hierarchical.SameThreadHierarchicalTestExecutorService.submit(SameThreadHierarchicalTestExecutorService.java:35)
	at org.junit.platform.engine.support.hierarchical.HierarchicalTestExecutor.execute(HierarchicalTestExecutor.java:57)
	at org.junit.platform.engine.support.hierarchical.HierarchicalTestEngine.execute(HierarchicalTestEngine.java:54)
	at org.junit.platform.launcher.core.DefaultLauncher.execute(DefaultLauncher.java:220)
	at org.junit.platform.launcher.core.DefaultLauncher.lambda$execute$6(DefaultLauncher.java:188)
	at org.junit.platform.launcher.core.DefaultLauncher.withInterceptedStreams(DefaultLauncher.java:202)
	at org.junit.platform.launcher.core.DefaultLauncher.execute(DefaultLauncher.java:181)
	at org.junit.platform.launcher.core.DefaultLauncher.execute(DefaultLauncher.java:128)
	at org.apache.maven.surefire.junitplatform.JUnitPlatformProvider.invokeAllTests(JUnitPlatformProvider.java:150)
	at org.apache.maven.surefire.junitplatform.JUnitPlatformProvider.invoke(JUnitPlatformProvider.java:124)
	at org.apache.maven.surefire.booter.ForkedBooter.invokeProviderInSameClassLoader(ForkedBooter.java:384)
	at org.apache.maven.surefire.booter.ForkedBooter.runSuitesInProcess(ForkedBooter.java:345)
	at org.apache.maven.surefire.booter.ForkedBooter.execute(ForkedBooter.java:126)
	at org.apache.maven.surefire.booter.ForkedBooter.main(ForkedBooter.java:418)
Caused by: org.springframework.beans.factory.UnsatisfiedDependencyException: Error creating bean with name 'userdetailserviceimpl': Unsatisfied dependency expressed through field 'userRepository'; nested exception is org.springframework.beans.factory.BeanCreationException: Error creating bean with name 'userRepository' defined in net.engineeringdigest.journalApp.repository.UserRepository defined in @EnableMongoRepositories declared on MongoRepositoriesRegistrar.EnableMongoRepositoriesConfiguration: Cannot resolve reference to bean 'mongoTemplate' while setting bean property 'mongoOperations'; nested exception is org.springframework.beans.factory.BeanCreationException: Error creating bean with name 'mongoTemplate' defined in class path resource [org/springframework/boot/autoconfigure/data/mongo/MongoDatabaseFactoryDependentConfiguration.class]: Bean instantiation via factory method failed; nested exception is org.springframework.beans.BeanInstantiationException: Failed to instantiate [org.springframework.data.mongodb.core.MongoTemplate]: Factory method 'mongoTemplate' threw exception; nested exception is org.springframework.dao.DataAccessResourceFailureException: Timed out after 30000 ms while waiting for a server that matches com.mongodb.client.internal.MongoClientDelegate$1@4017fe2c. Client view of cluster state is {type=REPLICA_SET, servers=[{address=ac-ggf694n-shard-00-00.1q4yqcd.mongodb.net:27017, type=UNKNOWN, state=CONNECTING, exception={com.mongodb.MongoSocketWriteException: Exception sending message}, caused by {javax.net.ssl.SSLException: Received fatal alert: internal_error}}, {address=ac-ggf694n-shard-00-02.1q4yqcd.mongodb.net:27017, type=UNKNOWN, state=CONNECTING, exception={com.mongodb.MongoSocketWriteException: Exception sending message}, caused by {javax.net.ssl.SSLException: Received fatal alert: internal_error}}, {address=ac-ggf694n-shard-00-01.1q4yqcd.mongodb.net:27017, type=UNKNOWN, state=CONNECTING, exception={com.mongodb.MongoSocketWriteException: Exception sending message}, caused by {javax.net.ssl.SSLException: Received fatal alert: internal_error}}]; nested exception is com.mongodb.MongoTimeoutException: Timed out after 30000 ms while waiting for a server that matches com.mongodb.client.internal.MongoClientDelegate$1@4017fe2c. Client view of cluster state is {type=REPLICA_SET, servers=[{address=ac-ggf694n-shard-00-00.1q4yqcd.mongodb.net:27017, type=UNKNOWN, state=CONNECTING, exception={com.mongodb.MongoSocketWriteException: Exception sending message}, caused by {javax.net.ssl.SSLException: Received fatal alert: internal_error}}, {address=ac-ggf694n-shard-00-02.1q4yqcd.mongodb.net:27017, type=UNKNOWN, state=CONNECTING, exception={com.mongodb.MongoSocketWriteException: Exception sending message}, caused by {javax.net.ssl.SSLException: Received fatal alert: internal_error}}, {address=ac-ggf694n-shard-00-01.1q4yqcd.mongodb.net:27017, type=UNKNOWN, state=CONNECTING, exception={com.mongodb.MongoSocketWriteException: Exception sending message}, caused by {javax.net.ssl.SSLException: Received fatal alert: internal_error}}]
	at org.springframework.beans.factory.annotation.AutowiredAnnotationBeanPostProcessor$AutowiredFieldElement.resolveFieldValue(AutowiredAnnotationBeanPostProcessor.java:713)
	at org.springframework.beans.factory.annotation.AutowiredAnnotationBeanPostProcessor$AutowiredFieldElement.inject(AutowiredAnnotationBeanPostProcessor.java:693)
	at org.springframework.beans.factory.annotation.InjectionMetadata.inject(InjectionMetadata.java:119)
	at org.springframework.beans.factory.annotation.AutowiredAnnotationBeanPostProcessor.postProcessProperties(AutowiredAnnotationBeanPostProcessor.java:408)
	at org.springframework.beans.factory.support.AbstractAutowireCapableBeanFactory.populateBean(AbstractAutowireCapableBeanFactory.java:1431)
	at org.springframework.beans.factory.support.AbstractAutowireCapableBeanFactory.doCreateBean(AbstractAutowireCapableBeanFactory.java:619)
	at org.springframework.beans.factory.support.AbstractAutowireCapableBeanFactory.createBean(AbstractAutowireCapableBeanFactory.java:542)
	at org.springframework.beans.factory.support.AbstractBeanFactory.lambda$doGetBean$0(AbstractBeanFactory.java:335)
	at org.springframework.beans.factory.support.DefaultSingletonBeanRegistry.getSingleton(DefaultSingletonBeanRegistry.java:234)
	at org.springframework.beans.factory.support.AbstractBeanFactory.doGetBean(AbstractBeanFactory.java:333)
	at org.springframework.beans.factory.support.AbstractBeanFactory.getBean(AbstractBeanFactory.java:208)
	at org.springframework.beans.factory.config.DependencyDescriptor.resolveCandidate(DependencyDescriptor.java:276)
	at org.springframework.beans.factory.support.DefaultListableBeanFactory.doResolveDependency(DefaultListableBeanFactory.java:1391)
	at org.springframework.beans.factory.support.DefaultListableBeanFactory.resolveDependency(DefaultListableBeanFactory.java:1311)
	at org.springframework.beans.factory.annotation.AutowiredAnnotationBeanPostProcessor$AutowiredFieldElement.resolveFieldValue(AutowiredAnnotationBeanPostProcessor.java:710)
	... 86 common frames omitted
Caused by: org.springframework.beans.factory.BeanCreationException: Error creating bean with name 'userRepository' defined in net.engineeringdigest.journalApp.repository.UserRepository defined in @EnableMongoRepositories declared on MongoRepositoriesRegistrar.EnableMongoRepositoriesConfiguration: Cannot resolve reference to bean 'mongoTemplate' while setting bean property 'mongoOperations'; nested exception is org.springframework.beans.factory.BeanCreationException: Error creating bean with name 'mongoTemplate' defined in class path resource [org/springframework/boot/autoconfigure/data/mongo/MongoDatabaseFactoryDependentConfiguration.class]: Bean instantiation via factory method failed; nested exception is org.springframework.beans.BeanInstantiationException: Failed to instantiate [org.springframework.data.mongodb.core.MongoTemplate]: Factory method 'mongoTemplate' threw exception; nested exception is org.springframework.dao.DataAccessResourceFailureException: Timed out after 30000 ms while waiting for a server that matches com.mongodb.client.internal.MongoClientDelegate$1@4017fe2c. Client view of cluster state is {type=REPLICA_SET, servers=[{address=ac-ggf694n-shard-00-00.1q4yqcd.mongodb.net:27017, type=UNKNOWN, state=CONNECTING, exception={com.mongodb.MongoSocketWriteException: Exception sending message}, caused by {javax.net.ssl.SSLException: Received fatal alert: internal_error}}, {address=ac-ggf694n-shard-00-02.1q4yqcd.mongodb.net:27017, type=UNKNOWN, state=CONNECTING, exception={com.mongodb.MongoSocketWriteException: Exception sending message}, caused by {javax.net.ssl.SSLException: Received fatal alert: internal_error}}, {address=ac-ggf694n-shard-00-01.1q4yqcd.mongodb.net:27017, type=UNKNOWN, state=CONNECTING, exception={com.mongodb.MongoSocketWriteException: Exception sending message}, caused by {javax.net.ssl.SSLException: Received fatal alert: internal_error}}]; nested exception is com.mongodb.MongoTimeoutException: Timed out after 30000 ms while waiting for a server that matches com.mongodb.client.internal.MongoClientDelegate$1@4017fe2c. Client view of cluster state is {type=REPLICA_SET, servers=[{address=ac-ggf694n-shard-00-00.1q4yqcd.mongodb.net:27017, type=UNKNOWN, state=CONNECTING, exception={com.mongodb.MongoSocketWriteException: Exception sending message}, caused by {javax.net.ssl.SSLException: Received fatal alert: internal_error}}, {address=ac-ggf694n-shard-00-02.1q4yqcd.mongodb.net:27017, type=UNKNOWN, state=CONNECTING, exception={com.mongodb.MongoSocketWriteException: Exception sending message}, caused by {javax.net.ssl.SSLException: Received fatal alert: internal_error}}, {address=ac-ggf694n-shard-00-01.1q4yqcd.mongodb.net:27017, type=UNKNOWN, state=CONNECTING, exception={com.mongodb.MongoSocketWriteException: Exception sending message}, caused by {javax.net.ssl.SSLException: Received fatal alert: internal_error}}]
	at org.springframework.beans.factory.support.BeanDefinitionValueResolver.resolveReference(BeanDefinitionValueResolver.java:342)
	at org.springframework.beans.factory.support.BeanDefinitionValueResolver.resolveValueIfNecessary(BeanDefinitionValueResolver.java:113)
	at org.springframework.beans.factory.support.AbstractAutowireCapableBeanFactory.applyPropertyValues(AbstractAutowireCapableBeanFactory.java:1707)
	at org.springframework.beans.factory.support.AbstractAutowireCapableBeanFactory.populateBean(AbstractAutowireCapableBeanFactory.java:1452)
	at org.springframework.beans.factory.support.AbstractAutowireCapableBeanFactory.doCreateBean(AbstractAutowireCapableBeanFactory.java:619)
	at org.springframework.beans.factory.support.AbstractAutowireCapableBeanFactory.createBean(AbstractAutowireCapableBeanFactory.java:542)
	at org.springframework.beans.factory.support.AbstractBeanFactory.lambda$doGetBean$0(AbstractBeanFactory.java:335)
	at org.springframework.beans.factory.support.DefaultSingletonBeanRegistry.getSingleton(DefaultSingletonBeanRegistry.java:234)
	at org.springframework.beans.factory.support.AbstractBeanFactory.doGetBean(AbstractBeanFactory.java:333)
	at org.springframework.beans.factory.support.AbstractBeanFactory.getBean(AbstractBeanFactory.java:208)
	at org.springframework.beans.factory.config.DependencyDescriptor.resolveCandidate(DependencyDescriptor.java:276)
	at org.springframework.beans.factory.support.DefaultListableBeanFactory.doResolveDependency(DefaultListableBeanFactory.java:1391)
	at org.springframework.beans.factory.support.DefaultListableBeanFactory.resolveDependency(DefaultListableBeanFactory.java:1311)
	at org.springframework.beans.factory.annotation.AutowiredAnnotationBeanPostProcessor$AutowiredFieldElement.resolveFieldValue(AutowiredAnnotationBeanPostProcessor.java:710)
	... 100 common frames omitted
Caused by: org.springframework.beans.factory.BeanCreationException: Error creating bean with name 'mongoTemplate' defined in class path resource [org/springframework/boot/autoconfigure/data/mongo/MongoDatabaseFactoryDependentConfiguration.class]: Bean instantiation via factory method failed; nested exception is org.springframework.beans.BeanInstantiationException: Failed to instantiate [org.springframework.data.mongodb.core.MongoTemplate]: Factory method 'mongoTemplate' threw exception; nested exception is org.springframework.dao.DataAccessResourceFailureException: Timed out after 30000 ms while waiting for a server that matches com.mongodb.client.internal.MongoClientDelegate$1@4017fe2c. Client view of cluster state is {type=REPLICA_SET, servers=[{address=ac-ggf694n-shard-00-00.1q4yqcd.mongodb.net:27017, type=UNKNOWN, state=CONNECTING, exception={com.mongodb.MongoSocketWriteException: Exception sending message}, caused by {javax.net.ssl.SSLException: Received fatal alert: internal_error}}, {address=ac-ggf694n-shard-00-02.1q4yqcd.mongodb.net:27017, type=UNKNOWN, state=CONNECTING, exception={com.mongodb.MongoSocketWriteException: Exception sending message}, caused by {javax.net.ssl.SSLException: Received fatal alert: internal_error}}, {address=ac-ggf694n-shard-00-01.1q4yqcd.mongodb.net:27017, type=UNKNOWN, state=CONNECTING, exception={com.mongodb.MongoSocketWriteException: Exception sending message}, caused by {javax.net.ssl.SSLException: Received fatal alert: internal_error}}]; nested exception is com.mongodb.MongoTimeoutException: Timed out after 30000 ms while waiting for a server that matches com.mongodb.client.internal.MongoClientDelegate$1@4017fe2c. Client view of cluster state is {type=REPLICA_SET, servers=[{address=ac-ggf694n-shard-00-00.1q4yqcd.mongodb.net:27017, type=UNKNOWN, state=CONNECTING, exception={com.mongodb.MongoSocketWriteException: Exception sending message}, caused by {javax.net.ssl.SSLException: Received fatal alert: internal_error}}, {address=ac-ggf694n-shard-00-02.1q4yqcd.mongodb.net:27017, type=UNKNOWN, state=CONNECTING, exception={com.mongodb.MongoSocketWriteException: Exception sending message}, caused by {javax.net.ssl.SSLException: Received fatal alert: internal_error}}, {address=ac-ggf694n-shard-00-01.1q4yqcd.mongodb.net:27017, type=UNKNOWN, state=CONNECTING, exception={com.mongodb.MongoSocketWriteException: Exception sending message}, caused by {javax.net.ssl.SSLException: Received fatal alert: internal_error}}]
	at org.springframework.beans.factory.support.ConstructorResolver.instantiate(ConstructorResolver.java:653)
	at org.springframework.beans.factory.support.ConstructorResolver.instantiateUsingFactoryMethod(ConstructorResolver.java:633)
	at org.springframework.beans.factory.support.AbstractAutowireCapableBeanFactory.instantiateUsingFactoryMethod(AbstractAutowireCapableBeanFactory.java:1352)
	at org.springframework.beans.factory.support.AbstractAutowireCapableBeanFactory.createBeanInstance(AbstractAutowireCapableBeanFactory.java:1195)
	at org.springframework.beans.factory.support.AbstractAutowireCapableBeanFactory.doCreateBean(AbstractAutowireCapableBeanFactory.java:582)
	at org.springframework.beans.factory.support.AbstractAutowireCapableBeanFactory.createBean(AbstractAutowireCapableBeanFactory.java:542)
	at org.springframework.beans.factory.support.AbstractBeanFactory.lambda$doGetBean$0(AbstractBeanFactory.java:335)
	at org.springframework.beans.factory.support.DefaultSingletonBeanRegistry.getSingleton(DefaultSingletonBeanRegistry.java:234)
	at org.springframework.beans.factory.support.AbstractBeanFactory.doGetBean(AbstractBeanFactory.java:333)
	at org.springframework.beans.factory.support.AbstractBeanFactory.getBean(AbstractBeanFactory.java:208)
	at org.springframework.beans.factory.support.BeanDefinitionValueResolver.resolveReference(BeanDefinitionValueResolver.java:330)
	... 113 common frames omitted
Caused by: org.springframework.beans.BeanInstantiationException: Failed to instantiate [org.springframework.data.mongodb.core.MongoTemplate]: Factory method 'mongoTemplate' threw exception; nested exception is org.springframework.dao.DataAccessResourceFailureException: Timed out after 30000 ms while waiting for a server that matches com.mongodb.client.internal.MongoClientDelegate$1@4017fe2c. Client view of cluster state is {type=REPLICA_SET, servers=[{address=ac-ggf694n-shard-00-00.1q4yqcd.mongodb.net:27017, type=UNKNOWN, state=CONNECTING, exception={com.mongodb.MongoSocketWriteException: Exception sending message}, caused by {javax.net.ssl.SSLException: Received fatal alert: internal_error}}, {address=ac-ggf694n-shard-00-02.1q4yqcd.mongodb.net:27017, type=UNKNOWN, state=CONNECTING, exception={com.mongodb.MongoSocketWriteException: Exception sending message}, caused by {javax.net.ssl.SSLException: Received fatal alert: internal_error}}, {address=ac-ggf694n-shard-00-01.1q4yqcd.mongodb.net:27017, type=UNKNOWN, state=CONNECTING, exception={com.mongodb.MongoSocketWriteException: Exception sending message}, caused by {javax.net.ssl.SSLException: Received fatal alert: internal_error}}]; nested exception is com.mongodb.MongoTimeoutException: Timed out after 30000 ms while waiting for a server that matches com.mongodb.client.internal.MongoClientDelegate$1@4017fe2c. Client view of cluster state is {type=REPLICA_SET, servers=[{address=ac-ggf694n-shard-00-00.1q4yqcd.mongodb.net:27017, type=UNKNOWN, state=CONNECTING, exception={com.mongodb.MongoSocketWriteException: Exception sending message}, caused by {javax.net.ssl.SSLException: Received fatal alert: internal_error}}, {address=ac-ggf694n-shard-00-02.1q4yqcd.mongodb.net:27017, type=UNKNOWN, state=CONNECTING, exception={com.mongodb.MongoSocketWriteException: Exception sending message}, caused by {javax.net.ssl.SSLException: Received fatal alert: internal_error}}, {address=ac-ggf694n-shard-00-01.1q4yqcd.mongodb.net:27017, type=UNKNOWN, state=CONNECTING, exception={com.mongodb.MongoSocketWriteException: Exception sending message}, caused by {javax.net.ssl.SSLException: Received fatal alert: internal_error}}]
	at org.springframework.beans.factory.support.SimpleInstantiationStrategy.instantiate(SimpleInstantiationStrategy.java:185)
	at org.springframework.beans.factory.support.ConstructorResolver.instantiate(ConstructorResolver.java:648)
	... 123 common frames omitted
Caused by: org.springframework.dao.DataAccessResourceFailureException: Timed out after 30000 ms while waiting for a server that matches com.mongodb.client.internal.MongoClientDelegate$1@4017fe2c. Client view of cluster state is {type=REPLICA_SET, servers=[{address=ac-ggf694n-shard-00-00.1q4yqcd.mongodb.net:27017, type=UNKNOWN, state=CONNECTING, exception={com.mongodb.MongoSocketWriteException: Exception sending message}, caused by {javax.net.ssl.SSLException: Received fatal alert: internal_error}}, {address=ac-ggf694n-shard-00-02.1q4yqcd.mongodb.net:27017, type=UNKNOWN, state=CONNECTING, exception={com.mongodb.MongoSocketWriteException: Exception sending message}, caused by {javax.net.ssl.SSLException: Received fatal alert: internal_error}}, {address=ac-ggf694n-shard-00-01.1q4yqcd.mongodb.net:27017, type=UNKNOWN, state=CONNECTING, exception={com.mongodb.MongoSocketWriteException: Exception sending message}, caused by {javax.net.ssl.SSLException: Received fatal alert: internal_error}}]; nested exception is com.mongodb.MongoTimeoutException: Timed out after 30000 ms while waiting for a server that matches com.mongodb.client.internal.MongoClientDelegate$1@4017fe2c. Client view of cluster state is {type=REPLICA_SET, servers=[{address=ac-ggf694n-shard-00-00.1q4yqcd.mongodb.net:27017, type=UNKNOWN, state=CONNECTING, exception={com.mongodb.MongoSocketWriteException: Exception sending message}, caused by {javax.net.ssl.SSLException: Received fatal alert: internal_error}}, {address=ac-ggf694n-shard-00-02.1q4yqcd.mongodb.net:27017, type=UNKNOWN, state=CONNECTING, exception={com.mongodb.MongoSocketWriteException: Exception sending message}, caused by {javax.net.ssl.SSLException: Received fatal alert: internal_error}}, {address=ac-ggf694n-shard-00-01.1q4yqcd.mongodb.net:27017, type=UNKNOWN, state=CONNECTING, exception={com.mongodb.MongoSocketWriteException: Exception sending message}, caused by {javax.net.ssl.SSLException: Received fatal alert: internal_error}}]
	at org.springframework.data.mongodb.core.MongoExceptionTranslator.translateExceptionIfPossible(MongoExceptionTranslator.java:95)
	at org.springframework.data.mongodb.core.MongoTemplate.potentiallyConvertRuntimeException(MongoTemplate.java:3029)
	at org.springframework.data.mongodb.core.MongoTemplate.execute(MongoTemplate.java:581)
	at org.springframework.data.mongodb.core.DefaultIndexOperations.execute(DefaultIndexOperations.java:215)
	at org.springframework.data.mongodb.core.DefaultIndexOperations.ensureIndex(DefaultIndexOperations.java:121)
	at org.springframework.data.mongodb.core.index.MongoPersistentEntityIndexCreator.createIndex(MongoPersistentEntityIndexCreator.java:157)
	at org.springframework.data.mongodb.core.index.MongoPersistentEntityIndexCreator.checkForAndCreateIndexes(MongoPersistentEntityIndexCreator.java:147)
	at org.springframework.data.mongodb.core.index.MongoPersistentEntityIndexCreator.checkForIndexes(MongoPersistentEntityIndexCreator.java:131)
	at org.springframework.data.mongodb.core.index.MongoPersistentEntityIndexCreator.<init>(MongoPersistentEntityIndexCreator.java:96)
	at org.springframework.data.mongodb.core.index.MongoPersistentEntityIndexCreator.<init>(MongoPersistentEntityIndexCreator.java:73)
	at org.springframework.data.mongodb.core.MongoTemplate.<init>(MongoTemplate.java:224)
	at org.springframework.boot.autoconfigure.data.mongo.MongoDatabaseFactoryDependentConfiguration.mongoTemplate(MongoDatabaseFactoryDependentConfiguration.java:63)
	at java.base/jdk.internal.reflect.NativeMethodAccessorImpl.invoke0(Native Method)
	at java.base/jdk.internal.reflect.NativeMethodAccessorImpl.invoke(NativeMethodAccessorImpl.java:62)
	at java.base/jdk.internal.reflect.DelegatingMethodAccessorImpl.invoke(DelegatingMethodAccessorImpl.java:43)
	at java.base/java.lang.reflect.Method.invoke(Method.java:566)
	at org.springframework.beans.factory.support.SimpleInstantiationStrategy.instantiate(SimpleInstantiationStrategy.java:154)
	... 124 common frames omitted
Caused by: com.mongodb.MongoTimeoutException: Timed out after 30000 ms while waiting for a server that matches com.mongodb.client.internal.MongoClientDelegate$1@4017fe2c. Client view of cluster state is {type=REPLICA_SET, servers=[{address=ac-ggf694n-shard-00-00.1q4yqcd.mongodb.net:27017, type=UNKNOWN, state=CONNECTING, exception={com.mongodb.MongoSocketWriteException: Exception sending message}, caused by {javax.net.ssl.SSLException: Received fatal alert: internal_error}}, {address=ac-ggf694n-shard-00-02.1q4yqcd.mongodb.net:27017, type=UNKNOWN, state=CONNECTING, exception={com.mongodb.MongoSocketWriteException: Exception sending message}, caused by {javax.net.ssl.SSLException: Received fatal alert: internal_error}}, {address=ac-ggf694n-shard-00-01.1q4yqcd.mongodb.net:27017, type=UNKNOWN, state=CONNECTING, exception={com.mongodb.MongoSocketWriteException: Exception sending message}, caused by {javax.net.ssl.SSLException: Received fatal alert: internal_error}}]
	at com.mongodb.internal.connection.BaseCluster.createTimeoutException(BaseCluster.java:424)
	at com.mongodb.internal.connection.BaseCluster.selectServer(BaseCluster.java:121)
	at com.mongodb.internal.connection.AbstractMultiServerCluster.selectServer(AbstractMultiServerCluster.java:50)
	at com.mongodb.client.internal.MongoClientDelegate.getConnectedClusterDescription(MongoClientDelegate.java:146)
	at com.mongodb.client.internal.MongoClientDelegate.createClientSession(MongoClientDelegate.java:101)
	at com.mongodb.client.internal.MongoClientDelegate$DelegateOperationExecutor.getClientSession(MongoClientDelegate.java:291)
	at com.mongodb.client.internal.MongoClientDelegate$DelegateOperationExecutor.execute(MongoClientDelegate.java:207)
	at com.mongodb.client.internal.MongoCollectionImpl.executeCreateIndexes(MongoCollectionImpl.java:848)
	at com.mongodb.client.internal.MongoCollectionImpl.createIndexes(MongoCollectionImpl.java:831)
	at com.mongodb.client.internal.MongoCollectionImpl.createIndexes(MongoCollectionImpl.java:826)
	at com.mongodb.client.internal.MongoCollectionImpl.createIndex(MongoCollectionImpl.java:811)
	at org.springframework.data.mongodb.core.DefaultIndexOperations.lambda$ensureIndex$0(DefaultIndexOperations.java:131)
	at org.springframework.data.mongodb.core.MongoTemplate.execute(MongoTemplate.java:579)
	... 138 common frames omitted
26-05-15 16:24:52.182 [main] ERROR o.s.test.context.TestContextManager - Caught exception while allowing TestExecutionListener [org.springframework.test.context.web.ServletTestExecutionListener@1b2c4efb] to prepare test instance [net.engineeringdigest.journalApp.JournalApplicationTests@14c99bf6]
java.lang.IllegalStateException: Failed to load ApplicationContext
	at org.springframework.test.context.cache.DefaultCacheAwareContextLoaderDelegate.loadContext(DefaultCacheAwareContextLoaderDelegate.java:98)
	at org.springframework.test.context.support.DefaultTestContext.getApplicationContext(DefaultTestContext.java:124)
	at org.springframework.test.context.web.ServletTestExecutionListener.setUpRequestContextIfNecessary(ServletTestExecutionListener.java:190)
	at org.springframework.test.context.web.ServletTestExecutionListener.prepareTestInstance(ServletTestExecutionListener.java:132)
	at org.springframework.test.context.TestContextManager.prepareTestInstance(TestContextManager.java:248)
	at org.springframework.test.context.junit.jupiter.SpringExtension.postProcessTestInstance(SpringExtension.java:138)
	at org.junit.jupiter.engine.descriptor.ClassBasedTestDescriptor.lambda$invokeTestInstancePostProcessors$8(ClassBasedTestDescriptor.java:363)
	at org.junit.jupiter.engine.descriptor.ClassBasedTestDescriptor.executeAndMaskThrowable(ClassBasedTestDescriptor.java:368)
	at org.junit.jupiter.engine.descriptor.ClassBasedTestDescriptor.lambda$invokeTestInstancePostProcessors$9(ClassBasedTestDescriptor.java:363)
	at java.base/java.util.stream.ReferencePipeline$3$1.accept(ReferencePipeline.java:195)
	at java.base/java.util.stream.ReferencePipeline$2$1.accept(ReferencePipeline.java:177)
	at java.base/java.util.ArrayList$ArrayListSpliterator.forEachRemaining(ArrayList.java:1655)
	at java.base/java.util.stream.AbstractPipeline.copyInto(AbstractPipeline.java:484)
	at java.base/java.util.stream.AbstractPipeline.wrapAndCopyInto(AbstractPipeline.java:474)
	at java.base/java.util.stream.StreamSpliterators$WrappingSpliterator.forEachRemaining(StreamSpliterators.java:312)
	at java.base/java.util.stream.Streams$ConcatSpliterator.forEachRemaining(Streams.java:735)
	at java.base/java.util.stream.Streams$ConcatSpliterator.forEachRemaining(Streams.java:734)
	at java.base/java.util.stream.ReferencePipeline$Head.forEach(ReferencePipeline.java:658)
	at org.junit.jupiter.engine.descriptor.ClassBasedTestDescriptor.invokeTestInstancePostProcessors(ClassBasedTestDescriptor.java:362)
	at org.junit.jupiter.engine.descriptor.ClassBasedTestDescriptor.lambda$instantiateAndPostProcessTestInstance$6(ClassBasedTestDescriptor.java:283)
	at org.junit.platform.engine.support.hierarchical.ThrowableCollector.execute(ThrowableCollector.java:73)
	at org.junit.jupiter.engine.descriptor.ClassBasedTestDescriptor.instantiateAndPostProcessTestInstance(ClassBasedTestDescriptor.java:282)
	at org.junit.jupiter.engine.descriptor.ClassBasedTestDescriptor.lambda$testInstancesProvider$4(ClassBasedTestDescriptor.java:272)
	at java.base/java.util.Optional.orElseGet(Optional.java:369)
	at org.junit.jupiter.engine.descriptor.ClassBasedTestDescriptor.lambda$testInstancesProvider$5(ClassBasedTestDescriptor.java:271)
	at org.junit.jupiter.engine.execution.TestInstancesProvider.getTestInstances(TestInstancesProvider.java:31)
	at org.junit.jupiter.engine.descriptor.TestMethodTestDescriptor.lambda$prepare$0(TestMethodTestDescriptor.java:102)
	at org.junit.platform.engine.support.hierarchical.ThrowableCollector.execute(ThrowableCollector.java:73)
	at org.junit.jupiter.engine.descriptor.TestMethodTestDescriptor.prepare(TestMethodTestDescriptor.java:101)
	at org.junit.jupiter.engine.descriptor.TestMethodTestDescriptor.prepare(TestMethodTestDescriptor.java:66)
	at org.junit.platform.engine.support.hierarchical.NodeTestTask.lambda$prepare$2(NodeTestTask.java:123)
	at org.junit.platform.engine.support.hierarchical.ThrowableCollector.execute(ThrowableCollector.java:73)
	at org.junit.platform.engine.support.hierarchical.NodeTestTask.prepare(NodeTestTask.java:123)
	at org.junit.platform.engine.support.hierarchical.NodeTestTask.execute(NodeTestTask.java:90)
	at java.base/java.util.ArrayList.forEach(ArrayList.java:1541)
	at org.junit.platform.engine.support.hierarchical.SameThreadHierarchicalTestExecutorService.invokeAll(SameThreadHierarchicalTestExecutorService.java:41)
	at org.junit.platform.engine.support.hierarchical.NodeTestTask.lambda$executeRecursively$6(NodeTestTask.java:155)
	at org.junit.platform.engine.support.hierarchical.ThrowableCollector.execute(ThrowableCollector.java:73)
	at org.junit.platform.engine.support.hierarchical.NodeTestTask.lambda$executeRecursively$8(NodeTestTask.java:141)
	at org.junit.platform.engine.support.hierarchical.Node.around(Node.java:137)
	at org.junit.platform.engine.support.hierarchical.NodeTestTask.lambda$executeRecursively$9(NodeTestTask.java:139)
	at org.junit.platform.engine.support.hierarchical.ThrowableCollector.execute(ThrowableCollector.java:73)
	at org.junit.platform.engine.support.hierarchical.NodeTestTask.executeRecursively(NodeTestTask.java:138)
	at org.junit.platform.engine.support.hierarchical.NodeTestTask.execute(NodeTestTask.java:95)
	at java.base/java.util.ArrayList.forEach(ArrayList.java:1541)
	at org.junit.platform.engine.support.hierarchical.SameThreadHierarchicalTestExecutorService.invokeAll(SameThreadHierarchicalTestExecutorService.java:41)
	at org.junit.platform.engine.support.hierarchical.NodeTestTask.lambda$executeRecursively$6(NodeTestTask.java:155)
	at org.junit.platform.engine.support.hierarchical.ThrowableCollector.execute(ThrowableCollector.java:73)
	at org.junit.platform.engine.support.hierarchical.NodeTestTask.lambda$executeRecursively$8(NodeTestTask.java:141)
	at org.junit.platform.engine.support.hierarchical.Node.around(Node.java:137)
	at org.junit.platform.engine.support.hierarchical.NodeTestTask.lambda$executeRecursively$9(NodeTestTask.java:139)
	at org.junit.platform.engine.support.hierarchical.ThrowableCollector.execute(ThrowableCollector.java:73)
	at org.junit.platform.engine.support.hierarchical.NodeTestTask.executeRecursively(NodeTestTask.java:138)
	at org.junit.platform.engine.support.hierarchical.NodeTestTask.execute(NodeTestTask.java:95)
	at org.junit.platform.engine.support.hierarchical.SameThreadHierarchicalTestExecutorService.submit(SameThreadHierarchicalTestExecutorService.java:35)
	at org.junit.platform.engine.support.hierarchical.HierarchicalTestExecutor.execute(HierarchicalTestExecutor.java:57)
	at org.junit.platform.engine.support.hierarchical.HierarchicalTestEngine.execute(HierarchicalTestEngine.java:54)
	at org.junit.platform.launcher.core.DefaultLauncher.execute(DefaultLauncher.java:220)
	at org.junit.platform.launcher.core.DefaultLauncher.lambda$execute$6(DefaultLauncher.java:188)
	at org.junit.platform.launcher.core.DefaultLauncher.withInterceptedStreams(DefaultLauncher.java:202)
	at org.junit.platform.launcher.core.DefaultLauncher.execute(DefaultLauncher.java:181)
	at org.junit.platform.launcher.core.DefaultLauncher.execute(DefaultLauncher.java:128)
	at org.apache.maven.surefire.junitplatform.JUnitPlatformProvider.invokeAllTests(JUnitPlatformProvider.java:150)
	at org.apache.maven.surefire.junitplatform.JUnitPlatformProvider.invoke(JUnitPlatformProvider.java:124)
	at org.apache.maven.surefire.booter.ForkedBooter.invokeProviderInSameClassLoader(ForkedBooter.java:384)
	at org.apache.maven.surefire.booter.ForkedBooter.runSuitesInProcess(ForkedBooter.java:345)
	at org.apache.maven.surefire.booter.ForkedBooter.execute(ForkedBooter.java:126)
	at org.apache.maven.surefire.booter.ForkedBooter.main(ForkedBooter.java:418)
Caused by: org.springframework.beans.factory.UnsatisfiedDependencyException: Error creating bean with name 'springSecurity': Unsatisfied dependency expressed through field 'userservice'; nested exception is org.springframework.beans.factory.UnsatisfiedDependencyException: Error creating bean with name 'userdetailserviceimpl': Unsatisfied dependency expressed through field 'userRepository'; nested exception is org.springframework.beans.factory.BeanCreationException: Error creating bean with name 'userRepository' defined in net.engineeringdigest.journalApp.repository.UserRepository defined in @EnableMongoRepositories declared on MongoRepositoriesRegistrar.EnableMongoRepositoriesConfiguration: Cannot resolve reference to bean 'mongoTemplate' while setting bean property 'mongoOperations'; nested exception is org.springframework.beans.factory.BeanCreationException: Error creating bean with name 'mongoTemplate' defined in class path resource [org/springframework/boot/autoconfigure/data/mongo/MongoDatabaseFactoryDependentConfiguration.class]: Bean instantiation via factory method failed; nested exception is org.springframework.beans.BeanInstantiationException: Failed to instantiate [org.springframework.data.mongodb.core.MongoTemplate]: Factory method 'mongoTemplate' threw exception; nested exception is org.springframework.dao.DataAccessResourceFailureException: Timed out after 30000 ms while waiting for a server that matches com.mongodb.client.internal.MongoClientDelegate$1@4017fe2c. Client view of cluster state is {type=REPLICA_SET, servers=[{address=ac-ggf694n-shard-00-00.1q4yqcd.mongodb.net:27017, type=UNKNOWN, state=CONNECTING, exception={com.mongodb.MongoSocketWriteException: Exception sending message}, caused by {javax.net.ssl.SSLException: Received fatal alert: internal_error}}, {address=ac-ggf694n-shard-00-02.1q4yqcd.mongodb.net:27017, type=UNKNOWN, state=CONNECTING, exception={com.mongodb.MongoSocketWriteException: Exception sending message}, caused by {javax.net.ssl.SSLException: Received fatal alert: internal_error}}, {address=ac-ggf694n-shard-00-01.1q4yqcd.mongodb.net:27017, type=UNKNOWN, state=CONNECTING, exception={com.mongodb.MongoSocketWriteException: Exception sending message}, caused by {javax.net.ssl.SSLException: Received fatal alert: internal_error}}]; nested exception is com.mongodb.MongoTimeoutException: Timed out after 30000 ms while waiting for a server that matches com.mongodb.client.internal.MongoClientDelegate$1@4017fe2c. Client view of cluster state is {type=REPLICA_SET, servers=[{address=ac-ggf694n-shard-00-00.1q4yqcd.mongodb.net:27017, type=UNKNOWN, state=CONNECTING, exception={com.mongodb.MongoSocketWriteException: Exception sending message}, caused by {javax.net.ssl.SSLException: Received fatal alert: internal_error}}, {address=ac-ggf694n-shard-00-02.1q4yqcd.mongodb.net:27017, type=UNKNOWN, state=CONNECTING, exception={com.mongodb.MongoSocketWriteException: Exception sending message}, caused by {javax.net.ssl.SSLException: Received fatal alert: internal_error}}, {address=ac-ggf694n-shard-00-01.1q4yqcd.mongodb.net:27017, type=UNKNOWN, state=CONNECTING, exception={com.mongodb.MongoSocketWriteException: Exception sending message}, caused by {javax.net.ssl.SSLException: Received fatal alert: internal_error}}]
	at org.springframework.beans.factory.annotation.AutowiredAnnotationBeanPostProcessor$AutowiredFieldElement.resolveFieldValue(AutowiredAnnotationBeanPostProcessor.java:713)
	at org.springframework.beans.factory.annotation.AutowiredAnnotationBeanPostProcessor$AutowiredFieldElement.inject(AutowiredAnnotationBeanPostProcessor.java:693)
	at org.springframework.beans.factory.annotation.InjectionMetadata.inject(InjectionMetadata.java:119)
	at org.springframework.beans.factory.annotation.AutowiredAnnotationBeanPostProcessor.postProcessProperties(AutowiredAnnotationBeanPostProcessor.java:408)
	at org.springframework.beans.factory.support.AbstractAutowireCapableBeanFactory.populateBean(AbstractAutowireCapableBeanFactory.java:1431)
	at org.springframework.beans.factory.support.AbstractAutowireCapableBeanFactory.doCreateBean(AbstractAutowireCapableBeanFactory.java:619)
	at org.springframework.beans.factory.support.AbstractAutowireCapableBeanFactory.createBean(AbstractAutowireCapableBeanFactory.java:542)
	at org.springframework.beans.factory.support.AbstractBeanFactory.lambda$doGetBean$0(AbstractBeanFactory.java:335)
	at org.springframework.beans.factory.support.DefaultSingletonBeanRegistry.getSingleton(DefaultSingletonBeanRegistry.java:234)
	at org.springframework.beans.factory.support.AbstractBeanFactory.doGetBean(AbstractBeanFactory.java:333)
	at org.springframework.beans.factory.support.AbstractBeanFactory.getBean(AbstractBeanFactory.java:208)
	at org.springframework.beans.factory.support.DefaultListableBeanFactory.preInstantiateSingletons(DefaultListableBeanFactory.java:955)
	at org.springframework.context.support.AbstractApplicationContext.finishBeanFactoryInitialization(AbstractApplicationContext.java:921)
	at org.springframework.context.support.AbstractApplicationContext.refresh(AbstractApplicationContext.java:583)
	at org.springframework.boot.SpringApplication.refresh(SpringApplication.java:731)
	at org.springframework.boot.SpringApplication.refreshContext(SpringApplication.java:408)
	at org.springframework.boot.SpringApplication.run(SpringApplication.java:307)
	at org.springframework.boot.test.context.SpringBootContextLoader.loadContext(SpringBootContextLoader.java:136)
	at org.springframework.test.context.cache.DefaultCacheAwareContextLoaderDelegate.loadContextInternal(DefaultCacheAwareContextLoaderDelegate.java:141)
	at org.springframework.test.context.cache.DefaultCacheAwareContextLoaderDelegate.loadContext(DefaultCacheAwareContextLoaderDelegate.java:90)
	... 67 common frames omitted
Caused by: org.springframework.beans.factory.UnsatisfiedDependencyException: Error creating bean with name 'userdetailserviceimpl': Unsatisfied dependency expressed through field 'userRepository'; nested exception is org.springframework.beans.factory.BeanCreationException: Error creating bean with name 'userRepository' defined in net.engineeringdigest.journalApp.repository.UserRepository defined in @EnableMongoRepositories declared on MongoRepositoriesRegistrar.EnableMongoRepositoriesConfiguration: Cannot resolve reference to bean 'mongoTemplate' while setting bean property 'mongoOperations'; nested exception is org.springframework.beans.factory.BeanCreationException: Error creating bean with name 'mongoTemplate' defined in class path resource [org/springframework/boot/autoconfigure/data/mongo/MongoDatabaseFactoryDependentConfiguration.class]: Bean instantiation via factory method failed; nested exception is org.springframework.beans.BeanInstantiationException: Failed to instantiate [org.springframework.data.mongodb.core.MongoTemplate]: Factory method 'mongoTemplate' threw exception; nested exception is org.springframework.dao.DataAccessResourceFailureException: Timed out after 30000 ms while waiting for a server that matches com.mongodb.client.internal.MongoClientDelegate$1@4017fe2c. Client view of cluster state is {type=REPLICA_SET, servers=[{address=ac-ggf694n-shard-00-00.1q4yqcd.mongodb.net:27017, type=UNKNOWN, state=CONNECTING, exception={com.mongodb.MongoSocketWriteException: Exception sending message}, caused by {javax.net.ssl.SSLException: Received fatal alert: internal_error}}, {address=ac-ggf694n-shard-00-02.1q4yqcd.mongodb.net:27017, type=UNKNOWN, state=CONNECTING, exception={com.mongodb.MongoSocketWriteException: Exception sending message}, caused by {javax.net.ssl.SSLException: Received fatal alert: internal_error}}, {address=ac-ggf694n-shard-00-01.1q4yqcd.mongodb.net:27017, type=UNKNOWN, state=CONNECTING, exception={com.mongodb.MongoSocketWriteException: Exception sending message}, caused by {javax.net.ssl.SSLException: Received fatal alert: internal_error}}]; nested exception is com.mongodb.MongoTimeoutException: Timed out after 30000 ms while waiting for a server that matches com.mongodb.client.internal.MongoClientDelegate$1@4017fe2c. Client view of cluster state is {type=REPLICA_SET, servers=[{address=ac-ggf694n-shard-00-00.1q4yqcd.mongodb.net:27017, type=UNKNOWN, state=CONNECTING, exception={com.mongodb.MongoSocketWriteException: Exception sending message}, caused by {javax.net.ssl.SSLException: Received fatal alert: internal_error}}, {address=ac-ggf694n-shard-00-02.1q4yqcd.mongodb.net:27017, type=UNKNOWN, state=CONNECTING, exception={com.mongodb.MongoSocketWriteException: Exception sending message}, caused by {javax.net.ssl.SSLException: Received fatal alert: internal_error}}, {address=ac-ggf694n-shard-00-01.1q4yqcd.mongodb.net:27017, type=UNKNOWN, state=CONNECTING, exception={com.mongodb.MongoSocketWriteException: Exception sending message}, caused by {javax.net.ssl.SSLException: Received fatal alert: internal_error}}]
	at org.springframework.beans.factory.annotation.AutowiredAnnotationBeanPostProcessor$AutowiredFieldElement.resolveFieldValue(AutowiredAnnotationBeanPostProcessor.java:713)
	at org.springframework.beans.factory.annotation.AutowiredAnnotationBeanPostProcessor$AutowiredFieldElement.inject(AutowiredAnnotationBeanPostProcessor.java:693)
	at org.springframework.beans.factory.annotation.InjectionMetadata.inject(InjectionMetadata.java:119)
	at org.springframework.beans.factory.annotation.AutowiredAnnotationBeanPostProcessor.postProcessProperties(AutowiredAnnotationBeanPostProcessor.java:408)
	at org.springframework.beans.factory.support.AbstractAutowireCapableBeanFactory.populateBean(AbstractAutowireCapableBeanFactory.java:1431)
	at org.springframework.beans.factory.support.AbstractAutowireCapableBeanFactory.doCreateBean(AbstractAutowireCapableBeanFactory.java:619)
	at org.springframework.beans.factory.support.AbstractAutowireCapableBeanFactory.createBean(AbstractAutowireCapableBeanFactory.java:542)
	at org.springframework.beans.factory.support.AbstractBeanFactory.lambda$doGetBean$0(AbstractBeanFactory.java:335)
	at org.springframework.beans.factory.support.DefaultSingletonBeanRegistry.getSingleton(DefaultSingletonBeanRegistry.java:234)
	at org.springframework.beans.factory.support.AbstractBeanFactory.doGetBean(AbstractBeanFactory.java:333)
	at org.springframework.beans.factory.support.AbstractBeanFactory.getBean(AbstractBeanFactory.java:208)
	at org.springframework.beans.factory.config.DependencyDescriptor.resolveCandidate(DependencyDescriptor.java:276)
	at org.springframework.beans.factory.support.DefaultListableBeanFactory.doResolveDependency(DefaultListableBeanFactory.java:1391)
	at org.springframework.beans.factory.support.DefaultListableBeanFactory.resolveDependency(DefaultListableBeanFactory.java:1311)
	at org.springframework.beans.factory.annotation.AutowiredAnnotationBeanPostProcessor$AutowiredFieldElement.resolveFieldValue(AutowiredAnnotationBeanPostProcessor.java:710)
	... 86 common frames omitted
Caused by: org.springframework.beans.factory.BeanCreationException: Error creating bean with name 'userRepository' defined in net.engineeringdigest.journalApp.repository.UserRepository defined in @EnableMongoRepositories declared on MongoRepositoriesRegistrar.EnableMongoRepositoriesConfiguration: Cannot resolve reference to bean 'mongoTemplate' while setting bean property 'mongoOperations'; nested exception is org.springframework.beans.factory.BeanCreationException: Error creating bean with name 'mongoTemplate' defined in class path resource [org/springframework/boot/autoconfigure/data/mongo/MongoDatabaseFactoryDependentConfiguration.class]: Bean instantiation via factory method failed; nested exception is org.springframework.beans.BeanInstantiationException: Failed to instantiate [org.springframework.data.mongodb.core.MongoTemplate]: Factory method 'mongoTemplate' threw exception; nested exception is org.springframework.dao.DataAccessResourceFailureException: Timed out after 30000 ms while waiting for a server that matches com.mongodb.client.internal.MongoClientDelegate$1@4017fe2c. Client view of cluster state is {type=REPLICA_SET, servers=[{address=ac-ggf694n-shard-00-00.1q4yqcd.mongodb.net:27017, type=UNKNOWN, state=CONNECTING, exception={com.mongodb.MongoSocketWriteException: Exception sending message}, caused by {javax.net.ssl.SSLException: Received fatal alert: internal_error}}, {address=ac-ggf694n-shard-00-02.1q4yqcd.mongodb.net:27017, type=UNKNOWN, state=CONNECTING, exception={com.mongodb.MongoSocketWriteException: Exception sending message}, caused by {javax.net.ssl.SSLException: Received fatal alert: internal_error}}, {address=ac-ggf694n-shard-00-01.1q4yqcd.mongodb.net:27017, type=UNKNOWN, state=CONNECTING, exception={com.mongodb.MongoSocketWriteException: Exception sending message}, caused by {javax.net.ssl.SSLException: Received fatal alert: internal_error}}]; nested exception is com.mongodb.MongoTimeoutException: Timed out after 30000 ms while waiting for a server that matches com.mongodb.client.internal.MongoClientDelegate$1@4017fe2c. Client view of cluster state is {type=REPLICA_SET, servers=[{address=ac-ggf694n-shard-00-00.1q4yqcd.mongodb.net:27017, type=UNKNOWN, state=CONNECTING, exception={com.mongodb.MongoSocketWriteException: Exception sending message}, caused by {javax.net.ssl.SSLException: Received fatal alert: internal_error}}, {address=ac-ggf694n-shard-00-02.1q4yqcd.mongodb.net:27017, type=UNKNOWN, state=CONNECTING, exception={com.mongodb.MongoSocketWriteException: Exception sending message}, caused by {javax.net.ssl.SSLException: Received fatal alert: internal_error}}, {address=ac-ggf694n-shard-00-01.1q4yqcd.mongodb.net:27017, type=UNKNOWN, state=CONNECTING, exception={com.mongodb.MongoSocketWriteException: Exception sending message}, caused by {javax.net.ssl.SSLException: Received fatal alert: internal_error}}]
	at org.springframework.beans.factory.support.BeanDefinitionValueResolver.resolveReference(BeanDefinitionValueResolver.java:342)
	at org.springframework.beans.factory.support.BeanDefinitionValueResolver.resolveValueIfNecessary(BeanDefinitionValueResolver.java:113)
	at org.springframework.beans.factory.support.AbstractAutowireCapableBeanFactory.applyPropertyValues(AbstractAutowireCapableBeanFactory.java:1707)
	at org.springframework.beans.factory.support.AbstractAutowireCapableBeanFactory.populateBean(AbstractAutowireCapableBeanFactory.java:1452)
	at org.springframework.beans.factory.support.AbstractAutowireCapableBeanFactory.doCreateBean(AbstractAutowireCapableBeanFactory.java:619)
	at org.springframework.beans.factory.support.AbstractAutowireCapableBeanFactory.createBean(AbstractAutowireCapableBeanFactory.java:542)
	at org.springframework.beans.factory.support.AbstractBeanFactory.lambda$doGetBean$0(AbstractBeanFactory.java:335)
	at org.springframework.beans.factory.support.DefaultSingletonBeanRegistry.getSingleton(DefaultSingletonBeanRegistry.java:234)
	at org.springframework.beans.factory.support.AbstractBeanFactory.doGetBean(AbstractBeanFactory.java:333)
	at org.springframework.beans.factory.support.AbstractBeanFactory.getBean(AbstractBeanFactory.java:208)
	at org.springframework.beans.factory.config.DependencyDescriptor.resolveCandidate(DependencyDescriptor.java:276)
	at org.springframework.beans.factory.support.DefaultListableBeanFactory.doResolveDependency(DefaultListableBeanFactory.java:1391)
	at org.springframework.beans.factory.support.DefaultListableBeanFactory.resolveDependency(DefaultListableBeanFactory.java:1311)
	at org.springframework.beans.factory.annotation.AutowiredAnnotationBeanPostProcessor$AutowiredFieldElement.resolveFieldValue(AutowiredAnnotationBeanPostProcessor.java:710)
	... 100 common frames omitted
Caused by: org.springframework.beans.factory.BeanCreationException: Error creating bean with name 'mongoTemplate' defined in class path resource [org/springframework/boot/autoconfigure/data/mongo/MongoDatabaseFactoryDependentConfiguration.class]: Bean instantiation via factory method failed; nested exception is org.springframework.beans.BeanInstantiationException: Failed to instantiate [org.springframework.data.mongodb.core.MongoTemplate]: Factory method 'mongoTemplate' threw exception; nested exception is org.springframework.dao.DataAccessResourceFailureException: Timed out after 30000 ms while waiting for a server that matches com.mongodb.client.internal.MongoClientDelegate$1@4017fe2c. Client view of cluster state is {type=REPLICA_SET, servers=[{address=ac-ggf694n-shard-00-00.1q4yqcd.mongodb.net:27017, type=UNKNOWN, state=CONNECTING, exception={com.mongodb.MongoSocketWriteException: Exception sending message}, caused by {javax.net.ssl.SSLException: Received fatal alert: internal_error}}, {address=ac-ggf694n-shard-00-02.1q4yqcd.mongodb.net:27017, type=UNKNOWN, state=CONNECTING, exception={com.mongodb.MongoSocketWriteException: Exception sending message}, caused by {javax.net.ssl.SSLException: Received fatal alert: internal_error}}, {address=ac-ggf694n-shard-00-01.1q4yqcd.mongodb.net:27017, type=UNKNOWN, state=CONNECTING, exception={com.mongodb.MongoSocketWriteException: Exception sending message}, caused by {javax.net.ssl.SSLException: Received fatal alert: internal_error}}]; nested exception is com.mongodb.MongoTimeoutException: Timed out after 30000 ms while waiting for a server that matches com.mongodb.client.internal.MongoClientDelegate$1@4017fe2c. Client view of cluster state is {type=REPLICA_SET, servers=[{address=ac-ggf694n-shard-00-00.1q4yqcd.mongodb.net:27017, type=UNKNOWN, state=CONNECTING, exception={com.mongodb.MongoSocketWriteException: Exception sending message}, caused by {javax.net.ssl.SSLException: Received fatal alert: internal_error}}, {address=ac-ggf694n-shard-00-02.1q4yqcd.mongodb.net:27017, type=UNKNOWN, state=CONNECTING, exception={com.mongodb.MongoSocketWriteException: Exception sending message}, caused by {javax.net.ssl.SSLException: Received fatal alert: internal_error}}, {address=ac-ggf694n-shard-00-01.1q4yqcd.mongodb.net:27017, type=UNKNOWN, state=CONNECTING, exception={com.mongodb.MongoSocketWriteException: Exception sending message}, caused by {javax.net.ssl.SSLException: Received fatal alert: internal_error}}]
	at org.springframework.beans.factory.support.ConstructorResolver.instantiate(ConstructorResolver.java:653)
	at org.springframework.beans.factory.support.ConstructorResolver.instantiateUsingFactoryMethod(ConstructorResolver.java:633)
	at org.springframework.beans.factory.support.AbstractAutowireCapableBeanFactory.instantiateUsingFactoryMethod(AbstractAutowireCapableBeanFactory.java:1352)
	at org.springframework.beans.factory.support.AbstractAutowireCapableBeanFactory.createBeanInstance(AbstractAutowireCapableBeanFactory.java:1195)
	at org.springframework.beans.factory.support.AbstractAutowireCapableBeanFactory.doCreateBean(AbstractAutowireCapableBeanFactory.java:582)
	at org.springframework.beans.factory.support.AbstractAutowireCapableBeanFactory.createBean(AbstractAutowireCapableBeanFactory.java:542)
	at org.springframework.beans.factory.support.AbstractBeanFactory.lambda$doGetBean$0(AbstractBeanFactory.java:335)
	at org.springframework.beans.factory.support.DefaultSingletonBeanRegistry.getSingleton(DefaultSingletonBeanRegistry.java:234)
	at org.springframework.beans.factory.support.AbstractBeanFactory.doGetBean(AbstractBeanFactory.java:333)
	at org.springframework.beans.factory.support.AbstractBeanFactory.getBean(AbstractBeanFactory.java:208)
	at org.springframework.beans.factory.support.BeanDefinitionValueResolver.resolveReference(BeanDefinitionValueResolver.java:330)
	... 113 common frames omitted
Caused by: org.springframework.beans.BeanInstantiationException: Failed to instantiate [org.springframework.data.mongodb.core.MongoTemplate]: Factory method 'mongoTemplate' threw exception; nested exception is org.springframework.dao.DataAccessResourceFailureException: Timed out after 30000 ms while waiting for a server that matches com.mongodb.client.internal.MongoClientDelegate$1@4017fe2c. Client view of cluster state is {type=REPLICA_SET, servers=[{address=ac-ggf694n-shard-00-00.1q4yqcd.mongodb.net:27017, type=UNKNOWN, state=CONNECTING, exception={com.mongodb.MongoSocketWriteException: Exception sending message}, caused by {javax.net.ssl.SSLException: Received fatal alert: internal_error}}, {address=ac-ggf694n-shard-00-02.1q4yqcd.mongodb.net:27017, type=UNKNOWN, state=CONNECTING, exception={com.mongodb.MongoSocketWriteException: Exception sending message}, caused by {javax.net.ssl.SSLException: Received fatal alert: internal_error}}, {address=ac-ggf694n-shard-00-01.1q4yqcd.mongodb.net:27017, type=UNKNOWN, state=CONNECTING, exception={com.mongodb.MongoSocketWriteException: Exception sending message}, caused by {javax.net.ssl.SSLException: Received fatal alert: internal_error}}]; nested exception is com.mongodb.MongoTimeoutException: Timed out after 30000 ms while waiting for a server that matches com.mongodb.client.internal.MongoClientDelegate$1@4017fe2c. Client view of cluster state is {type=REPLICA_SET, servers=[{address=ac-ggf694n-shard-00-00.1q4yqcd.mongodb.net:27017, type=UNKNOWN, state=CONNECTING, exception={com.mongodb.MongoSocketWriteException: Exception sending message}, caused by {javax.net.ssl.SSLException: Received fatal alert: internal_error}}, {address=ac-ggf694n-shard-00-02.1q4yqcd.mongodb.net:27017, type=UNKNOWN, state=CONNECTING, exception={com.mongodb.MongoSocketWriteException: Exception sending message}, caused by {javax.net.ssl.SSLException: Received fatal alert: internal_error}}, {address=ac-ggf694n-shard-00-01.1q4yqcd.mongodb.net:27017, type=UNKNOWN, state=CONNECTING, exception={com.mongodb.MongoSocketWriteException: Exception sending message}, caused by {javax.net.ssl.SSLException: Received fatal alert: internal_error}}]
	at org.springframework.beans.factory.support.SimpleInstantiationStrategy.instantiate(SimpleInstantiationStrategy.java:185)
	at org.springframework.beans.factory.support.ConstructorResolver.instantiate(ConstructorResolver.java:648)
	... 123 common frames omitted
Caused by: org.springframework.dao.DataAccessResourceFailureException: Timed out after 30000 ms while waiting for a server that matches com.mongodb.client.internal.MongoClientDelegate$1@4017fe2c. Client view of cluster state is {type=REPLICA_SET, servers=[{address=ac-ggf694n-shard-00-00.1q4yqcd.mongodb.net:27017, type=UNKNOWN, state=CONNECTING, exception={com.mongodb.MongoSocketWriteException: Exception sending message}, caused by {javax.net.ssl.SSLException: Received fatal alert: internal_error}}, {address=ac-ggf694n-shard-00-02.1q4yqcd.mongodb.net:27017, type=UNKNOWN, state=CONNECTING, exception={com.mongodb.MongoSocketWriteException: Exception sending message}, caused by {javax.net.ssl.SSLException: Received fatal alert: internal_error}}, {address=ac-ggf694n-shard-00-01.1q4yqcd.mongodb.net:27017, type=UNKNOWN, state=CONNECTING, exception={com.mongodb.MongoSocketWriteException: Exception sending message}, caused by {javax.net.ssl.SSLException: Received fatal alert: internal_error}}]; nested exception is com.mongodb.MongoTimeoutException: Timed out after 30000 ms while waiting for a server that matches com.mongodb.client.internal.MongoClientDelegate$1@4017fe2c. Client view of cluster state is {type=REPLICA_SET, servers=[{address=ac-ggf694n-shard-00-00.1q4yqcd.mongodb.net:27017, type=UNKNOWN, state=CONNECTING, exception={com.mongodb.MongoSocketWriteException: Exception sending message}, caused by {javax.net.ssl.SSLException: Received fatal alert: internal_error}}, {address=ac-ggf694n-shard-00-02.1q4yqcd.mongodb.net:27017, type=UNKNOWN, state=CONNECTING, exception={com.mongodb.MongoSocketWriteException: Exception sending message}, caused by {javax.net.ssl.SSLException: Received fatal alert: internal_error}}, {address=ac-ggf694n-shard-00-01.1q4yqcd.mongodb.net:27017, type=UNKNOWN, state=CONNECTING, exception={com.mongodb.MongoSocketWriteException: Exception sending message}, caused by {javax.net.ssl.SSLException: Received fatal alert: internal_error}}]
	at org.springframework.data.mongodb.core.MongoExceptionTranslator.translateExceptionIfPossible(MongoExceptionTranslator.java:95)
	at org.springframework.data.mongodb.core.MongoTemplate.potentiallyConvertRuntimeException(MongoTemplate.java:3029)
	at org.springframework.data.mongodb.core.MongoTemplate.execute(MongoTemplate.java:581)
	at org.springframework.data.mongodb.core.DefaultIndexOperations.execute(DefaultIndexOperations.java:215)
	at org.springframework.data.mongodb.core.DefaultIndexOperations.ensureIndex(DefaultIndexOperations.java:121)
	at org.springframework.data.mongodb.core.index.MongoPersistentEntityIndexCreator.createIndex(MongoPersistentEntityIndexCreator.java:157)
	at org.springframework.data.mongodb.core.index.MongoPersistentEntityIndexCreator.checkForAndCreateIndexes(MongoPersistentEntityIndexCreator.java:147)
	at org.springframework.data.mongodb.core.index.MongoPersistentEntityIndexCreator.checkForIndexes(MongoPersistentEntityIndexCreator.java:131)
	at org.springframework.data.mongodb.core.index.MongoPersistentEntityIndexCreator.<init>(MongoPersistentEntityIndexCreator.java:96)
	at org.springframework.data.mongodb.core.index.MongoPersistentEntityIndexCreator.<init>(MongoPersistentEntityIndexCreator.java:73)
	at org.springframework.data.mongodb.core.MongoTemplate.<init>(MongoTemplate.java:224)
	at org.springframework.boot.autoconfigure.data.mongo.MongoDatabaseFactoryDependentConfiguration.mongoTemplate(MongoDatabaseFactoryDependentConfiguration.java:63)
	at java.base/jdk.internal.reflect.NativeMethodAccessorImpl.invoke0(Native Method)
	at java.base/jdk.internal.reflect.NativeMethodAccessorImpl.invoke(NativeMethodAccessorImpl.java:62)
	at java.base/jdk.internal.reflect.DelegatingMethodAccessorImpl.invoke(DelegatingMethodAccessorImpl.java:43)
	at java.base/java.lang.reflect.Method.invoke(Method.java:566)
	at org.springframework.beans.factory.support.SimpleInstantiationStrategy.instantiate(SimpleInstantiationStrategy.java:154)
	... 124 common frames omitted
Caused by: com.mongodb.MongoTimeoutException: Timed out after 30000 ms while waiting for a server that matches com.mongodb.client.internal.MongoClientDelegate$1@4017fe2c. Client view of cluster state is {type=REPLICA_SET, servers=[{address=ac-ggf694n-shard-00-00.1q4yqcd.mongodb.net:27017, type=UNKNOWN, state=CONNECTING, exception={com.mongodb.MongoSocketWriteException: Exception sending message}, caused by {javax.net.ssl.SSLException: Received fatal alert: internal_error}}, {address=ac-ggf694n-shard-00-02.1q4yqcd.mongodb.net:27017, type=UNKNOWN, state=CONNECTING, exception={com.mongodb.MongoSocketWriteException: Exception sending message}, caused by {javax.net.ssl.SSLException: Received fatal alert: internal_error}}, {address=ac-ggf694n-shard-00-01.1q4yqcd.mongodb.net:27017, type=UNKNOWN, state=CONNECTING, exception={com.mongodb.MongoSocketWriteException: Exception sending message}, caused by {javax.net.ssl.SSLException: Received fatal alert: internal_error}}]
	at com.mongodb.internal.connection.BaseCluster.createTimeoutException(BaseCluster.java:424)
	at com.mongodb.internal.connection.BaseCluster.selectServer(BaseCluster.java:121)
	at com.mongodb.internal.connection.AbstractMultiServerCluster.selectServer(AbstractMultiServerCluster.java:50)
	at com.mongodb.client.internal.MongoClientDelegate.getConnectedClusterDescription(MongoClientDelegate.java:146)
	at com.mongodb.client.internal.MongoClientDelegate.createClientSession(MongoClientDelegate.java:101)
	at com.mongodb.client.internal.MongoClientDelegate$DelegateOperationExecutor.getClientSession(MongoClientDelegate.java:291)
	at com.mongodb.client.internal.MongoClientDelegate$DelegateOperationExecutor.execute(MongoClientDelegate.java:207)
	at com.mongodb.client.internal.MongoCollectionImpl.executeCreateIndexes(MongoCollectionImpl.java:848)
	at com.mongodb.client.internal.MongoCollectionImpl.createIndexes(MongoCollectionImpl.java:831)
	at com.mongodb.client.internal.MongoCollectionImpl.createIndexes(MongoCollectionImpl.java:826)
	at com.mongodb.client.internal.MongoCollectionImpl.createIndex(MongoCollectionImpl.java:811)
	at org.springframework.data.mongodb.core.DefaultIndexOperations.lambda$ensureIndex$0(DefaultIndexOperations.java:131)
	at org.springframework.data.mongodb.core.MongoTemplate.execute(MongoTemplate.java:579)
	... 138 common frames omitted
26-05-15 16:24:53.601 [main] INFO  o.s.b.t.c.SpringBootTestContextBootstrapper - Neither @ContextConfiguration nor @ContextHierarchy found for test class [net.engineeringdigest.journalApp.service.UserServiceTests], using SpringBootContextLoader
26-05-15 16:24:53.602 [main] INFO  o.s.t.c.s.AbstractContextLoader - Could not detect default resource locations for test class [net.engineeringdigest.journalApp.service.UserServiceTests]: no resource found for suffixes {-context.xml, Context.groovy}.
26-05-15 16:24:53.604 [main] INFO  o.s.t.c.s.AnnotationConfigContextLoaderUtils - Could not detect default configuration classes for test class [net.engineeringdigest.journalApp.service.UserServiceTests]: UserServiceTests does not declare any static, non-private, non-final, nested classes annotated with @Configuration.
26-05-15 16:24:53.632 [main] INFO  o.s.b.t.c.SpringBootTestContextBootstrapper - Found @SpringBootConfiguration net.engineeringdigest.journalApp.JournalApplication for test class net.engineeringdigest.journalApp.service.UserServiceTests
26-05-15 16:24:53.637 [main] INFO  o.s.b.t.c.SpringBootTestContextBootstrapper - Loaded default TestExecutionListener class names from location [META-INF/spring.factories]: [org.springframework.boot.test.mock.mockito.MockitoTestExecutionListener, org.springframework.boot.test.mock.mockito.ResetMocksTestExecutionListener, org.springframework.boot.test.autoconfigure.restdocs.RestDocsTestExecutionListener, org.springframework.boot.test.autoconfigure.web.client.MockRestServiceServerResetTestExecutionListener, org.springframework.boot.test.autoconfigure.web.servlet.MockMvcPrintOnlyOnFailureTestExecutionListener, org.springframework.boot.test.autoconfigure.web.servlet.WebDriverTestExecutionListener, org.springframework.boot.test.autoconfigure.webservices.client.MockWebServiceServerTestExecutionListener, org.springframework.test.context.web.ServletTestExecutionListener, org.springframework.test.context.support.DirtiesContextBeforeModesTestExecutionListener, org.springframework.test.context.event.ApplicationEventsTestExecutionListener, org.springframework.test.context.support.DependencyInjectionTestExecutionListener, org.springframework.test.context.support.DirtiesContextTestExecutionListener, org.springframework.test.context.transaction.TransactionalTestExecutionListener, org.springframework.test.context.jdbc.SqlScriptsTestExecutionListener, org.springframework.test.context.event.EventPublishingTestExecutionListener]
26-05-15 16:24:53.638 [main] INFO  o.s.b.t.c.SpringBootTestContextBootstrapper - Using TestExecutionListeners: [org.springframework.test.context.web.ServletTestExecutionListener@df7d1d4, org.springframework.test.context.support.DirtiesContextBeforeModesTestExecutionListener@58f7215c, org.springframework.test.context.event.ApplicationEventsTestExecutionListener@55638165, org.springframework.boot.test.mock.mockito.MockitoTestExecutionListener@4fa91d5b, org.springframework.boot.test.autoconfigure.SpringBootDependencyInjectionTestExecutionListener@7ce30c0b, org.springframework.test.context.support.DirtiesContextTestExecutionListener@1d7f2f0a, org.springframework.test.context.transaction.TransactionalTestExecutionListener@54defd69, org.springframework.test.context.jdbc.SqlScriptsTestExecutionListener@531a716c, org.springframework.test.context.event.EventPublishingTestExecutionListener@377dbc50, org.springframework.boot.test.mock.mockito.ResetMocksTestExecutionListener@531ec2ca, org.springframework.boot.test.autoconfigure.restdocs.RestDocsTestExecutionListener@70884875, org.springframework.boot.test.autoconfigure.web.client.MockRestServiceServerResetTestExecutionListener@7019d619, org.springframework.boot.test.autoconfigure.web.servlet.MockMvcPrintOnlyOnFailureTestExecutionListener@2a5c6b76, org.springframework.boot.test.autoconfigure.web.servlet.WebDriverTestExecutionListener@ff1f465, org.springframework.boot.test.autoconfigure.webservices.client.MockWebServiceServerTestExecutionListener@3d88ce0e]
26-05-15 16:24:53.789 [main] INFO  n.e.j.service.UserServiceTests - Starting UserServiceTests using Java 11.0.31 on LAPTOP-4IL5G33D with PID 40152 (started by SIDDHU in C:\Users\SIDDHU\OneDrive\Desktop\journalapp\journalApp)
26-05-15 16:24:53.789 [main] INFO  n.e.j.service.UserServiceTests - The following 1 profile is active: "dev"
26-05-15 16:24:54.405 [main] INFO  o.s.d.r.c.RepositoryConfigurationDelegate - Bootstrapping Spring Data MongoDB repositories in DEFAULT mode.
26-05-15 16:24:54.441 [main] INFO  o.s.d.r.c.RepositoryConfigurationDelegate - Finished Spring Data repository scanning in 36 ms. Found 2 MongoDB repository interfaces.
26-05-15 16:24:54.942 [main] INFO  org.mongodb.driver.client - MongoClient with metadata {"driver": {"name": "mongo-java-driver|sync|spring-boot", "version": "4.6.1"}, "os": {"type": "Windows", "name": "Windows 11", "architecture": "amd64", "version": "10.0"}, "platform": "Java/Microsoft/11.0.31+11-LTS", "application": {"name": "Cluster0"}} created with settings MongoClientSettings{readPreference=primary, writeConcern=WriteConcern{w=null, wTimeout=null ms, journal=null}, retryWrites=true, retryReads=true, readConcern=ReadConcern{level=null}, credential=MongoCredential{mechanism=null, userName='banusiddharth35_db_user', source='admin', password=<hidden>, mechanismProperties=<hidden>}, streamFactoryFactory=null, commandListeners=[], codecRegistry=ProvidersCodecRegistry{codecProviders=[ValueCodecProvider{}, BsonValueCodecProvider{}, DBRefCodecProvider{}, DBObjectCodecProvider{}, DocumentCodecProvider{}, IterableCodecProvider{}, MapCodecProvider{}, GeoJsonCodecProvider{}, GridFSFileCodecProvider{}, Jsr310CodecProvider{}, JsonObjectCodecProvider{}, BsonCodecProvider{}, EnumCodecProvider{}, com.mongodb.Jep395RecordCodecProvider@270d43a7]}, clusterSettings={hosts=[127.0.0.1:27017], srvHost=cluster0.1q4yqcd.mongodb.net, srvServiceName=mongodb, mode=MULTIPLE, requiredClusterType=REPLICA_SET, requiredReplicaSetName='atlas-mizxxc-shard-0', serverSelector='null', clusterListeners='[]', serverSelectionTimeout='30000 ms', localThreshold='30000 ms'}, socketSettings=SocketSettings{connectTimeoutMS=10000, readTimeoutMS=0, receiveBufferSize=0, sendBufferSize=0}, heartbeatSocketSettings=SocketSettings{connectTimeoutMS=10000, readTimeoutMS=10000, receiveBufferSize=0, sendBufferSize=0}, connectionPoolSettings=ConnectionPoolSettings{maxSize=100, minSize=0, maxWaitTimeMS=120000, maxConnectionLifeTimeMS=0, maxConnectionIdleTimeMS=0, maintenanceInitialDelayMS=0, maintenanceFrequencyMS=60000, connectionPoolListeners=[], maxConnecting=2}, serverSettings=ServerSettings{heartbeatFrequencyMS=10000, minHeartbeatFrequencyMS=500, serverListeners='[]', serverMonitorListeners='[]'}, sslSettings=SslSettings{enabled=true, invalidHostNameAllowed=false, context=null}, applicationName='Cluster0', compressorList=[], uuidRepresentation=JAVA_LEGACY, serverApi=null, autoEncryptionSettings=null, contextProvider=null}
26-05-15 16:24:54.973 [cluster-ClusterId{value='6a06fb7e94378772047b7930', description='null'}-srv-cluster0.1q4yqcd.mongodb.net] INFO  org.mongodb.driver.cluster - Adding discovered server ac-ggf694n-shard-00-01.1q4yqcd.mongodb.net:27017 to client view of cluster
26-05-15 16:24:54.982 [cluster-ClusterId{value='6a06fb7e94378772047b7930', description='null'}-srv-cluster0.1q4yqcd.mongodb.net] INFO  org.mongodb.driver.cluster - Adding discovered server ac-ggf694n-shard-00-00.1q4yqcd.mongodb.net:27017 to client view of cluster
26-05-15 16:24:54.983 [cluster-ClusterId{value='6a06fb7e94378772047b7930', description='null'}-srv-cluster0.1q4yqcd.mongodb.net] INFO  org.mongodb.driver.cluster - Adding discovered server ac-ggf694n-shard-00-02.1q4yqcd.mongodb.net:27017 to client view of cluster
26-05-15 16:24:55.073 [cluster-ClusterId{value='6a06fb7e94378772047b7930', description='null'}-ac-ggf694n-shard-00-00.1q4yqcd.mongodb.net:27017] INFO  org.mongodb.driver.cluster - Exception in monitor thread while connecting to server ac-ggf694n-shard-00-00.1q4yqcd.mongodb.net:27017
com.mongodb.MongoSocketWriteException: Exception sending message
	at com.mongodb.internal.connection.InternalStreamConnection.translateWriteException(InternalStreamConnection.java:684)
	at com.mongodb.internal.connection.InternalStreamConnection.sendMessage(InternalStreamConnection.java:555)
	at com.mongodb.internal.connection.InternalStreamConnection.sendCommandMessage(InternalStreamConnection.java:381)
	at com.mongodb.internal.connection.InternalStreamConnection.sendAndReceive(InternalStreamConnection.java:329)
	at com.mongodb.internal.connection.CommandHelper.sendAndReceive(CommandHelper.java:101)
	at com.mongodb.internal.connection.CommandHelper.executeCommand(CommandHelper.java:45)
	at com.mongodb.internal.connection.InternalStreamConnectionInitializer.initializeConnectionDescription(InternalStreamConnectionInitializer.java:131)
	at com.mongodb.internal.connection.InternalStreamConnectionInitializer.startHandshake(InternalStreamConnectionInitializer.java:73)
	at com.mongodb.internal.connection.InternalStreamConnection.open(InternalStreamConnection.java:182)
	at com.mongodb.internal.connection.DefaultServerMonitor$ServerMonitorRunnable.lookupServerDescription(DefaultServerMonitor.java:193)
	at com.mongodb.internal.connection.DefaultServerMonitor$ServerMonitorRunnable.run(DefaultServerMonitor.java:157)
	at java.base/java.lang.Thread.run(Thread.java:829)
Caused by: javax.net.ssl.SSLException: Received fatal alert: internal_error
	at java.base/sun.security.ssl.Alert.createSSLException(Alert.java:133)
	at java.base/sun.security.ssl.Alert.createSSLException(Alert.java:117)
	at java.base/sun.security.ssl.TransportContext.fatal(TransportContext.java:353)
	at java.base/sun.security.ssl.Alert$AlertConsumer.consume(Alert.java:293)
	at java.base/sun.security.ssl.TransportContext.dispatch(TransportContext.java:192)
	at java.base/sun.security.ssl.SSLTransport.decode(SSLTransport.java:172)
	at java.base/sun.security.ssl.SSLSocketImpl.decode(SSLSocketImpl.java:1511)
	at java.base/sun.security.ssl.SSLSocketImpl.readHandshakeRecord(SSLSocketImpl.java:1421)
	at java.base/sun.security.ssl.SSLSocketImpl.startHandshake(SSLSocketImpl.java:456)
	at java.base/sun.security.ssl.SSLSocketImpl.ensureNegotiated(SSLSocketImpl.java:926)
	at java.base/sun.security.ssl.SSLSocketImpl$AppOutputStream.write(SSLSocketImpl.java:1296)
	at com.mongodb.internal.connection.SocketStream.write(SocketStream.java:99)
	at com.mongodb.internal.connection.InternalStreamConnection.sendMessage(InternalStreamConnection.java:552)
	... 10 common frames omitted
26-05-15 16:24:55.073 [cluster-ClusterId{value='6a06fb7e94378772047b7930', description='null'}-ac-ggf694n-shard-00-01.1q4yqcd.mongodb.net:27017] INFO  org.mongodb.driver.cluster - Exception in monitor thread while connecting to server ac-ggf694n-shard-00-01.1q4yqcd.mongodb.net:27017
com.mongodb.MongoSocketWriteException: Exception sending message
	at com.mongodb.internal.connection.InternalStreamConnection.translateWriteException(InternalStreamConnection.java:684)
	at com.mongodb.internal.connection.InternalStreamConnection.sendMessage(InternalStreamConnection.java:555)
	at com.mongodb.internal.connection.InternalStreamConnection.sendCommandMessage(InternalStreamConnection.java:381)
	at com.mongodb.internal.connection.InternalStreamConnection.sendAndReceive(InternalStreamConnection.java:329)
	at com.mongodb.internal.connection.CommandHelper.sendAndReceive(CommandHelper.java:101)
	at com.mongodb.internal.connection.CommandHelper.executeCommand(CommandHelper.java:45)
	at com.mongodb.internal.connection.InternalStreamConnectionInitializer.initializeConnectionDescription(InternalStreamConnectionInitializer.java:131)
	at com.mongodb.internal.connection.InternalStreamConnectionInitializer.startHandshake(InternalStreamConnectionInitializer.java:73)
	at com.mongodb.internal.connection.InternalStreamConnection.open(InternalStreamConnection.java:182)
	at com.mongodb.internal.connection.DefaultServerMonitor$ServerMonitorRunnable.lookupServerDescription(DefaultServerMonitor.java:193)
	at com.mongodb.internal.connection.DefaultServerMonitor$ServerMonitorRunnable.run(DefaultServerMonitor.java:157)
	at java.base/java.lang.Thread.run(Thread.java:829)
Caused by: javax.net.ssl.SSLException: Received fatal alert: internal_error
	at java.base/sun.security.ssl.Alert.createSSLException(Alert.java:133)
	at java.base/sun.security.ssl.Alert.createSSLException(Alert.java:117)
	at java.base/sun.security.ssl.TransportContext.fatal(TransportContext.java:353)
	at java.base/sun.security.ssl.Alert$AlertConsumer.consume(Alert.java:293)
	at java.base/sun.security.ssl.TransportContext.dispatch(TransportContext.java:192)
	at java.base/sun.security.ssl.SSLTransport.decode(SSLTransport.java:172)
	at java.base/sun.security.ssl.SSLSocketImpl.decode(SSLSocketImpl.java:1511)
	at java.base/sun.security.ssl.SSLSocketImpl.readHandshakeRecord(SSLSocketImpl.java:1421)
	at java.base/sun.security.ssl.SSLSocketImpl.startHandshake(SSLSocketImpl.java:456)
	at java.base/sun.security.ssl.SSLSocketImpl.ensureNegotiated(SSLSocketImpl.java:926)
	at java.base/sun.security.ssl.SSLSocketImpl$AppOutputStream.write(SSLSocketImpl.java:1296)
	at com.mongodb.internal.connection.SocketStream.write(SocketStream.java:99)
	at com.mongodb.internal.connection.InternalStreamConnection.sendMessage(InternalStreamConnection.java:552)
	... 10 common frames omitted
26-05-15 16:24:55.073 [cluster-ClusterId{value='6a06fb7e94378772047b7930', description='null'}-ac-ggf694n-shard-00-02.1q4yqcd.mongodb.net:27017] INFO  org.mongodb.driver.cluster - Exception in monitor thread while connecting to server ac-ggf694n-shard-00-02.1q4yqcd.mongodb.net:27017
com.mongodb.MongoSocketWriteException: Exception sending message
	at com.mongodb.internal.connection.InternalStreamConnection.translateWriteException(InternalStreamConnection.java:684)
	at com.mongodb.internal.connection.InternalStreamConnection.sendMessage(InternalStreamConnection.java:555)
	at com.mongodb.internal.connection.InternalStreamConnection.sendCommandMessage(InternalStreamConnection.java:381)
	at com.mongodb.internal.connection.InternalStreamConnection.sendAndReceive(InternalStreamConnection.java:329)
	at com.mongodb.internal.connection.CommandHelper.sendAndReceive(CommandHelper.java:101)
	at com.mongodb.internal.connection.CommandHelper.executeCommand(CommandHelper.java:45)
	at com.mongodb.internal.connection.InternalStreamConnectionInitializer.initializeConnectionDescription(InternalStreamConnectionInitializer.java:131)
	at com.mongodb.internal.connection.InternalStreamConnectionInitializer.startHandshake(InternalStreamConnectionInitializer.java:73)
	at com.mongodb.internal.connection.InternalStreamConnection.open(InternalStreamConnection.java:182)
	at com.mongodb.internal.connection.DefaultServerMonitor$ServerMonitorRunnable.lookupServerDescription(DefaultServerMonitor.java:193)
	at com.mongodb.internal.connection.DefaultServerMonitor$ServerMonitorRunnable.run(DefaultServerMonitor.java:157)
	at java.base/java.lang.Thread.run(Thread.java:829)
Caused by: javax.net.ssl.SSLException: Received fatal alert: internal_error
	at java.base/sun.security.ssl.Alert.createSSLException(Alert.java:133)
	at java.base/sun.security.ssl.Alert.createSSLException(Alert.java:117)
	at java.base/sun.security.ssl.TransportContext.fatal(TransportContext.java:353)
	at java.base/sun.security.ssl.Alert$AlertConsumer.consume(Alert.java:293)
	at java.base/sun.security.ssl.TransportContext.dispatch(TransportContext.java:192)
	at java.base/sun.security.ssl.SSLTransport.decode(SSLTransport.java:172)
	at java.base/sun.security.ssl.SSLSocketImpl.decode(SSLSocketImpl.java:1511)
	at java.base/sun.security.ssl.SSLSocketImpl.readHandshakeRecord(SSLSocketImpl.java:1421)
	at java.base/sun.security.ssl.SSLSocketImpl.startHandshake(SSLSocketImpl.java:456)
	at java.base/sun.security.ssl.SSLSocketImpl.ensureNegotiated(SSLSocketImpl.java:926)
	at java.base/sun.security.ssl.SSLSocketImpl$AppOutputStream.write(SSLSocketImpl.java:1296)
	at com.mongodb.internal.connection.SocketStream.write(SocketStream.java:99)
	at com.mongodb.internal.connection.InternalStreamConnection.sendMessage(InternalStreamConnection.java:552)
	... 10 common frames omitted
26-05-15 16:24:55.214 [main] INFO  org.mongodb.driver.cluster - No server chosen by com.mongodb.client.internal.MongoClientDelegate$1@2804b13f from cluster description ClusterDescription{type=REPLICA_SET, connectionMode=MULTIPLE, serverDescriptions=[ServerDescription{address=ac-ggf694n-shard-00-00.1q4yqcd.mongodb.net:27017, type=UNKNOWN, state=CONNECTING, exception={com.mongodb.MongoSocketWriteException: Exception sending message}, caused by {javax.net.ssl.SSLException: Received fatal alert: internal_error}}, ServerDescription{address=ac-ggf694n-shard-00-02.1q4yqcd.mongodb.net:27017, type=UNKNOWN, state=CONNECTING, exception={com.mongodb.MongoSocketWriteException: Exception sending message}, caused by {javax.net.ssl.SSLException: Received fatal alert: internal_error}}, ServerDescription{address=ac-ggf694n-shard-00-01.1q4yqcd.mongodb.net:27017, type=UNKNOWN, state=CONNECTING, exception={com.mongodb.MongoSocketWriteException: Exception sending message}, caused by {javax.net.ssl.SSLException: Received fatal alert: internal_error}}]}. Waiting for 30000 ms before timing out
26-05-15 16:25:25.218 [main] WARN  o.s.w.c.s.GenericWebApplicationContext - Exception encountered during context initialization - cancelling refresh attempt: org.springframework.beans.factory.UnsatisfiedDependencyException: Error creating bean with name 'springSecurity': Unsatisfied dependency expressed through field 'userservice'; nested exception is org.springframework.beans.factory.UnsatisfiedDependencyException: Error creating bean with name 'userdetailserviceimpl': Unsatisfied dependency expressed through field 'userRepository'; nested exception is org.springframework.beans.factory.BeanCreationException: Error creating bean with name 'userRepository' defined in net.engineeringdigest.journalApp.repository.UserRepository defined in @EnableMongoRepositories declared on MongoRepositoriesRegistrar.EnableMongoRepositoriesConfiguration: Cannot resolve reference to bean 'mongoTemplate' while setting bean property 'mongoOperations'; nested exception is org.springframework.beans.factory.BeanCreationException: Error creating bean with name 'mongoTemplate' defined in class path resource [org/springframework/boot/autoconfigure/data/mongo/MongoDatabaseFactoryDependentConfiguration.class]: Bean instantiation via factory method failed; nested exception is org.springframework.beans.BeanInstantiationException: Failed to instantiate [org.springframework.data.mongodb.core.MongoTemplate]: Factory method 'mongoTemplate' threw exception; nested exception is org.springframework.dao.DataAccessResourceFailureException: Timed out after 30000 ms while waiting for a server that matches com.mongodb.client.internal.MongoClientDelegate$1@2804b13f. Client view of cluster state is {type=REPLICA_SET, servers=[{address=ac-ggf694n-shard-00-00.1q4yqcd.mongodb.net:27017, type=UNKNOWN, state=CONNECTING, exception={com.mongodb.MongoSocketWriteException: Exception sending message}, caused by {javax.net.ssl.SSLException: Received fatal alert: internal_error}}, {address=ac-ggf694n-shard-00-02.1q4yqcd.mongodb.net:27017, type=UNKNOWN, state=CONNECTING, exception={com.mongodb.MongoSocketWriteException: Exception sending message}, caused by {javax.net.ssl.SSLException: Received fatal alert: internal_error}}, {address=ac-ggf694n-shard-00-01.1q4yqcd.mongodb.net:27017, type=UNKNOWN, state=CONNECTING, exception={com.mongodb.MongoSocketWriteException: Exception sending message}, caused by {javax.net.ssl.SSLException: Received fatal alert: internal_error}}]; nested exception is com.mongodb.MongoTimeoutException: Timed out after 30000 ms while waiting for a server that matches com.mongodb.client.internal.MongoClientDelegate$1@2804b13f. Client view of cluster state is {type=REPLICA_SET, servers=[{address=ac-ggf694n-shard-00-00.1q4yqcd.mongodb.net:27017, type=UNKNOWN, state=CONNECTING, exception={com.mongodb.MongoSocketWriteException: Exception sending message}, caused by {javax.net.ssl.SSLException: Received fatal alert: internal_error}}, {address=ac-ggf694n-shard-00-02.1q4yqcd.mongodb.net:27017, type=UNKNOWN, state=CONNECTING, exception={com.mongodb.MongoSocketWriteException: Exception sending message}, caused by {javax.net.ssl.SSLException: Received fatal alert: internal_error}}, {address=ac-ggf694n-shard-00-01.1q4yqcd.mongodb.net:27017, type=UNKNOWN, state=CONNECTING, exception={com.mongodb.MongoSocketWriteException: Exception sending message}, caused by {javax.net.ssl.SSLException: Received fatal alert: internal_error}}]
26-05-15 16:25:25.229 [main] INFO  o.s.b.a.l.ConditionEvaluationReportLoggingListener - 

Error starting ApplicationContext. To display the conditions report re-run your application with 'debug' enabled.
26-05-15 16:25:25.239 [main] ERROR o.s.boot.SpringApplication - Application run failed
org.springframework.beans.factory.UnsatisfiedDependencyException: Error creating bean with name 'springSecurity': Unsatisfied dependency expressed through field 'userservice'; nested exception is org.springframework.beans.factory.UnsatisfiedDependencyException: Error creating bean with name 'userdetailserviceimpl': Unsatisfied dependency expressed through field 'userRepository'; nested exception is org.springframework.beans.factory.BeanCreationException: Error creating bean with name 'userRepository' defined in net.engineeringdigest.journalApp.repository.UserRepository defined in @EnableMongoRepositories declared on MongoRepositoriesRegistrar.EnableMongoRepositoriesConfiguration: Cannot resolve reference to bean 'mongoTemplate' while setting bean property 'mongoOperations'; nested exception is org.springframework.beans.factory.BeanCreationException: Error creating bean with name 'mongoTemplate' defined in class path resource [org/springframework/boot/autoconfigure/data/mongo/MongoDatabaseFactoryDependentConfiguration.class]: Bean instantiation via factory method failed; nested exception is org.springframework.beans.BeanInstantiationException: Failed to instantiate [org.springframework.data.mongodb.core.MongoTemplate]: Factory method 'mongoTemplate' threw exception; nested exception is org.springframework.dao.DataAccessResourceFailureException: Timed out after 30000 ms while waiting for a server that matches com.mongodb.client.internal.MongoClientDelegate$1@2804b13f. Client view of cluster state is {type=REPLICA_SET, servers=[{address=ac-ggf694n-shard-00-00.1q4yqcd.mongodb.net:27017, type=UNKNOWN, state=CONNECTING, exception={com.mongodb.MongoSocketWriteException: Exception sending message}, caused by {javax.net.ssl.SSLException: Received fatal alert: internal_error}}, {address=ac-ggf694n-shard-00-02.1q4yqcd.mongodb.net:27017, type=UNKNOWN, state=CONNECTING, exception={com.mongodb.MongoSocketWriteException: Exception sending message}, caused by {javax.net.ssl.SSLException: Received fatal alert: internal_error}}, {address=ac-ggf694n-shard-00-01.1q4yqcd.mongodb.net:27017, type=UNKNOWN, state=CONNECTING, exception={com.mongodb.MongoSocketWriteException: Exception sending message}, caused by {javax.net.ssl.SSLException: Received fatal alert: internal_error}}]; nested exception is com.mongodb.MongoTimeoutException: Timed out after 30000 ms while waiting for a server that matches com.mongodb.client.internal.MongoClientDelegate$1@2804b13f. Client view of cluster state is {type=REPLICA_SET, servers=[{address=ac-ggf694n-shard-00-00.1q4yqcd.mongodb.net:27017, type=UNKNOWN, state=CONNECTING, exception={com.mongodb.MongoSocketWriteException: Exception sending message}, caused by {javax.net.ssl.SSLException: Received fatal alert: internal_error}}, {address=ac-ggf694n-shard-00-02.1q4yqcd.mongodb.net:27017, type=UNKNOWN, state=CONNECTING, exception={com.mongodb.MongoSocketWriteException: Exception sending message}, caused by {javax.net.ssl.SSLException: Received fatal alert: internal_error}}, {address=ac-ggf694n-shard-00-01.1q4yqcd.mongodb.net:27017, type=UNKNOWN, state=CONNECTING, exception={com.mongodb.MongoSocketWriteException: Exception sending message}, caused by {javax.net.ssl.SSLException: Received fatal alert: internal_error}}]
	at org.springframework.beans.factory.annotation.AutowiredAnnotationBeanPostProcessor$AutowiredFieldElement.resolveFieldValue(AutowiredAnnotationBeanPostProcessor.java:713)
	at org.springframework.beans.factory.annotation.AutowiredAnnotationBeanPostProcessor$AutowiredFieldElement.inject(AutowiredAnnotationBeanPostProcessor.java:693)
	at org.springframework.beans.factory.annotation.InjectionMetadata.inject(InjectionMetadata.java:119)
	at org.springframework.beans.factory.annotation.AutowiredAnnotationBeanPostProcessor.postProcessProperties(AutowiredAnnotationBeanPostProcessor.java:408)
	at org.springframework.beans.factory.support.AbstractAutowireCapableBeanFactory.populateBean(AbstractAutowireCapableBeanFactory.java:1431)
	at org.springframework.beans.factory.support.AbstractAutowireCapableBeanFactory.doCreateBean(AbstractAutowireCapableBeanFactory.java:619)
	at org.springframework.beans.factory.support.AbstractAutowireCapableBeanFactory.createBean(AbstractAutowireCapableBeanFactory.java:542)
	at org.springframework.beans.factory.support.AbstractBeanFactory.lambda$doGetBean$0(AbstractBeanFactory.java:335)
	at org.springframework.beans.factory.support.DefaultSingletonBeanRegistry.getSingleton(DefaultSingletonBeanRegistry.java:234)
	at org.springframework.beans.factory.support.AbstractBeanFactory.doGetBean(AbstractBeanFactory.java:333)
	at org.springframework.beans.factory.support.AbstractBeanFactory.getBean(AbstractBeanFactory.java:208)
	at org.springframework.beans.factory.support.DefaultListableBeanFactory.preInstantiateSingletons(DefaultListableBeanFactory.java:955)
	at org.springframework.context.support.AbstractApplicationContext.finishBeanFactoryInitialization(AbstractApplicationContext.java:921)
	at org.springframework.context.support.AbstractApplicationContext.refresh(AbstractApplicationContext.java:583)
	at org.springframework.boot.SpringApplication.refresh(SpringApplication.java:731)
	at org.springframework.boot.SpringApplication.refreshContext(SpringApplication.java:408)
	at org.springframework.boot.SpringApplication.run(SpringApplication.java:307)
	at org.springframework.boot.test.context.SpringBootContextLoader.loadContext(SpringBootContextLoader.java:136)
	at org.springframework.test.context.cache.DefaultCacheAwareContextLoaderDelegate.loadContextInternal(DefaultCacheAwareContextLoaderDelegate.java:141)
	at org.springframework.test.context.cache.DefaultCacheAwareContextLoaderDelegate.loadContext(DefaultCacheAwareContextLoaderDelegate.java:90)
	at org.springframework.test.context.support.DefaultTestContext.getApplicationContext(DefaultTestContext.java:124)
	at org.springframework.test.context.web.ServletTestExecutionListener.setUpRequestContextIfNecessary(ServletTestExecutionListener.java:190)
	at org.springframework.test.context.web.ServletTestExecutionListener.prepareTestInstance(ServletTestExecutionListener.java:132)
	at org.springframework.test.context.TestContextManager.prepareTestInstance(TestContextManager.java:248)
	at org.springframework.test.context.junit.jupiter.SpringExtension.postProcessTestInstance(SpringExtension.java:138)
	at org.junit.jupiter.engine.descriptor.ClassBasedTestDescriptor.lambda$invokeTestInstancePostProcessors$8(ClassBasedTestDescriptor.java:363)
	at org.junit.jupiter.engine.descriptor.ClassBasedTestDescriptor.executeAndMaskThrowable(ClassBasedTestDescriptor.java:368)
	at org.junit.jupiter.engine.descriptor.ClassBasedTestDescriptor.lambda$invokeTestInstancePostProcessors$9(ClassBasedTestDescriptor.java:363)
	at java.base/java.util.stream.ReferencePipeline$3$1.accept(ReferencePipeline.java:195)
	at java.base/java.util.stream.ReferencePipeline$2$1.accept(ReferencePipeline.java:177)
	at java.base/java.util.ArrayList$ArrayListSpliterator.forEachRemaining(ArrayList.java:1655)
	at java.base/java.util.stream.AbstractPipeline.copyInto(AbstractPipeline.java:484)
	at java.base/java.util.stream.AbstractPipeline.wrapAndCopyInto(AbstractPipeline.java:474)
	at java.base/java.util.stream.StreamSpliterators$WrappingSpliterator.forEachRemaining(StreamSpliterators.java:312)
	at java.base/java.util.stream.Streams$ConcatSpliterator.forEachRemaining(Streams.java:735)
	at java.base/java.util.stream.Streams$ConcatSpliterator.forEachRemaining(Streams.java:734)
	at java.base/java.util.stream.Streams$ConcatSpliterator.forEachRemaining(Streams.java:734)
	at java.base/java.util.stream.ReferencePipeline$Head.forEach(ReferencePipeline.java:658)
	at org.junit.jupiter.engine.descriptor.ClassBasedTestDescriptor.invokeTestInstancePostProcessors(ClassBasedTestDescriptor.java:362)
	at org.junit.jupiter.engine.descriptor.ClassBasedTestDescriptor.lambda$instantiateAndPostProcessTestInstance$6(ClassBasedTestDescriptor.java:283)
	at org.junit.platform.engine.support.hierarchical.ThrowableCollector.execute(ThrowableCollector.java:73)
	at org.junit.jupiter.engine.descriptor.ClassBasedTestDescriptor.instantiateAndPostProcessTestInstance(ClassBasedTestDescriptor.java:282)
	at org.junit.jupiter.engine.descriptor.ClassBasedTestDescriptor.lambda$testInstancesProvider$4(ClassBasedTestDescriptor.java:272)
	at java.base/java.util.Optional.orElseGet(Optional.java:369)
	at org.junit.jupiter.engine.descriptor.ClassBasedTestDescriptor.lambda$testInstancesProvider$5(ClassBasedTestDescriptor.java:271)
	at org.junit.jupiter.engine.execution.TestInstancesProvider.getTestInstances(TestInstancesProvider.java:31)
	at org.junit.jupiter.engine.descriptor.TestMethodTestDescriptor.lambda$prepare$0(TestMethodTestDescriptor.java:102)
	at org.junit.platform.engine.support.hierarchical.ThrowableCollector.execute(ThrowableCollector.java:73)
	at org.junit.jupiter.engine.descriptor.TestMethodTestDescriptor.prepare(TestMethodTestDescriptor.java:101)
	at org.junit.jupiter.engine.descriptor.TestMethodTestDescriptor.prepare(TestMethodTestDescriptor.java:66)
	at org.junit.platform.engine.support.hierarchical.NodeTestTask.lambda$prepare$2(NodeTestTask.java:123)
	at org.junit.platform.engine.support.hierarchical.ThrowableCollector.execute(ThrowableCollector.java:73)
	at org.junit.platform.engine.support.hierarchical.NodeTestTask.prepare(NodeTestTask.java:123)
	at org.junit.platform.engine.support.hierarchical.NodeTestTask.execute(NodeTestTask.java:90)
	at org.junit.platform.engine.support.hierarchical.SameThreadHierarchicalTestExecutorService.submit(SameThreadHierarchicalTestExecutorService.java:35)
	at org.junit.platform.engine.support.hierarchical.NodeTestTask$DefaultDynamicTestExecutor.execute(NodeTestTask.java:226)
	at org.junit.platform.engine.support.hierarchical.NodeTestTask$DefaultDynamicTestExecutor.execute(NodeTestTask.java:204)
	at org.junit.jupiter.engine.descriptor.TestTemplateTestDescriptor.execute(TestTemplateTestDescriptor.java:139)
	at org.junit.jupiter.engine.descriptor.TestTemplateTestDescriptor.lambda$execute$2(TestTemplateTestDescriptor.java:107)
	at java.base/java.util.stream.ForEachOps$ForEachOp$OfRef.accept(ForEachOps.java:183)
	at java.base/java.util.stream.ReferencePipeline$3$1.accept(ReferencePipeline.java:195)
	at java.base/java.util.stream.ReferencePipeline$2$1.accept(ReferencePipeline.java:177)
	at java.base/java.util.stream.ReferencePipeline$3$1.accept(ReferencePipeline.java:195)
	at java.base/java.util.stream.ForEachOps$ForEachOp$OfRef.accept(ForEachOps.java:183)
	at java.base/java.util.stream.ReferencePipeline$3$1.accept(ReferencePipeline.java:195)
	at java.base/java.util.stream.ReferencePipeline$3$1.accept(ReferencePipeline.java:195)
	at java.base/java.util.stream.ReferencePipeline$3$1.accept(ReferencePipeline.java:195)
	at java.base/java.util.stream.Streams$StreamBuilderImpl.forEachRemaining(Streams.java:411)
	at java.base/java.util.stream.ReferencePipeline$Head.forEach(ReferencePipeline.java:658)
	at java.base/java.util.stream.ReferencePipeline$7$1.accept(ReferencePipeline.java:274)
	at java.base/java.util.stream.ReferencePipeline$3$1.accept(ReferencePipeline.java:195)
	at java.base/java.util.stream.ReferencePipeline$3$1.accept(ReferencePipeline.java:195)
	at java.base/java.util.stream.ReferencePipeline$3$1.accept(ReferencePipeline.java:195)
	at java.base/java.util.ArrayList$ArrayListSpliterator.forEachRemaining(ArrayList.java:1655)
	at java.base/java.util.stream.AbstractPipeline.copyInto(AbstractPipeline.java:484)
	at java.base/java.util.stream.AbstractPipeline.wrapAndCopyInto(AbstractPipeline.java:474)
	at java.base/java.util.stream.ForEachOps$ForEachOp.evaluateSequential(ForEachOps.java:150)
	at java.base/java.util.stream.ForEachOps$ForEachOp$OfRef.evaluateSequential(ForEachOps.java:173)
	at java.base/java.util.stream.AbstractPipeline.evaluate(AbstractPipeline.java:234)
	at java.base/java.util.stream.ReferencePipeline.forEach(ReferencePipeline.java:497)
	at java.base/java.util.stream.ReferencePipeline$7$1.accept(ReferencePipeline.java:274)
	at java.base/java.util.ArrayList$ArrayListSpliterator.forEachRemaining(ArrayList.java:1655)
	at java.base/java.util.stream.AbstractPipeline.copyInto(AbstractPipeline.java:484)
	at java.base/java.util.stream.AbstractPipeline.wrapAndCopyInto(AbstractPipeline.java:474)
	at java.base/java.util.stream.ForEachOps$ForEachOp.evaluateSequential(ForEachOps.java:150)
	at java.base/java.util.stream.ForEachOps$ForEachOp$OfRef.evaluateSequential(ForEachOps.java:173)
	at java.base/java.util.stream.AbstractPipeline.evaluate(AbstractPipeline.java:234)
	at java.base/java.util.stream.ReferencePipeline.forEach(ReferencePipeline.java:497)
	at org.junit.jupiter.engine.descriptor.TestTemplateTestDescriptor.execute(TestTemplateTestDescriptor.java:107)
	at org.junit.jupiter.engine.descriptor.TestTemplateTestDescriptor.execute(TestTemplateTestDescriptor.java:42)
	at org.junit.platform.engine.support.hierarchical.NodeTestTask.lambda$executeRecursively$6(NodeTestTask.java:151)
	at org.junit.platform.engine.support.hierarchical.ThrowableCollector.execute(ThrowableCollector.java:73)
	at org.junit.platform.engine.support.hierarchical.NodeTestTask.lambda$executeRecursively$8(NodeTestTask.java:141)
	at org.junit.platform.engine.support.hierarchical.Node.around(Node.java:137)
	at org.junit.platform.engine.support.hierarchical.NodeTestTask.lambda$executeRecursively$9(NodeTestTask.java:139)
	at org.junit.platform.engine.support.hierarchical.ThrowableCollector.execute(ThrowableCollector.java:73)
	at org.junit.platform.engine.support.hierarchical.NodeTestTask.executeRecursively(NodeTestTask.java:138)
	at org.junit.platform.engine.support.hierarchical.NodeTestTask.execute(NodeTestTask.java:95)
	at java.base/java.util.ArrayList.forEach(ArrayList.java:1541)
	at org.junit.platform.engine.support.hierarchical.SameThreadHierarchicalTestExecutorService.invokeAll(SameThreadHierarchicalTestExecutorService.java:41)
	at org.junit.platform.engine.support.hierarchical.NodeTestTask.lambda$executeRecursively$6(NodeTestTask.java:155)
	at org.junit.platform.engine.support.hierarchical.ThrowableCollector.execute(ThrowableCollector.java:73)
	at org.junit.platform.engine.support.hierarchical.NodeTestTask.lambda$executeRecursively$8(NodeTestTask.java:141)
	at org.junit.platform.engine.support.hierarchical.Node.around(Node.java:137)
	at org.junit.platform.engine.support.hierarchical.NodeTestTask.lambda$executeRecursively$9(NodeTestTask.java:139)
	at org.junit.platform.engine.support.hierarchical.ThrowableCollector.execute(ThrowableCollector.java:73)
	at org.junit.platform.engine.support.hierarchical.NodeTestTask.executeRecursively(NodeTestTask.java:138)
	at org.junit.platform.engine.support.hierarchical.NodeTestTask.execute(NodeTestTask.java:95)
	at java.base/java.util.ArrayList.forEach(ArrayList.java:1541)
	at org.junit.platform.engine.support.hierarchical.SameThreadHierarchicalTestExecutorService.invokeAll(SameThreadHierarchicalTestExecutorService.java:41)
	at org.junit.platform.engine.support.hierarchical.NodeTestTask.lambda$executeRecursively$6(NodeTestTask.java:155)
	at org.junit.platform.engine.support.hierarchical.ThrowableCollector.execute(ThrowableCollector.java:73)
	at org.junit.platform.engine.support.hierarchical.NodeTestTask.lambda$executeRecursively$8(NodeTestTask.java:141)
	at org.junit.platform.engine.support.hierarchical.Node.around(Node.java:137)
	at org.junit.platform.engine.support.hierarchical.NodeTestTask.lambda$executeRecursively$9(NodeTestTask.java:139)
	at org.junit.platform.engine.support.hierarchical.ThrowableCollector.execute(ThrowableCollector.java:73)
	at org.junit.platform.engine.support.hierarchical.NodeTestTask.executeRecursively(NodeTestTask.java:138)
	at org.junit.platform.engine.support.hierarchical.NodeTestTask.execute(NodeTestTask.java:95)
	at org.junit.platform.engine.support.hierarchical.SameThreadHierarchicalTestExecutorService.submit(SameThreadHierarchicalTestExecutorService.java:35)
	at org.junit.platform.engine.support.hierarchical.HierarchicalTestExecutor.execute(HierarchicalTestExecutor.java:57)
	at org.junit.platform.engine.support.hierarchical.HierarchicalTestEngine.execute(HierarchicalTestEngine.java:54)
	at org.junit.platform.launcher.core.DefaultLauncher.execute(DefaultLauncher.java:220)
	at org.junit.platform.launcher.core.DefaultLauncher.lambda$execute$6(DefaultLauncher.java:188)
	at org.junit.platform.launcher.core.DefaultLauncher.withInterceptedStreams(DefaultLauncher.java:202)
	at org.junit.platform.launcher.core.DefaultLauncher.execute(DefaultLauncher.java:181)
	at org.junit.platform.launcher.core.DefaultLauncher.execute(DefaultLauncher.java:128)
	at org.apache.maven.surefire.junitplatform.JUnitPlatformProvider.invokeAllTests(JUnitPlatformProvider.java:150)
	at org.apache.maven.surefire.junitplatform.JUnitPlatformProvider.invoke(JUnitPlatformProvider.java:124)
	at org.apache.maven.surefire.booter.ForkedBooter.invokeProviderInSameClassLoader(ForkedBooter.java:384)
	at org.apache.maven.surefire.booter.ForkedBooter.runSuitesInProcess(ForkedBooter.java:345)
	at org.apache.maven.surefire.booter.ForkedBooter.execute(ForkedBooter.java:126)
	at org.apache.maven.surefire.booter.ForkedBooter.main(ForkedBooter.java:418)
Caused by: org.springframework.beans.factory.UnsatisfiedDependencyException: Error creating bean with name 'userdetailserviceimpl': Unsatisfied dependency expressed through field 'userRepository'; nested exception is org.springframework.beans.factory.BeanCreationException: Error creating bean with name 'userRepository' defined in net.engineeringdigest.journalApp.repository.UserRepository defined in @EnableMongoRepositories declared on MongoRepositoriesRegistrar.EnableMongoRepositoriesConfiguration: Cannot resolve reference to bean 'mongoTemplate' while setting bean property 'mongoOperations'; nested exception is org.springframework.beans.factory.BeanCreationException: Error creating bean with name 'mongoTemplate' defined in class path resource [org/springframework/boot/autoconfigure/data/mongo/MongoDatabaseFactoryDependentConfiguration.class]: Bean instantiation via factory method failed; nested exception is org.springframework.beans.BeanInstantiationException: Failed to instantiate [org.springframework.data.mongodb.core.MongoTemplate]: Factory method 'mongoTemplate' threw exception; nested exception is org.springframework.dao.DataAccessResourceFailureException: Timed out after 30000 ms while waiting for a server that matches com.mongodb.client.internal.MongoClientDelegate$1@2804b13f. Client view of cluster state is {type=REPLICA_SET, servers=[{address=ac-ggf694n-shard-00-00.1q4yqcd.mongodb.net:27017, type=UNKNOWN, state=CONNECTING, exception={com.mongodb.MongoSocketWriteException: Exception sending message}, caused by {javax.net.ssl.SSLException: Received fatal alert: internal_error}}, {address=ac-ggf694n-shard-00-02.1q4yqcd.mongodb.net:27017, type=UNKNOWN, state=CONNECTING, exception={com.mongodb.MongoSocketWriteException: Exception sending message}, caused by {javax.net.ssl.SSLException: Received fatal alert: internal_error}}, {address=ac-ggf694n-shard-00-01.1q4yqcd.mongodb.net:27017, type=UNKNOWN, state=CONNECTING, exception={com.mongodb.MongoSocketWriteException: Exception sending message}, caused by {javax.net.ssl.SSLException: Received fatal alert: internal_error}}]; nested exception is com.mongodb.MongoTimeoutException: Timed out after 30000 ms while waiting for a server that matches com.mongodb.client.internal.MongoClientDelegate$1@2804b13f. Client view of cluster state is {type=REPLICA_SET, servers=[{address=ac-ggf694n-shard-00-00.1q4yqcd.mongodb.net:27017, type=UNKNOWN, state=CONNECTING, exception={com.mongodb.MongoSocketWriteException: Exception sending message}, caused by {javax.net.ssl.SSLException: Received fatal alert: internal_error}}, {address=ac-ggf694n-shard-00-02.1q4yqcd.mongodb.net:27017, type=UNKNOWN, state=CONNECTING, exception={com.mongodb.MongoSocketWriteException: Exception sending message}, caused by {javax.net.ssl.SSLException: Received fatal alert: internal_error}}, {address=ac-ggf694n-shard-00-01.1q4yqcd.mongodb.net:27017, type=UNKNOWN, state=CONNECTING, exception={com.mongodb.MongoSocketWriteException: Exception sending message}, caused by {javax.net.ssl.SSLException: Received fatal alert: internal_error}}]
	at org.springframework.beans.factory.annotation.AutowiredAnnotationBeanPostProcessor$AutowiredFieldElement.resolveFieldValue(AutowiredAnnotationBeanPostProcessor.java:713)
	at org.springframework.beans.factory.annotation.AutowiredAnnotationBeanPostProcessor$AutowiredFieldElement.inject(AutowiredAnnotationBeanPostProcessor.java:693)
	at org.springframework.beans.factory.annotation.InjectionMetadata.inject(InjectionMetadata.java:119)
	at org.springframework.beans.factory.annotation.AutowiredAnnotationBeanPostProcessor.postProcessProperties(AutowiredAnnotationBeanPostProcessor.java:408)
	at org.springframework.beans.factory.support.AbstractAutowireCapableBeanFactory.populateBean(AbstractAutowireCapableBeanFactory.java:1431)
	at org.springframework.beans.factory.support.AbstractAutowireCapableBeanFactory.doCreateBean(AbstractAutowireCapableBeanFactory.java:619)
	at org.springframework.beans.factory.support.AbstractAutowireCapableBeanFactory.createBean(AbstractAutowireCapableBeanFactory.java:542)
	at org.springframework.beans.factory.support.AbstractBeanFactory.lambda$doGetBean$0(AbstractBeanFactory.java:335)
	at org.springframework.beans.factory.support.DefaultSingletonBeanRegistry.getSingleton(DefaultSingletonBeanRegistry.java:234)
	at org.springframework.beans.factory.support.AbstractBeanFactory.doGetBean(AbstractBeanFactory.java:333)
	at org.springframework.beans.factory.support.AbstractBeanFactory.getBean(AbstractBeanFactory.java:208)
	at org.springframework.beans.factory.config.DependencyDescriptor.resolveCandidate(DependencyDescriptor.java:276)
	at org.springframework.beans.factory.support.DefaultListableBeanFactory.doResolveDependency(DefaultListableBeanFactory.java:1391)
	at org.springframework.beans.factory.support.DefaultListableBeanFactory.resolveDependency(DefaultListableBeanFactory.java:1311)
	at org.springframework.beans.factory.annotation.AutowiredAnnotationBeanPostProcessor$AutowiredFieldElement.resolveFieldValue(AutowiredAnnotationBeanPostProcessor.java:710)
	... 131 common frames omitted
Caused by: org.springframework.beans.factory.BeanCreationException: Error creating bean with name 'userRepository' defined in net.engineeringdigest.journalApp.repository.UserRepository defined in @EnableMongoRepositories declared on MongoRepositoriesRegistrar.EnableMongoRepositoriesConfiguration: Cannot resolve reference to bean 'mongoTemplate' while setting bean property 'mongoOperations'; nested exception is org.springframework.beans.factory.BeanCreationException: Error creating bean with name 'mongoTemplate' defined in class path resource [org/springframework/boot/autoconfigure/data/mongo/MongoDatabaseFactoryDependentConfiguration.class]: Bean instantiation via factory method failed; nested exception is org.springframework.beans.BeanInstantiationException: Failed to instantiate [org.springframework.data.mongodb.core.MongoTemplate]: Factory method 'mongoTemplate' threw exception; nested exception is org.springframework.dao.DataAccessResourceFailureException: Timed out after 30000 ms while waiting for a server that matches com.mongodb.client.internal.MongoClientDelegate$1@2804b13f. Client view of cluster state is {type=REPLICA_SET, servers=[{address=ac-ggf694n-shard-00-00.1q4yqcd.mongodb.net:27017, type=UNKNOWN, state=CONNECTING, exception={com.mongodb.MongoSocketWriteException: Exception sending message}, caused by {javax.net.ssl.SSLException: Received fatal alert: internal_error}}, {address=ac-ggf694n-shard-00-02.1q4yqcd.mongodb.net:27017, type=UNKNOWN, state=CONNECTING, exception={com.mongodb.MongoSocketWriteException: Exception sending message}, caused by {javax.net.ssl.SSLException: Received fatal alert: internal_error}}, {address=ac-ggf694n-shard-00-01.1q4yqcd.mongodb.net:27017, type=UNKNOWN, state=CONNECTING, exception={com.mongodb.MongoSocketWriteException: Exception sending message}, caused by {javax.net.ssl.SSLException: Received fatal alert: internal_error}}]; nested exception is com.mongodb.MongoTimeoutException: Timed out after 30000 ms while waiting for a server that matches com.mongodb.client.internal.MongoClientDelegate$1@2804b13f. Client view of cluster state is {type=REPLICA_SET, servers=[{address=ac-ggf694n-shard-00-00.1q4yqcd.mongodb.net:27017, type=UNKNOWN, state=CONNECTING, exception={com.mongodb.MongoSocketWriteException: Exception sending message}, caused by {javax.net.ssl.SSLException: Received fatal alert: internal_error}}, {address=ac-ggf694n-shard-00-02.1q4yqcd.mongodb.net:27017, type=UNKNOWN, state=CONNECTING, exception={com.mongodb.MongoSocketWriteException: Exception sending message}, caused by {javax.net.ssl.SSLException: Received fatal alert: internal_error}}, {address=ac-ggf694n-shard-00-01.1q4yqcd.mongodb.net:27017, type=UNKNOWN, state=CONNECTING, exception={com.mongodb.MongoSocketWriteException: Exception sending message}, caused by {javax.net.ssl.SSLException: Received fatal alert: internal_error}}]
	at org.springframework.beans.factory.support.BeanDefinitionValueResolver.resolveReference(BeanDefinitionValueResolver.java:342)
	at org.springframework.beans.factory.support.BeanDefinitionValueResolver.resolveValueIfNecessary(BeanDefinitionValueResolver.java:113)
	at org.springframework.beans.factory.support.AbstractAutowireCapableBeanFactory.applyPropertyValues(AbstractAutowireCapableBeanFactory.java:1707)
	at org.springframework.beans.factory.support.AbstractAutowireCapableBeanFactory.populateBean(AbstractAutowireCapableBeanFactory.java:1452)
	at org.springframework.beans.factory.support.AbstractAutowireCapableBeanFactory.doCreateBean(AbstractAutowireCapableBeanFactory.java:619)
	at org.springframework.beans.factory.support.AbstractAutowireCapableBeanFactory.createBean(AbstractAutowireCapableBeanFactory.java:542)
	at org.springframework.beans.factory.support.AbstractBeanFactory.lambda$doGetBean$0(AbstractBeanFactory.java:335)
	at org.springframework.beans.factory.support.DefaultSingletonBeanRegistry.getSingleton(DefaultSingletonBeanRegistry.java:234)
	at org.springframework.beans.factory.support.AbstractBeanFactory.doGetBean(AbstractBeanFactory.java:333)
	at org.springframework.beans.factory.support.AbstractBeanFactory.getBean(AbstractBeanFactory.java:208)
	at org.springframework.beans.factory.config.DependencyDescriptor.resolveCandidate(DependencyDescriptor.java:276)
	at org.springframework.beans.factory.support.DefaultListableBeanFactory.doResolveDependency(DefaultListableBeanFactory.java:1391)
	at org.springframework.beans.factory.support.DefaultListableBeanFactory.resolveDependency(DefaultListableBeanFactory.java:1311)
	at org.springframework.beans.factory.annotation.AutowiredAnnotationBeanPostProcessor$AutowiredFieldElement.resolveFieldValue(AutowiredAnnotationBeanPostProcessor.java:710)
	... 145 common frames omitted
Caused by: org.springframework.beans.factory.BeanCreationException: Error creating bean with name 'mongoTemplate' defined in class path resource [org/springframework/boot/autoconfigure/data/mongo/MongoDatabaseFactoryDependentConfiguration.class]: Bean instantiation via factory method failed; nested exception is org.springframework.beans.BeanInstantiationException: Failed to instantiate [org.springframework.data.mongodb.core.MongoTemplate]: Factory method 'mongoTemplate' threw exception; nested exception is org.springframework.dao.DataAccessResourceFailureException: Timed out after 30000 ms while waiting for a server that matches com.mongodb.client.internal.MongoClientDelegate$1@2804b13f. Client view of cluster state is {type=REPLICA_SET, servers=[{address=ac-ggf694n-shard-00-00.1q4yqcd.mongodb.net:27017, type=UNKNOWN, state=CONNECTING, exception={com.mongodb.MongoSocketWriteException: Exception sending message}, caused by {javax.net.ssl.SSLException: Received fatal alert: internal_error}}, {address=ac-ggf694n-shard-00-02.1q4yqcd.mongodb.net:27017, type=UNKNOWN, state=CONNECTING, exception={com.mongodb.MongoSocketWriteException: Exception sending message}, caused by {javax.net.ssl.SSLException: Received fatal alert: internal_error}}, {address=ac-ggf694n-shard-00-01.1q4yqcd.mongodb.net:27017, type=UNKNOWN, state=CONNECTING, exception={com.mongodb.MongoSocketWriteException: Exception sending message}, caused by {javax.net.ssl.SSLException: Received fatal alert: internal_error}}]; nested exception is com.mongodb.MongoTimeoutException: Timed out after 30000 ms while waiting for a server that matches com.mongodb.client.internal.MongoClientDelegate$1@2804b13f. Client view of cluster state is {type=REPLICA_SET, servers=[{address=ac-ggf694n-shard-00-00.1q4yqcd.mongodb.net:27017, type=UNKNOWN, state=CONNECTING, exception={com.mongodb.MongoSocketWriteException: Exception sending message}, caused by {javax.net.ssl.SSLException: Received fatal alert: internal_error}}, {address=ac-ggf694n-shard-00-02.1q4yqcd.mongodb.net:27017, type=UNKNOWN, state=CONNECTING, exception={com.mongodb.MongoSocketWriteException: Exception sending message}, caused by {javax.net.ssl.SSLException: Received fatal alert: internal_error}}, {address=ac-ggf694n-shard-00-01.1q4yqcd.mongodb.net:27017, type=UNKNOWN, state=CONNECTING, exception={com.mongodb.MongoSocketWriteException: Exception sending message}, caused by {javax.net.ssl.SSLException: Received fatal alert: internal_error}}]
	at org.springframework.beans.factory.support.ConstructorResolver.instantiate(ConstructorResolver.java:653)
	at org.springframework.beans.factory.support.ConstructorResolver.instantiateUsingFactoryMethod(ConstructorResolver.java:633)
	at org.springframework.beans.factory.support.AbstractAutowireCapableBeanFactory.instantiateUsingFactoryMethod(AbstractAutowireCapableBeanFactory.java:1352)
	at org.springframework.beans.factory.support.AbstractAutowireCapableBeanFactory.createBeanInstance(AbstractAutowireCapableBeanFactory.java:1195)
	at org.springframework.beans.factory.support.AbstractAutowireCapableBeanFactory.doCreateBean(AbstractAutowireCapableBeanFactory.java:582)
	at org.springframework.beans.factory.support.AbstractAutowireCapableBeanFactory.createBean(AbstractAutowireCapableBeanFactory.java:542)
	at org.springframework.beans.factory.support.AbstractBeanFactory.lambda$doGetBean$0(AbstractBeanFactory.java:335)
	at org.springframework.beans.factory.support.DefaultSingletonBeanRegistry.getSingleton(DefaultSingletonBeanRegistry.java:234)
	at org.springframework.beans.factory.support.AbstractBeanFactory.doGetBean(AbstractBeanFactory.java:333)
	at org.springframework.beans.factory.support.AbstractBeanFactory.getBean(AbstractBeanFactory.java:208)
	at org.springframework.beans.factory.support.BeanDefinitionValueResolver.resolveReference(BeanDefinitionValueResolver.java:330)
	... 158 common frames omitted
Caused by: org.springframework.beans.BeanInstantiationException: Failed to instantiate [org.springframework.data.mongodb.core.MongoTemplate]: Factory method 'mongoTemplate' threw exception; nested exception is org.springframework.dao.DataAccessResourceFailureException: Timed out after 30000 ms while waiting for a server that matches com.mongodb.client.internal.MongoClientDelegate$1@2804b13f. Client view of cluster state is {type=REPLICA_SET, servers=[{address=ac-ggf694n-shard-00-00.1q4yqcd.mongodb.net:27017, type=UNKNOWN, state=CONNECTING, exception={com.mongodb.MongoSocketWriteException: Exception sending message}, caused by {javax.net.ssl.SSLException: Received fatal alert: internal_error}}, {address=ac-ggf694n-shard-00-02.1q4yqcd.mongodb.net:27017, type=UNKNOWN, state=CONNECTING, exception={com.mongodb.MongoSocketWriteException: Exception sending message}, caused by {javax.net.ssl.SSLException: Received fatal alert: internal_error}}, {address=ac-ggf694n-shard-00-01.1q4yqcd.mongodb.net:27017, type=UNKNOWN, state=CONNECTING, exception={com.mongodb.MongoSocketWriteException: Exception sending message}, caused by {javax.net.ssl.SSLException: Received fatal alert: internal_error}}]; nested exception is com.mongodb.MongoTimeoutException: Timed out after 30000 ms while waiting for a server that matches com.mongodb.client.internal.MongoClientDelegate$1@2804b13f. Client view of cluster state is {type=REPLICA_SET, servers=[{address=ac-ggf694n-shard-00-00.1q4yqcd.mongodb.net:27017, type=UNKNOWN, state=CONNECTING, exception={com.mongodb.MongoSocketWriteException: Exception sending message}, caused by {javax.net.ssl.SSLException: Received fatal alert: internal_error}}, {address=ac-ggf694n-shard-00-02.1q4yqcd.mongodb.net:27017, type=UNKNOWN, state=CONNECTING, exception={com.mongodb.MongoSocketWriteException: Exception sending message}, caused by {javax.net.ssl.SSLException: Received fatal alert: internal_error}}, {address=ac-ggf694n-shard-00-01.1q4yqcd.mongodb.net:27017, type=UNKNOWN, state=CONNECTING, exception={com.mongodb.MongoSocketWriteException: Exception sending message}, caused by {javax.net.ssl.SSLException: Received fatal alert: internal_error}}]
	at org.springframework.beans.factory.support.SimpleInstantiationStrategy.instantiate(SimpleInstantiationStrategy.java:185)
	at org.springframework.beans.factory.support.ConstructorResolver.instantiate(ConstructorResolver.java:648)
	... 168 common frames omitted
Caused by: org.springframework.dao.DataAccessResourceFailureException: Timed out after 30000 ms while waiting for a server that matches com.mongodb.client.internal.MongoClientDelegate$1@2804b13f. Client view of cluster state is {type=REPLICA_SET, servers=[{address=ac-ggf694n-shard-00-00.1q4yqcd.mongodb.net:27017, type=UNKNOWN, state=CONNECTING, exception={com.mongodb.MongoSocketWriteException: Exception sending message}, caused by {javax.net.ssl.SSLException: Received fatal alert: internal_error}}, {address=ac-ggf694n-shard-00-02.1q4yqcd.mongodb.net:27017, type=UNKNOWN, state=CONNECTING, exception={com.mongodb.MongoSocketWriteException: Exception sending message}, caused by {javax.net.ssl.SSLException: Received fatal alert: internal_error}}, {address=ac-ggf694n-shard-00-01.1q4yqcd.mongodb.net:27017, type=UNKNOWN, state=CONNECTING, exception={com.mongodb.MongoSocketWriteException: Exception sending message}, caused by {javax.net.ssl.SSLException: Received fatal alert: internal_error}}]; nested exception is com.mongodb.MongoTimeoutException: Timed out after 30000 ms while waiting for a server that matches com.mongodb.client.internal.MongoClientDelegate$1@2804b13f. Client view of cluster state is {type=REPLICA_SET, servers=[{address=ac-ggf694n-shard-00-00.1q4yqcd.mongodb.net:27017, type=UNKNOWN, state=CONNECTING, exception={com.mongodb.MongoSocketWriteException: Exception sending message}, caused by {javax.net.ssl.SSLException: Received fatal alert: internal_error}}, {address=ac-ggf694n-shard-00-02.1q4yqcd.mongodb.net:27017, type=UNKNOWN, state=CONNECTING, exception={com.mongodb.MongoSocketWriteException: Exception sending message}, caused by {javax.net.ssl.SSLException: Received fatal alert: internal_error}}, {address=ac-ggf694n-shard-00-01.1q4yqcd.mongodb.net:27017, type=UNKNOWN, state=CONNECTING, exception={com.mongodb.MongoSocketWriteException: Exception sending message}, caused by {javax.net.ssl.SSLException: Received fatal alert: internal_error}}]
	at org.springframework.data.mongodb.core.MongoExceptionTranslator.translateExceptionIfPossible(MongoExceptionTranslator.java:95)
	at org.springframework.data.mongodb.core.MongoTemplate.potentiallyConvertRuntimeException(MongoTemplate.java:3029)
	at org.springframework.data.mongodb.core.MongoTemplate.execute(MongoTemplate.java:581)
	at org.springframework.data.mongodb.core.DefaultIndexOperations.execute(DefaultIndexOperations.java:215)
	at org.springframework.data.mongodb.core.DefaultIndexOperations.ensureIndex(DefaultIndexOperations.java:121)
	at org.springframework.data.mongodb.core.index.MongoPersistentEntityIndexCreator.createIndex(MongoPersistentEntityIndexCreator.java:157)
	at org.springframework.data.mongodb.core.index.MongoPersistentEntityIndexCreator.checkForAndCreateIndexes(MongoPersistentEntityIndexCreator.java:147)
	at org.springframework.data.mongodb.core.index.MongoPersistentEntityIndexCreator.checkForIndexes(MongoPersistentEntityIndexCreator.java:131)
	at org.springframework.data.mongodb.core.index.MongoPersistentEntityIndexCreator.<init>(MongoPersistentEntityIndexCreator.java:96)
	at org.springframework.data.mongodb.core.index.MongoPersistentEntityIndexCreator.<init>(MongoPersistentEntityIndexCreator.java:73)
	at org.springframework.data.mongodb.core.MongoTemplate.<init>(MongoTemplate.java:224)
	at org.springframework.boot.autoconfigure.data.mongo.MongoDatabaseFactoryDependentConfiguration.mongoTemplate(MongoDatabaseFactoryDependentConfiguration.java:63)
	at java.base/jdk.internal.reflect.NativeMethodAccessorImpl.invoke0(Native Method)
	at java.base/jdk.internal.reflect.NativeMethodAccessorImpl.invoke(NativeMethodAccessorImpl.java:62)
	at java.base/jdk.internal.reflect.DelegatingMethodAccessorImpl.invoke(DelegatingMethodAccessorImpl.java:43)
	at java.base/java.lang.reflect.Method.invoke(Method.java:566)
	at org.springframework.beans.factory.support.SimpleInstantiationStrategy.instantiate(SimpleInstantiationStrategy.java:154)
	... 169 common frames omitted
Caused by: com.mongodb.MongoTimeoutException: Timed out after 30000 ms while waiting for a server that matches com.mongodb.client.internal.MongoClientDelegate$1@2804b13f. Client view of cluster state is {type=REPLICA_SET, servers=[{address=ac-ggf694n-shard-00-00.1q4yqcd.mongodb.net:27017, type=UNKNOWN, state=CONNECTING, exception={com.mongodb.MongoSocketWriteException: Exception sending message}, caused by {javax.net.ssl.SSLException: Received fatal alert: internal_error}}, {address=ac-ggf694n-shard-00-02.1q4yqcd.mongodb.net:27017, type=UNKNOWN, state=CONNECTING, exception={com.mongodb.MongoSocketWriteException: Exception sending message}, caused by {javax.net.ssl.SSLException: Received fatal alert: internal_error}}, {address=ac-ggf694n-shard-00-01.1q4yqcd.mongodb.net:27017, type=UNKNOWN, state=CONNECTING, exception={com.mongodb.MongoSocketWriteException: Exception sending message}, caused by {javax.net.ssl.SSLException: Received fatal alert: internal_error}}]
	at com.mongodb.internal.connection.BaseCluster.createTimeoutException(BaseCluster.java:424)
	at com.mongodb.internal.connection.BaseCluster.selectServer(BaseCluster.java:121)
	at com.mongodb.internal.connection.AbstractMultiServerCluster.selectServer(AbstractMultiServerCluster.java:50)
	at com.mongodb.client.internal.MongoClientDelegate.getConnectedClusterDescription(MongoClientDelegate.java:146)
	at com.mongodb.client.internal.MongoClientDelegate.createClientSession(MongoClientDelegate.java:101)
	at com.mongodb.client.internal.MongoClientDelegate$DelegateOperationExecutor.getClientSession(MongoClientDelegate.java:291)
	at com.mongodb.client.internal.MongoClientDelegate$DelegateOperationExecutor.execute(MongoClientDelegate.java:207)
	at com.mongodb.client.internal.MongoCollectionImpl.executeCreateIndexes(MongoCollectionImpl.java:848)
	at com.mongodb.client.internal.MongoCollectionImpl.createIndexes(MongoCollectionImpl.java:831)
	at com.mongodb.client.internal.MongoCollectionImpl.createIndexes(MongoCollectionImpl.java:826)
	at com.mongodb.client.internal.MongoCollectionImpl.createIndex(MongoCollectionImpl.java:811)
	at org.springframework.data.mongodb.core.DefaultIndexOperations.lambda$ensureIndex$0(DefaultIndexOperations.java:131)
	at org.springframework.data.mongodb.core.MongoTemplate.execute(MongoTemplate.java:579)
	... 183 common frames omitted
26-05-15 16:25:25.242 [main] ERROR o.s.test.context.TestContextManager - Caught exception while allowing TestExecutionListener [org.springframework.test.context.web.ServletTestExecutionListener@df7d1d4] to prepare test instance [net.engineeringdigest.journalApp.service.UserServiceTests@15cee630]
java.lang.IllegalStateException: Failed to load ApplicationContext
	at org.springframework.test.context.cache.DefaultCacheAwareContextLoaderDelegate.loadContext(DefaultCacheAwareContextLoaderDelegate.java:98)
	at org.springframework.test.context.support.DefaultTestContext.getApplicationContext(DefaultTestContext.java:124)
	at org.springframework.test.context.web.ServletTestExecutionListener.setUpRequestContextIfNecessary(ServletTestExecutionListener.java:190)
	at org.springframework.test.context.web.ServletTestExecutionListener.prepareTestInstance(ServletTestExecutionListener.java:132)
	at org.springframework.test.context.TestContextManager.prepareTestInstance(TestContextManager.java:248)
	at org.springframework.test.context.junit.jupiter.SpringExtension.postProcessTestInstance(SpringExtension.java:138)
	at org.junit.jupiter.engine.descriptor.ClassBasedTestDescriptor.lambda$invokeTestInstancePostProcessors$8(ClassBasedTestDescriptor.java:363)
	at org.junit.jupiter.engine.descriptor.ClassBasedTestDescriptor.executeAndMaskThrowable(ClassBasedTestDescriptor.java:368)
	at org.junit.jupiter.engine.descriptor.ClassBasedTestDescriptor.lambda$invokeTestInstancePostProcessors$9(ClassBasedTestDescriptor.java:363)
	at java.base/java.util.stream.ReferencePipeline$3$1.accept(ReferencePipeline.java:195)
	at java.base/java.util.stream.ReferencePipeline$2$1.accept(ReferencePipeline.java:177)
	at java.base/java.util.ArrayList$ArrayListSpliterator.forEachRemaining(ArrayList.java:1655)
	at java.base/java.util.stream.AbstractPipeline.copyInto(AbstractPipeline.java:484)
	at java.base/java.util.stream.AbstractPipeline.wrapAndCopyInto(AbstractPipeline.java:474)
	at java.base/java.util.stream.StreamSpliterators$WrappingSpliterator.forEachRemaining(StreamSpliterators.java:312)
	at java.base/java.util.stream.Streams$ConcatSpliterator.forEachRemaining(Streams.java:735)
	at java.base/java.util.stream.Streams$ConcatSpliterator.forEachRemaining(Streams.java:734)
	at java.base/java.util.stream.Streams$ConcatSpliterator.forEachRemaining(Streams.java:734)
	at java.base/java.util.stream.ReferencePipeline$Head.forEach(ReferencePipeline.java:658)
	at org.junit.jupiter.engine.descriptor.ClassBasedTestDescriptor.invokeTestInstancePostProcessors(ClassBasedTestDescriptor.java:362)
	at org.junit.jupiter.engine.descriptor.ClassBasedTestDescriptor.lambda$instantiateAndPostProcessTestInstance$6(ClassBasedTestDescriptor.java:283)
	at org.junit.platform.engine.support.hierarchical.ThrowableCollector.execute(ThrowableCollector.java:73)
	at org.junit.jupiter.engine.descriptor.ClassBasedTestDescriptor.instantiateAndPostProcessTestInstance(ClassBasedTestDescriptor.java:282)
	at org.junit.jupiter.engine.descriptor.ClassBasedTestDescriptor.lambda$testInstancesProvider$4(ClassBasedTestDescriptor.java:272)
	at java.base/java.util.Optional.orElseGet(Optional.java:369)
	at org.junit.jupiter.engine.descriptor.ClassBasedTestDescriptor.lambda$testInstancesProvider$5(ClassBasedTestDescriptor.java:271)
	at org.junit.jupiter.engine.execution.TestInstancesProvider.getTestInstances(TestInstancesProvider.java:31)
	at org.junit.jupiter.engine.descriptor.TestMethodTestDescriptor.lambda$prepare$0(TestMethodTestDescriptor.java:102)
	at org.junit.platform.engine.support.hierarchical.ThrowableCollector.execute(ThrowableCollector.java:73)
	at org.junit.jupiter.engine.descriptor.TestMethodTestDescriptor.prepare(TestMethodTestDescriptor.java:101)
	at org.junit.jupiter.engine.descriptor.TestMethodTestDescriptor.prepare(TestMethodTestDescriptor.java:66)
	at org.junit.platform.engine.support.hierarchical.NodeTestTask.lambda$prepare$2(NodeTestTask.java:123)
	at org.junit.platform.engine.support.hierarchical.ThrowableCollector.execute(ThrowableCollector.java:73)
	at org.junit.platform.engine.support.hierarchical.NodeTestTask.prepare(NodeTestTask.java:123)
	at org.junit.platform.engine.support.hierarchical.NodeTestTask.execute(NodeTestTask.java:90)
	at org.junit.platform.engine.support.hierarchical.SameThreadHierarchicalTestExecutorService.submit(SameThreadHierarchicalTestExecutorService.java:35)
	at org.junit.platform.engine.support.hierarchical.NodeTestTask$DefaultDynamicTestExecutor.execute(NodeTestTask.java:226)
	at org.junit.platform.engine.support.hierarchical.NodeTestTask$DefaultDynamicTestExecutor.execute(NodeTestTask.java:204)
	at org.junit.jupiter.engine.descriptor.TestTemplateTestDescriptor.execute(TestTemplateTestDescriptor.java:139)
	at org.junit.jupiter.engine.descriptor.TestTemplateTestDescriptor.lambda$execute$2(TestTemplateTestDescriptor.java:107)
	at java.base/java.util.stream.ForEachOps$ForEachOp$OfRef.accept(ForEachOps.java:183)
	at java.base/java.util.stream.ReferencePipeline$3$1.accept(ReferencePipeline.java:195)
	at java.base/java.util.stream.ReferencePipeline$2$1.accept(ReferencePipeline.java:177)
	at java.base/java.util.stream.ReferencePipeline$3$1.accept(ReferencePipeline.java:195)
	at java.base/java.util.stream.ForEachOps$ForEachOp$OfRef.accept(ForEachOps.java:183)
	at java.base/java.util.stream.ReferencePipeline$3$1.accept(ReferencePipeline.java:195)
	at java.base/java.util.stream.ReferencePipeline$3$1.accept(ReferencePipeline.java:195)
	at java.base/java.util.stream.ReferencePipeline$3$1.accept(ReferencePipeline.java:195)
	at java.base/java.util.stream.Streams$StreamBuilderImpl.forEachRemaining(Streams.java:411)
	at java.base/java.util.stream.ReferencePipeline$Head.forEach(ReferencePipeline.java:658)
	at java.base/java.util.stream.ReferencePipeline$7$1.accept(ReferencePipeline.java:274)
	at java.base/java.util.stream.ReferencePipeline$3$1.accept(ReferencePipeline.java:195)
	at java.base/java.util.stream.ReferencePipeline$3$1.accept(ReferencePipeline.java:195)
	at java.base/java.util.stream.ReferencePipeline$3$1.accept(ReferencePipeline.java:195)
	at java.base/java.util.ArrayList$ArrayListSpliterator.forEachRemaining(ArrayList.java:1655)
	at java.base/java.util.stream.AbstractPipeline.copyInto(AbstractPipeline.java:484)
	at java.base/java.util.stream.AbstractPipeline.wrapAndCopyInto(AbstractPipeline.java:474)
	at java.base/java.util.stream.ForEachOps$ForEachOp.evaluateSequential(ForEachOps.java:150)
	at java.base/java.util.stream.ForEachOps$ForEachOp$OfRef.evaluateSequential(ForEachOps.java:173)
	at java.base/java.util.stream.AbstractPipeline.evaluate(AbstractPipeline.java:234)
	at java.base/java.util.stream.ReferencePipeline.forEach(ReferencePipeline.java:497)
	at java.base/java.util.stream.ReferencePipeline$7$1.accept(ReferencePipeline.java:274)
	at java.base/java.util.ArrayList$ArrayListSpliterator.forEachRemaining(ArrayList.java:1655)
	at java.base/java.util.stream.AbstractPipeline.copyInto(AbstractPipeline.java:484)
	at java.base/java.util.stream.AbstractPipeline.wrapAndCopyInto(AbstractPipeline.java:474)
	at java.base/java.util.stream.ForEachOps$ForEachOp.evaluateSequential(ForEachOps.java:150)
	at java.base/java.util.stream.ForEachOps$ForEachOp$OfRef.evaluateSequential(ForEachOps.java:173)
	at java.base/java.util.stream.AbstractPipeline.evaluate(AbstractPipeline.java:234)
	at java.base/java.util.stream.ReferencePipeline.forEach(ReferencePipeline.java:497)
	at org.junit.jupiter.engine.descriptor.TestTemplateTestDescriptor.execute(TestTemplateTestDescriptor.java:107)
	at org.junit.jupiter.engine.descriptor.TestTemplateTestDescriptor.execute(TestTemplateTestDescriptor.java:42)
	at org.junit.platform.engine.support.hierarchical.NodeTestTask.lambda$executeRecursively$6(NodeTestTask.java:151)
	at org.junit.platform.engine.support.hierarchical.ThrowableCollector.execute(ThrowableCollector.java:73)
	at org.junit.platform.engine.support.hierarchical.NodeTestTask.lambda$executeRecursively$8(NodeTestTask.java:141)
	at org.junit.platform.engine.support.hierarchical.Node.around(Node.java:137)
	at org.junit.platform.engine.support.hierarchical.NodeTestTask.lambda$executeRecursively$9(NodeTestTask.java:139)
	at org.junit.platform.engine.support.hierarchical.ThrowableCollector.execute(ThrowableCollector.java:73)
	at org.junit.platform.engine.support.hierarchical.NodeTestTask.executeRecursively(NodeTestTask.java:138)
	at org.junit.platform.engine.support.hierarchical.NodeTestTask.execute(NodeTestTask.java:95)
	at java.base/java.util.ArrayList.forEach(ArrayList.java:1541)
	at org.junit.platform.engine.support.hierarchical.SameThreadHierarchicalTestExecutorService.invokeAll(SameThreadHierarchicalTestExecutorService.java:41)
	at org.junit.platform.engine.support.hierarchical.NodeTestTask.lambda$executeRecursively$6(NodeTestTask.java:155)
	at org.junit.platform.engine.support.hierarchical.ThrowableCollector.execute(ThrowableCollector.java:73)
	at org.junit.platform.engine.support.hierarchical.NodeTestTask.lambda$executeRecursively$8(NodeTestTask.java:141)
	at org.junit.platform.engine.support.hierarchical.Node.around(Node.java:137)
	at org.junit.platform.engine.support.hierarchical.NodeTestTask.lambda$executeRecursively$9(NodeTestTask.java:139)
	at org.junit.platform.engine.support.hierarchical.ThrowableCollector.execute(ThrowableCollector.java:73)
	at org.junit.platform.engine.support.hierarchical.NodeTestTask.executeRecursively(NodeTestTask.java:138)
	at org.junit.platform.engine.support.hierarchical.NodeTestTask.execute(NodeTestTask.java:95)
	at java.base/java.util.ArrayList.forEach(ArrayList.java:1541)
	at org.junit.platform.engine.support.hierarchical.SameThreadHierarchicalTestExecutorService.invokeAll(SameThreadHierarchicalTestExecutorService.java:41)
	at org.junit.platform.engine.support.hierarchical.NodeTestTask.lambda$executeRecursively$6(NodeTestTask.java:155)
	at org.junit.platform.engine.support.hierarchical.ThrowableCollector.execute(ThrowableCollector.java:73)
	at org.junit.platform.engine.support.hierarchical.NodeTestTask.lambda$executeRecursively$8(NodeTestTask.java:141)
	at org.junit.platform.engine.support.hierarchical.Node.around(Node.java:137)
	at org.junit.platform.engine.support.hierarchical.NodeTestTask.lambda$executeRecursively$9(NodeTestTask.java:139)
	at org.junit.platform.engine.support.hierarchical.ThrowableCollector.execute(ThrowableCollector.java:73)
	at org.junit.platform.engine.support.hierarchical.NodeTestTask.executeRecursively(NodeTestTask.java:138)
	at org.junit.platform.engine.support.hierarchical.NodeTestTask.execute(NodeTestTask.java:95)
	at org.junit.platform.engine.support.hierarchical.SameThreadHierarchicalTestExecutorService.submit(SameThreadHierarchicalTestExecutorService.java:35)
	at org.junit.platform.engine.support.hierarchical.HierarchicalTestExecutor.execute(HierarchicalTestExecutor.java:57)
	at org.junit.platform.engine.support.hierarchical.HierarchicalTestEngine.execute(HierarchicalTestEngine.java:54)
	at org.junit.platform.launcher.core.DefaultLauncher.execute(DefaultLauncher.java:220)
	at org.junit.platform.launcher.core.DefaultLauncher.lambda$execute$6(DefaultLauncher.java:188)
	at org.junit.platform.launcher.core.DefaultLauncher.withInterceptedStreams(DefaultLauncher.java:202)
	at org.junit.platform.launcher.core.DefaultLauncher.execute(DefaultLauncher.java:181)
	at org.junit.platform.launcher.core.DefaultLauncher.execute(DefaultLauncher.java:128)
	at org.apache.maven.surefire.junitplatform.JUnitPlatformProvider.invokeAllTests(JUnitPlatformProvider.java:150)
	at org.apache.maven.surefire.junitplatform.JUnitPlatformProvider.invoke(JUnitPlatformProvider.java:124)
	at org.apache.maven.surefire.booter.ForkedBooter.invokeProviderInSameClassLoader(ForkedBooter.java:384)
	at org.apache.maven.surefire.booter.ForkedBooter.runSuitesInProcess(ForkedBooter.java:345)
	at org.apache.maven.surefire.booter.ForkedBooter.execute(ForkedBooter.java:126)
	at org.apache.maven.surefire.booter.ForkedBooter.main(ForkedBooter.java:418)
Caused by: org.springframework.beans.factory.UnsatisfiedDependencyException: Error creating bean with name 'springSecurity': Unsatisfied dependency expressed through field 'userservice'; nested exception is org.springframework.beans.factory.UnsatisfiedDependencyException: Error creating bean with name 'userdetailserviceimpl': Unsatisfied dependency expressed through field 'userRepository'; nested exception is org.springframework.beans.factory.BeanCreationException: Error creating bean with name 'userRepository' defined in net.engineeringdigest.journalApp.repository.UserRepository defined in @EnableMongoRepositories declared on MongoRepositoriesRegistrar.EnableMongoRepositoriesConfiguration: Cannot resolve reference to bean 'mongoTemplate' while setting bean property 'mongoOperations'; nested exception is org.springframework.beans.factory.BeanCreationException: Error creating bean with name 'mongoTemplate' defined in class path resource [org/springframework/boot/autoconfigure/data/mongo/MongoDatabaseFactoryDependentConfiguration.class]: Bean instantiation via factory method failed; nested exception is org.springframework.beans.BeanInstantiationException: Failed to instantiate [org.springframework.data.mongodb.core.MongoTemplate]: Factory method 'mongoTemplate' threw exception; nested exception is org.springframework.dao.DataAccessResourceFailureException: Timed out after 30000 ms while waiting for a server that matches com.mongodb.client.internal.MongoClientDelegate$1@2804b13f. Client view of cluster state is {type=REPLICA_SET, servers=[{address=ac-ggf694n-shard-00-00.1q4yqcd.mongodb.net:27017, type=UNKNOWN, state=CONNECTING, exception={com.mongodb.MongoSocketWriteException: Exception sending message}, caused by {javax.net.ssl.SSLException: Received fatal alert: internal_error}}, {address=ac-ggf694n-shard-00-02.1q4yqcd.mongodb.net:27017, type=UNKNOWN, state=CONNECTING, exception={com.mongodb.MongoSocketWriteException: Exception sending message}, caused by {javax.net.ssl.SSLException: Received fatal alert: internal_error}}, {address=ac-ggf694n-shard-00-01.1q4yqcd.mongodb.net:27017, type=UNKNOWN, state=CONNECTING, exception={com.mongodb.MongoSocketWriteException: Exception sending message}, caused by {javax.net.ssl.SSLException: Received fatal alert: internal_error}}]; nested exception is com.mongodb.MongoTimeoutException: Timed out after 30000 ms while waiting for a server that matches com.mongodb.client.internal.MongoClientDelegate$1@2804b13f. Client view of cluster state is {type=REPLICA_SET, servers=[{address=ac-ggf694n-shard-00-00.1q4yqcd.mongodb.net:27017, type=UNKNOWN, state=CONNECTING, exception={com.mongodb.MongoSocketWriteException: Exception sending message}, caused by {javax.net.ssl.SSLException: Received fatal alert: internal_error}}, {address=ac-ggf694n-shard-00-02.1q4yqcd.mongodb.net:27017, type=UNKNOWN, state=CONNECTING, exception={com.mongodb.MongoSocketWriteException: Exception sending message}, caused by {javax.net.ssl.SSLException: Received fatal alert: internal_error}}, {address=ac-ggf694n-shard-00-01.1q4yqcd.mongodb.net:27017, type=UNKNOWN, state=CONNECTING, exception={com.mongodb.MongoSocketWriteException: Exception sending message}, caused by {javax.net.ssl.SSLException: Received fatal alert: internal_error}}]
	at org.springframework.beans.factory.annotation.AutowiredAnnotationBeanPostProcessor$AutowiredFieldElement.resolveFieldValue(AutowiredAnnotationBeanPostProcessor.java:713)
	at org.springframework.beans.factory.annotation.AutowiredAnnotationBeanPostProcessor$AutowiredFieldElement.inject(AutowiredAnnotationBeanPostProcessor.java:693)
	at org.springframework.beans.factory.annotation.InjectionMetadata.inject(InjectionMetadata.java:119)
	at org.springframework.beans.factory.annotation.AutowiredAnnotationBeanPostProcessor.postProcessProperties(AutowiredAnnotationBeanPostProcessor.java:408)
	at org.springframework.beans.factory.support.AbstractAutowireCapableBeanFactory.populateBean(AbstractAutowireCapableBeanFactory.java:1431)
	at org.springframework.beans.factory.support.AbstractAutowireCapableBeanFactory.doCreateBean(AbstractAutowireCapableBeanFactory.java:619)
	at org.springframework.beans.factory.support.AbstractAutowireCapableBeanFactory.createBean(AbstractAutowireCapableBeanFactory.java:542)
	at org.springframework.beans.factory.support.AbstractBeanFactory.lambda$doGetBean$0(AbstractBeanFactory.java:335)
	at org.springframework.beans.factory.support.DefaultSingletonBeanRegistry.getSingleton(DefaultSingletonBeanRegistry.java:234)
	at org.springframework.beans.factory.support.AbstractBeanFactory.doGetBean(AbstractBeanFactory.java:333)
	at org.springframework.beans.factory.support.AbstractBeanFactory.getBean(AbstractBeanFactory.java:208)
	at org.springframework.beans.factory.support.DefaultListableBeanFactory.preInstantiateSingletons(DefaultListableBeanFactory.java:955)
	at org.springframework.context.support.AbstractApplicationContext.finishBeanFactoryInitialization(AbstractApplicationContext.java:921)
	at org.springframework.context.support.AbstractApplicationContext.refresh(AbstractApplicationContext.java:583)
	at org.springframework.boot.SpringApplication.refresh(SpringApplication.java:731)
	at org.springframework.boot.SpringApplication.refreshContext(SpringApplication.java:408)
	at org.springframework.boot.SpringApplication.run(SpringApplication.java:307)
	at org.springframework.boot.test.context.SpringBootContextLoader.loadContext(SpringBootContextLoader.java:136)
	at org.springframework.test.context.cache.DefaultCacheAwareContextLoaderDelegate.loadContextInternal(DefaultCacheAwareContextLoaderDelegate.java:141)
	at org.springframework.test.context.cache.DefaultCacheAwareContextLoaderDelegate.loadContext(DefaultCacheAwareContextLoaderDelegate.java:90)
	... 112 common frames omitted
Caused by: org.springframework.beans.factory.UnsatisfiedDependencyException: Error creating bean with name 'userdetailserviceimpl': Unsatisfied dependency expressed through field 'userRepository'; nested exception is org.springframework.beans.factory.BeanCreationException: Error creating bean with name 'userRepository' defined in net.engineeringdigest.journalApp.repository.UserRepository defined in @EnableMongoRepositories declared on MongoRepositoriesRegistrar.EnableMongoRepositoriesConfiguration: Cannot resolve reference to bean 'mongoTemplate' while setting bean property 'mongoOperations'; nested exception is org.springframework.beans.factory.BeanCreationException: Error creating bean with name 'mongoTemplate' defined in class path resource [org/springframework/boot/autoconfigure/data/mongo/MongoDatabaseFactoryDependentConfiguration.class]: Bean instantiation via factory method failed; nested exception is org.springframework.beans.BeanInstantiationException: Failed to instantiate [org.springframework.data.mongodb.core.MongoTemplate]: Factory method 'mongoTemplate' threw exception; nested exception is org.springframework.dao.DataAccessResourceFailureException: Timed out after 30000 ms while waiting for a server that matches com.mongodb.client.internal.MongoClientDelegate$1@2804b13f. Client view of cluster state is {type=REPLICA_SET, servers=[{address=ac-ggf694n-shard-00-00.1q4yqcd.mongodb.net:27017, type=UNKNOWN, state=CONNECTING, exception={com.mongodb.MongoSocketWriteException: Exception sending message}, caused by {javax.net.ssl.SSLException: Received fatal alert: internal_error}}, {address=ac-ggf694n-shard-00-02.1q4yqcd.mongodb.net:27017, type=UNKNOWN, state=CONNECTING, exception={com.mongodb.MongoSocketWriteException: Exception sending message}, caused by {javax.net.ssl.SSLException: Received fatal alert: internal_error}}, {address=ac-ggf694n-shard-00-01.1q4yqcd.mongodb.net:27017, type=UNKNOWN, state=CONNECTING, exception={com.mongodb.MongoSocketWriteException: Exception sending message}, caused by {javax.net.ssl.SSLException: Received fatal alert: internal_error}}]; nested exception is com.mongodb.MongoTimeoutException: Timed out after 30000 ms while waiting for a server that matches com.mongodb.client.internal.MongoClientDelegate$1@2804b13f. Client view of cluster state is {type=REPLICA_SET, servers=[{address=ac-ggf694n-shard-00-00.1q4yqcd.mongodb.net:27017, type=UNKNOWN, state=CONNECTING, exception={com.mongodb.MongoSocketWriteException: Exception sending message}, caused by {javax.net.ssl.SSLException: Received fatal alert: internal_error}}, {address=ac-ggf694n-shard-00-02.1q4yqcd.mongodb.net:27017, type=UNKNOWN, state=CONNECTING, exception={com.mongodb.MongoSocketWriteException: Exception sending message}, caused by {javax.net.ssl.SSLException: Received fatal alert: internal_error}}, {address=ac-ggf694n-shard-00-01.1q4yqcd.mongodb.net:27017, type=UNKNOWN, state=CONNECTING, exception={com.mongodb.MongoSocketWriteException: Exception sending message}, caused by {javax.net.ssl.SSLException: Received fatal alert: internal_error}}]
	at org.springframework.beans.factory.annotation.AutowiredAnnotationBeanPostProcessor$AutowiredFieldElement.resolveFieldValue(AutowiredAnnotationBeanPostProcessor.java:713)
	at org.springframework.beans.factory.annotation.AutowiredAnnotationBeanPostProcessor$AutowiredFieldElement.inject(AutowiredAnnotationBeanPostProcessor.java:693)
	at org.springframework.beans.factory.annotation.InjectionMetadata.inject(InjectionMetadata.java:119)
	at org.springframework.beans.factory.annotation.AutowiredAnnotationBeanPostProcessor.postProcessProperties(AutowiredAnnotationBeanPostProcessor.java:408)
	at org.springframework.beans.factory.support.AbstractAutowireCapableBeanFactory.populateBean(AbstractAutowireCapableBeanFactory.java:1431)
	at org.springframework.beans.factory.support.AbstractAutowireCapableBeanFactory.doCreateBean(AbstractAutowireCapableBeanFactory.java:619)
	at org.springframework.beans.factory.support.AbstractAutowireCapableBeanFactory.createBean(AbstractAutowireCapableBeanFactory.java:542)
	at org.springframework.beans.factory.support.AbstractBeanFactory.lambda$doGetBean$0(AbstractBeanFactory.java:335)
	at org.springframework.beans.factory.support.DefaultSingletonBeanRegistry.getSingleton(DefaultSingletonBeanRegistry.java:234)
	at org.springframework.beans.factory.support.AbstractBeanFactory.doGetBean(AbstractBeanFactory.java:333)
	at org.springframework.beans.factory.support.AbstractBeanFactory.getBean(AbstractBeanFactory.java:208)
	at org.springframework.beans.factory.config.DependencyDescriptor.resolveCandidate(DependencyDescriptor.java:276)
	at org.springframework.beans.factory.support.DefaultListableBeanFactory.doResolveDependency(DefaultListableBeanFactory.java:1391)
	at org.springframework.beans.factory.support.DefaultListableBeanFactory.resolveDependency(DefaultListableBeanFactory.java:1311)
	at org.springframework.beans.factory.annotation.AutowiredAnnotationBeanPostProcessor$AutowiredFieldElement.resolveFieldValue(AutowiredAnnotationBeanPostProcessor.java:710)
	... 131 common frames omitted
Caused by: org.springframework.beans.factory.BeanCreationException: Error creating bean with name 'userRepository' defined in net.engineeringdigest.journalApp.repository.UserRepository defined in @EnableMongoRepositories declared on MongoRepositoriesRegistrar.EnableMongoRepositoriesConfiguration: Cannot resolve reference to bean 'mongoTemplate' while setting bean property 'mongoOperations'; nested exception is org.springframework.beans.factory.BeanCreationException: Error creating bean with name 'mongoTemplate' defined in class path resource [org/springframework/boot/autoconfigure/data/mongo/MongoDatabaseFactoryDependentConfiguration.class]: Bean instantiation via factory method failed; nested exception is org.springframework.beans.BeanInstantiationException: Failed to instantiate [org.springframework.data.mongodb.core.MongoTemplate]: Factory method 'mongoTemplate' threw exception; nested exception is org.springframework.dao.DataAccessResourceFailureException: Timed out after 30000 ms while waiting for a server that matches com.mongodb.client.internal.MongoClientDelegate$1@2804b13f. Client view of cluster state is {type=REPLICA_SET, servers=[{address=ac-ggf694n-shard-00-00.1q4yqcd.mongodb.net:27017, type=UNKNOWN, state=CONNECTING, exception={com.mongodb.MongoSocketWriteException: Exception sending message}, caused by {javax.net.ssl.SSLException: Received fatal alert: internal_error}}, {address=ac-ggf694n-shard-00-02.1q4yqcd.mongodb.net:27017, type=UNKNOWN, state=CONNECTING, exception={com.mongodb.MongoSocketWriteException: Exception sending message}, caused by {javax.net.ssl.SSLException: Received fatal alert: internal_error}}, {address=ac-ggf694n-shard-00-01.1q4yqcd.mongodb.net:27017, type=UNKNOWN, state=CONNECTING, exception={com.mongodb.MongoSocketWriteException: Exception sending message}, caused by {javax.net.ssl.SSLException: Received fatal alert: internal_error}}]; nested exception is com.mongodb.MongoTimeoutException: Timed out after 30000 ms while waiting for a server that matches com.mongodb.client.internal.MongoClientDelegate$1@2804b13f. Client view of cluster state is {type=REPLICA_SET, servers=[{address=ac-ggf694n-shard-00-00.1q4yqcd.mongodb.net:27017, type=UNKNOWN, state=CONNECTING, exception={com.mongodb.MongoSocketWriteException: Exception sending message}, caused by {javax.net.ssl.SSLException: Received fatal alert: internal_error}}, {address=ac-ggf694n-shard-00-02.1q4yqcd.mongodb.net:27017, type=UNKNOWN, state=CONNECTING, exception={com.mongodb.MongoSocketWriteException: Exception sending message}, caused by {javax.net.ssl.SSLException: Received fatal alert: internal_error}}, {address=ac-ggf694n-shard-00-01.1q4yqcd.mongodb.net:27017, type=UNKNOWN, state=CONNECTING, exception={com.mongodb.MongoSocketWriteException: Exception sending message}, caused by {javax.net.ssl.SSLException: Received fatal alert: internal_error}}]
	at org.springframework.beans.factory.support.BeanDefinitionValueResolver.resolveReference(BeanDefinitionValueResolver.java:342)
	at org.springframework.beans.factory.support.BeanDefinitionValueResolver.resolveValueIfNecessary(BeanDefinitionValueResolver.java:113)
	at org.springframework.beans.factory.support.AbstractAutowireCapableBeanFactory.applyPropertyValues(AbstractAutowireCapableBeanFactory.java:1707)
	at org.springframework.beans.factory.support.AbstractAutowireCapableBeanFactory.populateBean(AbstractAutowireCapableBeanFactory.java:1452)
	at org.springframework.beans.factory.support.AbstractAutowireCapableBeanFactory.doCreateBean(AbstractAutowireCapableBeanFactory.java:619)
	at org.springframework.beans.factory.support.AbstractAutowireCapableBeanFactory.createBean(AbstractAutowireCapableBeanFactory.java:542)
	at org.springframework.beans.factory.support.AbstractBeanFactory.lambda$doGetBean$0(AbstractBeanFactory.java:335)
	at org.springframework.beans.factory.support.DefaultSingletonBeanRegistry.getSingleton(DefaultSingletonBeanRegistry.java:234)
	at org.springframework.beans.factory.support.AbstractBeanFactory.doGetBean(AbstractBeanFactory.java:333)
	at org.springframework.beans.factory.support.AbstractBeanFactory.getBean(AbstractBeanFactory.java:208)
	at org.springframework.beans.factory.config.DependencyDescriptor.resolveCandidate(DependencyDescriptor.java:276)
	at org.springframework.beans.factory.support.DefaultListableBeanFactory.doResolveDependency(DefaultListableBeanFactory.java:1391)
	at org.springframework.beans.factory.support.DefaultListableBeanFactory.resolveDependency(DefaultListableBeanFactory.java:1311)
	at org.springframework.beans.factory.annotation.AutowiredAnnotationBeanPostProcessor$AutowiredFieldElement.resolveFieldValue(AutowiredAnnotationBeanPostProcessor.java:710)
	... 145 common frames omitted
Caused by: org.springframework.beans.factory.BeanCreationException: Error creating bean with name 'mongoTemplate' defined in class path resource [org/springframework/boot/autoconfigure/data/mongo/MongoDatabaseFactoryDependentConfiguration.class]: Bean instantiation via factory method failed; nested exception is org.springframework.beans.BeanInstantiationException: Failed to instantiate [org.springframework.data.mongodb.core.MongoTemplate]: Factory method 'mongoTemplate' threw exception; nested exception is org.springframework.dao.DataAccessResourceFailureException: Timed out after 30000 ms while waiting for a server that matches com.mongodb.client.internal.MongoClientDelegate$1@2804b13f. Client view of cluster state is {type=REPLICA_SET, servers=[{address=ac-ggf694n-shard-00-00.1q4yqcd.mongodb.net:27017, type=UNKNOWN, state=CONNECTING, exception={com.mongodb.MongoSocketWriteException: Exception sending message}, caused by {javax.net.ssl.SSLException: Received fatal alert: internal_error}}, {address=ac-ggf694n-shard-00-02.1q4yqcd.mongodb.net:27017, type=UNKNOWN, state=CONNECTING, exception={com.mongodb.MongoSocketWriteException: Exception sending message}, caused by {javax.net.ssl.SSLException: Received fatal alert: internal_error}}, {address=ac-ggf694n-shard-00-01.1q4yqcd.mongodb.net:27017, type=UNKNOWN, state=CONNECTING, exception={com.mongodb.MongoSocketWriteException: Exception sending message}, caused by {javax.net.ssl.SSLException: Received fatal alert: internal_error}}]; nested exception is com.mongodb.MongoTimeoutException: Timed out after 30000 ms while waiting for a server that matches com.mongodb.client.internal.MongoClientDelegate$1@2804b13f. Client view of cluster state is {type=REPLICA_SET, servers=[{address=ac-ggf694n-shard-00-00.1q4yqcd.mongodb.net:27017, type=UNKNOWN, state=CONNECTING, exception={com.mongodb.MongoSocketWriteException: Exception sending message}, caused by {javax.net.ssl.SSLException: Received fatal alert: internal_error}}, {address=ac-ggf694n-shard-00-02.1q4yqcd.mongodb.net:27017, type=UNKNOWN, state=CONNECTING, exception={com.mongodb.MongoSocketWriteException: Exception sending message}, caused by {javax.net.ssl.SSLException: Received fatal alert: internal_error}}, {address=ac-ggf694n-shard-00-01.1q4yqcd.mongodb.net:27017, type=UNKNOWN, state=CONNECTING, exception={com.mongodb.MongoSocketWriteException: Exception sending message}, caused by {javax.net.ssl.SSLException: Received fatal alert: internal_error}}]
	at org.springframework.beans.factory.support.ConstructorResolver.instantiate(ConstructorResolver.java:653)
	at org.springframework.beans.factory.support.ConstructorResolver.instantiateUsingFactoryMethod(ConstructorResolver.java:633)
	at org.springframework.beans.factory.support.AbstractAutowireCapableBeanFactory.instantiateUsingFactoryMethod(AbstractAutowireCapableBeanFactory.java:1352)
	at org.springframework.beans.factory.support.AbstractAutowireCapableBeanFactory.createBeanInstance(AbstractAutowireCapableBeanFactory.java:1195)
	at org.springframework.beans.factory.support.AbstractAutowireCapableBeanFactory.doCreateBean(AbstractAutowireCapableBeanFactory.java:582)
	at org.springframework.beans.factory.support.AbstractAutowireCapableBeanFactory.createBean(AbstractAutowireCapableBeanFactory.java:542)
	at org.springframework.beans.factory.support.AbstractBeanFactory.lambda$doGetBean$0(AbstractBeanFactory.java:335)
	at org.springframework.beans.factory.support.DefaultSingletonBeanRegistry.getSingleton(DefaultSingletonBeanRegistry.java:234)
	at org.springframework.beans.factory.support.AbstractBeanFactory.doGetBean(AbstractBeanFactory.java:333)
	at org.springframework.beans.factory.support.AbstractBeanFactory.getBean(AbstractBeanFactory.java:208)
	at org.springframework.beans.factory.support.BeanDefinitionValueResolver.resolveReference(BeanDefinitionValueResolver.java:330)
	... 158 common frames omitted
Caused by: org.springframework.beans.BeanInstantiationException: Failed to instantiate [org.springframework.data.mongodb.core.MongoTemplate]: Factory method 'mongoTemplate' threw exception; nested exception is org.springframework.dao.DataAccessResourceFailureException: Timed out after 30000 ms while waiting for a server that matches com.mongodb.client.internal.MongoClientDelegate$1@2804b13f. Client view of cluster state is {type=REPLICA_SET, servers=[{address=ac-ggf694n-shard-00-00.1q4yqcd.mongodb.net:27017, type=UNKNOWN, state=CONNECTING, exception={com.mongodb.MongoSocketWriteException: Exception sending message}, caused by {javax.net.ssl.SSLException: Received fatal alert: internal_error}}, {address=ac-ggf694n-shard-00-02.1q4yqcd.mongodb.net:27017, type=UNKNOWN, state=CONNECTING, exception={com.mongodb.MongoSocketWriteException: Exception sending message}, caused by {javax.net.ssl.SSLException: Received fatal alert: internal_error}}, {address=ac-ggf694n-shard-00-01.1q4yqcd.mongodb.net:27017, type=UNKNOWN, state=CONNECTING, exception={com.mongodb.MongoSocketWriteException: Exception sending message}, caused by {javax.net.ssl.SSLException: Received fatal alert: internal_error}}]; nested exception is com.mongodb.MongoTimeoutException: Timed out after 30000 ms while waiting for a server that matches com.mongodb.client.internal.MongoClientDelegate$1@2804b13f. Client view of cluster state is {type=REPLICA_SET, servers=[{address=ac-ggf694n-shard-00-00.1q4yqcd.mongodb.net:27017, type=UNKNOWN, state=CONNECTING, exception={com.mongodb.MongoSocketWriteException: Exception sending message}, caused by {javax.net.ssl.SSLException: Received fatal alert: internal_error}}, {address=ac-ggf694n-shard-00-02.1q4yqcd.mongodb.net:27017, type=UNKNOWN, state=CONNECTING, exception={com.mongodb.MongoSocketWriteException: Exception sending message}, caused by {javax.net.ssl.SSLException: Received fatal alert: internal_error}}, {address=ac-ggf694n-shard-00-01.1q4yqcd.mongodb.net:27017, type=UNKNOWN, state=CONNECTING, exception={com.mongodb.MongoSocketWriteException: Exception sending message}, caused by {javax.net.ssl.SSLException: Received fatal alert: internal_error}}]
	at org.springframework.beans.factory.support.SimpleInstantiationStrategy.instantiate(SimpleInstantiationStrategy.java:185)
	at org.springframework.beans.factory.support.ConstructorResolver.instantiate(ConstructorResolver.java:648)
	... 168 common frames omitted
Caused by: org.springframework.dao.DataAccessResourceFailureException: Timed out after 30000 ms while waiting for a server that matches com.mongodb.client.internal.MongoClientDelegate$1@2804b13f. Client view of cluster state is {type=REPLICA_SET, servers=[{address=ac-ggf694n-shard-00-00.1q4yqcd.mongodb.net:27017, type=UNKNOWN, state=CONNECTING, exception={com.mongodb.MongoSocketWriteException: Exception sending message}, caused by {javax.net.ssl.SSLException: Received fatal alert: internal_error}}, {address=ac-ggf694n-shard-00-02.1q4yqcd.mongodb.net:27017, type=UNKNOWN, state=CONNECTING, exception={com.mongodb.MongoSocketWriteException: Exception sending message}, caused by {javax.net.ssl.SSLException: Received fatal alert: internal_error}}, {address=ac-ggf694n-shard-00-01.1q4yqcd.mongodb.net:27017, type=UNKNOWN, state=CONNECTING, exception={com.mongodb.MongoSocketWriteException: Exception sending message}, caused by {javax.net.ssl.SSLException: Received fatal alert: internal_error}}]; nested exception is com.mongodb.MongoTimeoutException: Timed out after 30000 ms while waiting for a server that matches com.mongodb.client.internal.MongoClientDelegate$1@2804b13f. Client view of cluster state is {type=REPLICA_SET, servers=[{address=ac-ggf694n-shard-00-00.1q4yqcd.mongodb.net:27017, type=UNKNOWN, state=CONNECTING, exception={com.mongodb.MongoSocketWriteException: Exception sending message}, caused by {javax.net.ssl.SSLException: Received fatal alert: internal_error}}, {address=ac-ggf694n-shard-00-02.1q4yqcd.mongodb.net:27017, type=UNKNOWN, state=CONNECTING, exception={com.mongodb.MongoSocketWriteException: Exception sending message}, caused by {javax.net.ssl.SSLException: Received fatal alert: internal_error}}, {address=ac-ggf694n-shard-00-01.1q4yqcd.mongodb.net:27017, type=UNKNOWN, state=CONNECTING, exception={com.mongodb.MongoSocketWriteException: Exception sending message}, caused by {javax.net.ssl.SSLException: Received fatal alert: internal_error}}]
	at org.springframework.data.mongodb.core.MongoExceptionTranslator.translateExceptionIfPossible(MongoExceptionTranslator.java:95)
	at org.springframework.data.mongodb.core.MongoTemplate.potentiallyConvertRuntimeException(MongoTemplate.java:3029)
	at org.springframework.data.mongodb.core.MongoTemplate.execute(MongoTemplate.java:581)
	at org.springframework.data.mongodb.core.DefaultIndexOperations.execute(DefaultIndexOperations.java:215)
	at org.springframework.data.mongodb.core.DefaultIndexOperations.ensureIndex(DefaultIndexOperations.java:121)
	at org.springframework.data.mongodb.core.index.MongoPersistentEntityIndexCreator.createIndex(MongoPersistentEntityIndexCreator.java:157)
	at org.springframework.data.mongodb.core.index.MongoPersistentEntityIndexCreator.checkForAndCreateIndexes(MongoPersistentEntityIndexCreator.java:147)
	at org.springframework.data.mongodb.core.index.MongoPersistentEntityIndexCreator.checkForIndexes(MongoPersistentEntityIndexCreator.java:131)
	at org.springframework.data.mongodb.core.index.MongoPersistentEntityIndexCreator.<init>(MongoPersistentEntityIndexCreator.java:96)
	at org.springframework.data.mongodb.core.index.MongoPersistentEntityIndexCreator.<init>(MongoPersistentEntityIndexCreator.java:73)
	at org.springframework.data.mongodb.core.MongoTemplate.<init>(MongoTemplate.java:224)
	at org.springframework.boot.autoconfigure.data.mongo.MongoDatabaseFactoryDependentConfiguration.mongoTemplate(MongoDatabaseFactoryDependentConfiguration.java:63)
	at java.base/jdk.internal.reflect.NativeMethodAccessorImpl.invoke0(Native Method)
	at java.base/jdk.internal.reflect.NativeMethodAccessorImpl.invoke(NativeMethodAccessorImpl.java:62)
	at java.base/jdk.internal.reflect.DelegatingMethodAccessorImpl.invoke(DelegatingMethodAccessorImpl.java:43)
	at java.base/java.lang.reflect.Method.invoke(Method.java:566)
	at org.springframework.beans.factory.support.SimpleInstantiationStrategy.instantiate(SimpleInstantiationStrategy.java:154)
	... 169 common frames omitted
Caused by: com.mongodb.MongoTimeoutException: Timed out after 30000 ms while waiting for a server that matches com.mongodb.client.internal.MongoClientDelegate$1@2804b13f. Client view of cluster state is {type=REPLICA_SET, servers=[{address=ac-ggf694n-shard-00-00.1q4yqcd.mongodb.net:27017, type=UNKNOWN, state=CONNECTING, exception={com.mongodb.MongoSocketWriteException: Exception sending message}, caused by {javax.net.ssl.SSLException: Received fatal alert: internal_error}}, {address=ac-ggf694n-shard-00-02.1q4yqcd.mongodb.net:27017, type=UNKNOWN, state=CONNECTING, exception={com.mongodb.MongoSocketWriteException: Exception sending message}, caused by {javax.net.ssl.SSLException: Received fatal alert: internal_error}}, {address=ac-ggf694n-shard-00-01.1q4yqcd.mongodb.net:27017, type=UNKNOWN, state=CONNECTING, exception={com.mongodb.MongoSocketWriteException: Exception sending message}, caused by {javax.net.ssl.SSLException: Received fatal alert: internal_error}}]
	at com.mongodb.internal.connection.BaseCluster.createTimeoutException(BaseCluster.java:424)
	at com.mongodb.internal.connection.BaseCluster.selectServer(BaseCluster.java:121)
	at com.mongodb.internal.connection.AbstractMultiServerCluster.selectServer(AbstractMultiServerCluster.java:50)
	at com.mongodb.client.internal.MongoClientDelegate.getConnectedClusterDescription(MongoClientDelegate.java:146)
	at com.mongodb.client.internal.MongoClientDelegate.createClientSession(MongoClientDelegate.java:101)
	at com.mongodb.client.internal.MongoClientDelegate$DelegateOperationExecutor.getClientSession(MongoClientDelegate.java:291)
	at com.mongodb.client.internal.MongoClientDelegate$DelegateOperationExecutor.execute(MongoClientDelegate.java:207)
	at com.mongodb.client.internal.MongoCollectionImpl.executeCreateIndexes(MongoCollectionImpl.java:848)
	at com.mongodb.client.internal.MongoCollectionImpl.createIndexes(MongoCollectionImpl.java:831)
	at com.mongodb.client.internal.MongoCollectionImpl.createIndexes(MongoCollectionImpl.java:826)
	at com.mongodb.client.internal.MongoCollectionImpl.createIndex(MongoCollectionImpl.java:811)
	at org.springframework.data.mongodb.core.DefaultIndexOperations.lambda$ensureIndex$0(DefaultIndexOperations.java:131)
	at org.springframework.data.mongodb.core.MongoTemplate.execute(MongoTemplate.java:579)
	... 183 common frames omitted
26-05-15 16:27:31.865 [main] INFO  n.e.journalApp.JournalApplication - Starting JournalApplication using Java 11.0.31 on LAPTOP-4IL5G33D with PID 23944 (C:\Users\SIDDHU\OneDrive\Desktop\journalapp\journalApp\target\classes started by SIDDHU in C:\Users\SIDDHU\OneDrive\Desktop\journalapp\journalApp)
26-05-15 16:27:31.870 [main] INFO  n.e.journalApp.JournalApplication - The following 1 profile is active: "dev"
26-05-15 16:27:32.819 [main] INFO  o.s.d.r.c.RepositoryConfigurationDelegate - Bootstrapping Spring Data MongoDB repositories in DEFAULT mode.
26-05-15 16:27:32.907 [main] INFO  o.s.d.r.c.RepositoryConfigurationDelegate - Finished Spring Data repository scanning in 80 ms. Found 2 MongoDB repository interfaces.
26-05-15 16:27:34.333 [main] INFO  o.s.b.w.e.tomcat.TomcatWebServer - Tomcat initialized with port(s): 8082 (http)
26-05-15 16:27:34.342 [main] INFO  o.a.coyote.http11.Http11NioProtocol - Initializing ProtocolHandler ["http-nio-8082"]
26-05-15 16:27:34.346 [main] INFO  o.a.catalina.core.StandardService - Starting service [Tomcat]
26-05-15 16:27:34.346 [main] INFO  o.a.catalina.core.StandardEngine - Starting Servlet engine: [Apache Tomcat/9.0.80]
26-05-15 16:27:34.493 [main] INFO  o.a.c.c.C.[.[.[/journalapp] - Initializing Spring embedded WebApplicationContext
26-05-15 16:27:34.493 [main] INFO  o.s.b.w.s.c.ServletWebServerApplicationContext - Root WebApplicationContext: initialization completed in 2549 ms
26-05-15 16:27:34.854 [cluster-ClusterId{value='6a06fc1e33aa8d2feabf06b6', description='null'}-srv-cluster0.1q4yqcd.mongodb.net] INFO  org.mongodb.driver.cluster - Adding discovered server ac-ggf694n-shard-00-01.1q4yqcd.mongodb.net:27017 to client view of cluster
26-05-15 16:27:34.854 [main] INFO  org.mongodb.driver.client - MongoClient with metadata {"driver": {"name": "mongo-java-driver|sync|spring-boot", "version": "4.6.1"}, "os": {"type": "Windows", "name": "Windows 11", "architecture": "amd64", "version": "10.0"}, "platform": "Java/Microsoft/11.0.31+11-LTS", "application": {"name": "Cluster0"}} created with settings MongoClientSettings{readPreference=primary, writeConcern=WriteConcern{w=null, wTimeout=null ms, journal=null}, retryWrites=true, retryReads=true, readConcern=ReadConcern{level=null}, credential=MongoCredential{mechanism=null, userName='banusiddharth35_db_user', source='admin', password=<hidden>, mechanismProperties=<hidden>}, streamFactoryFactory=null, commandListeners=[], codecRegistry=ProvidersCodecRegistry{codecProviders=[ValueCodecProvider{}, BsonValueCodecProvider{}, DBRefCodecProvider{}, DBObjectCodecProvider{}, DocumentCodecProvider{}, IterableCodecProvider{}, MapCodecProvider{}, GeoJsonCodecProvider{}, GridFSFileCodecProvider{}, Jsr310CodecProvider{}, JsonObjectCodecProvider{}, BsonCodecProvider{}, EnumCodecProvider{}, com.mongodb.Jep395RecordCodecProvider@3f598450]}, clusterSettings={hosts=[127.0.0.1:27017], srvHost=cluster0.1q4yqcd.mongodb.net, srvServiceName=mongodb, mode=MULTIPLE, requiredClusterType=REPLICA_SET, requiredReplicaSetName='atlas-mizxxc-shard-0', serverSelector='null', clusterListeners='[]', serverSelectionTimeout='30000 ms', localThreshold='30000 ms'}, socketSettings=SocketSettings{connectTimeoutMS=10000, readTimeoutMS=0, receiveBufferSize=0, sendBufferSize=0}, heartbeatSocketSettings=SocketSettings{connectTimeoutMS=10000, readTimeoutMS=10000, receiveBufferSize=0, sendBufferSize=0}, connectionPoolSettings=ConnectionPoolSettings{maxSize=100, minSize=0, maxWaitTimeMS=120000, maxConnectionLifeTimeMS=0, maxConnectionIdleTimeMS=0, maintenanceInitialDelayMS=0, maintenanceFrequencyMS=60000, connectionPoolListeners=[], maxConnecting=2}, serverSettings=ServerSettings{heartbeatFrequencyMS=10000, minHeartbeatFrequencyMS=500, serverListeners='[]', serverMonitorListeners='[]'}, sslSettings=SslSettings{enabled=true, invalidHostNameAllowed=false, context=null}, applicationName='Cluster0', compressorList=[], uuidRepresentation=JAVA_LEGACY, serverApi=null, autoEncryptionSettings=null, contextProvider=null}
26-05-15 16:27:34.884 [cluster-ClusterId{value='6a06fc1e33aa8d2feabf06b6', description='null'}-srv-cluster0.1q4yqcd.mongodb.net] INFO  org.mongodb.driver.cluster - Adding discovered server ac-ggf694n-shard-00-00.1q4yqcd.mongodb.net:27017 to client view of cluster
26-05-15 16:27:34.886 [cluster-ClusterId{value='6a06fc1e33aa8d2feabf06b6', description='null'}-srv-cluster0.1q4yqcd.mongodb.net] INFO  org.mongodb.driver.cluster - Adding discovered server ac-ggf694n-shard-00-02.1q4yqcd.mongodb.net:27017 to client view of cluster
26-05-15 16:27:35.200 [cluster-ClusterId{value='6a06fc1e33aa8d2feabf06b6', description='null'}-ac-ggf694n-shard-00-02.1q4yqcd.mongodb.net:27017] INFO  org.mongodb.driver.cluster - Exception in monitor thread while connecting to server ac-ggf694n-shard-00-02.1q4yqcd.mongodb.net:27017
com.mongodb.MongoSocketWriteException: Exception sending message
	at com.mongodb.internal.connection.InternalStreamConnection.translateWriteException(InternalStreamConnection.java:684)
	at com.mongodb.internal.connection.InternalStreamConnection.sendMessage(InternalStreamConnection.java:555)
	at com.mongodb.internal.connection.InternalStreamConnection.sendCommandMessage(InternalStreamConnection.java:381)
	at com.mongodb.internal.connection.InternalStreamConnection.sendAndReceive(InternalStreamConnection.java:329)
	at com.mongodb.internal.connection.CommandHelper.sendAndReceive(CommandHelper.java:101)
	at com.mongodb.internal.connection.CommandHelper.executeCommand(CommandHelper.java:45)
	at com.mongodb.internal.connection.InternalStreamConnectionInitializer.initializeConnectionDescription(InternalStreamConnectionInitializer.java:131)
	at com.mongodb.internal.connection.InternalStreamConnectionInitializer.startHandshake(InternalStreamConnectionInitializer.java:73)
	at com.mongodb.internal.connection.InternalStreamConnection.open(InternalStreamConnection.java:182)
	at com.mongodb.internal.connection.DefaultServerMonitor$ServerMonitorRunnable.lookupServerDescription(DefaultServerMonitor.java:193)
	at com.mongodb.internal.connection.DefaultServerMonitor$ServerMonitorRunnable.run(DefaultServerMonitor.java:157)
	at java.base/java.lang.Thread.run(Thread.java:829)
Caused by: javax.net.ssl.SSLException: Received fatal alert: internal_error
	at java.base/sun.security.ssl.Alert.createSSLException(Alert.java:133)
	at java.base/sun.security.ssl.Alert.createSSLException(Alert.java:117)
	at java.base/sun.security.ssl.TransportContext.fatal(TransportContext.java:353)
	at java.base/sun.security.ssl.Alert$AlertConsumer.consume(Alert.java:293)
	at java.base/sun.security.ssl.TransportContext.dispatch(TransportContext.java:192)
	at java.base/sun.security.ssl.SSLTransport.decode(SSLTransport.java:172)
	at java.base/sun.security.ssl.SSLSocketImpl.decode(SSLSocketImpl.java:1511)
	at java.base/sun.security.ssl.SSLSocketImpl.readHandshakeRecord(SSLSocketImpl.java:1421)
	at java.base/sun.security.ssl.SSLSocketImpl.startHandshake(SSLSocketImpl.java:456)
	at java.base/sun.security.ssl.SSLSocketImpl.ensureNegotiated(SSLSocketImpl.java:926)
	at java.base/sun.security.ssl.SSLSocketImpl$AppOutputStream.write(SSLSocketImpl.java:1296)
	at com.mongodb.internal.connection.SocketStream.write(SocketStream.java:99)
	at com.mongodb.internal.connection.InternalStreamConnection.sendMessage(InternalStreamConnection.java:552)
	... 10 common frames omitted
26-05-15 16:27:35.200 [cluster-ClusterId{value='6a06fc1e33aa8d2feabf06b6', description='null'}-ac-ggf694n-shard-00-01.1q4yqcd.mongodb.net:27017] INFO  org.mongodb.driver.cluster - Exception in monitor thread while connecting to server ac-ggf694n-shard-00-01.1q4yqcd.mongodb.net:27017
com.mongodb.MongoSocketWriteException: Exception sending message
	at com.mongodb.internal.connection.InternalStreamConnection.translateWriteException(InternalStreamConnection.java:684)
	at com.mongodb.internal.connection.InternalStreamConnection.sendMessage(InternalStreamConnection.java:555)
	at com.mongodb.internal.connection.InternalStreamConnection.sendCommandMessage(InternalStreamConnection.java:381)
	at com.mongodb.internal.connection.InternalStreamConnection.sendAndReceive(InternalStreamConnection.java:329)
	at com.mongodb.internal.connection.CommandHelper.sendAndReceive(CommandHelper.java:101)
	at com.mongodb.internal.connection.CommandHelper.executeCommand(CommandHelper.java:45)
	at com.mongodb.internal.connection.InternalStreamConnectionInitializer.initializeConnectionDescription(InternalStreamConnectionInitializer.java:131)
	at com.mongodb.internal.connection.InternalStreamConnectionInitializer.startHandshake(InternalStreamConnectionInitializer.java:73)
	at com.mongodb.internal.connection.InternalStreamConnection.open(InternalStreamConnection.java:182)
	at com.mongodb.internal.connection.DefaultServerMonitor$ServerMonitorRunnable.lookupServerDescription(DefaultServerMonitor.java:193)
	at com.mongodb.internal.connection.DefaultServerMonitor$ServerMonitorRunnable.run(DefaultServerMonitor.java:157)
	at java.base/java.lang.Thread.run(Thread.java:829)
Caused by: javax.net.ssl.SSLException: Received fatal alert: internal_error
	at java.base/sun.security.ssl.Alert.createSSLException(Alert.java:133)
	at java.base/sun.security.ssl.Alert.createSSLException(Alert.java:117)
	at java.base/sun.security.ssl.TransportContext.fatal(TransportContext.java:353)
	at java.base/sun.security.ssl.Alert$AlertConsumer.consume(Alert.java:293)
	at java.base/sun.security.ssl.TransportContext.dispatch(TransportContext.java:192)
	at java.base/sun.security.ssl.SSLTransport.decode(SSLTransport.java:172)
	at java.base/sun.security.ssl.SSLSocketImpl.decode(SSLSocketImpl.java:1511)
	at java.base/sun.security.ssl.SSLSocketImpl.readHandshakeRecord(SSLSocketImpl.java:1421)
	at java.base/sun.security.ssl.SSLSocketImpl.startHandshake(SSLSocketImpl.java:456)
	at java.base/sun.security.ssl.SSLSocketImpl.ensureNegotiated(SSLSocketImpl.java:926)
	at java.base/sun.security.ssl.SSLSocketImpl$AppOutputStream.write(SSLSocketImpl.java:1296)
	at com.mongodb.internal.connection.SocketStream.write(SocketStream.java:99)
	at com.mongodb.internal.connection.InternalStreamConnection.sendMessage(InternalStreamConnection.java:552)
	... 10 common frames omitted
26-05-15 16:27:35.200 [cluster-ClusterId{value='6a06fc1e33aa8d2feabf06b6', description='null'}-ac-ggf694n-shard-00-00.1q4yqcd.mongodb.net:27017] INFO  org.mongodb.driver.cluster - Exception in monitor thread while connecting to server ac-ggf694n-shard-00-00.1q4yqcd.mongodb.net:27017
com.mongodb.MongoSocketWriteException: Exception sending message
	at com.mongodb.internal.connection.InternalStreamConnection.translateWriteException(InternalStreamConnection.java:684)
	at com.mongodb.internal.connection.InternalStreamConnection.sendMessage(InternalStreamConnection.java:555)
	at com.mongodb.internal.connection.InternalStreamConnection.sendCommandMessage(InternalStreamConnection.java:381)
	at com.mongodb.internal.connection.InternalStreamConnection.sendAndReceive(InternalStreamConnection.java:329)
	at com.mongodb.internal.connection.CommandHelper.sendAndReceive(CommandHelper.java:101)
	at com.mongodb.internal.connection.CommandHelper.executeCommand(CommandHelper.java:45)
	at com.mongodb.internal.connection.InternalStreamConnectionInitializer.initializeConnectionDescription(InternalStreamConnectionInitializer.java:131)
	at com.mongodb.internal.connection.InternalStreamConnectionInitializer.startHandshake(InternalStreamConnectionInitializer.java:73)
	at com.mongodb.internal.connection.InternalStreamConnection.open(InternalStreamConnection.java:182)
	at com.mongodb.internal.connection.DefaultServerMonitor$ServerMonitorRunnable.lookupServerDescription(DefaultServerMonitor.java:193)
	at com.mongodb.internal.connection.DefaultServerMonitor$ServerMonitorRunnable.run(DefaultServerMonitor.java:157)
	at java.base/java.lang.Thread.run(Thread.java:829)
Caused by: javax.net.ssl.SSLException: Received fatal alert: internal_error
	at java.base/sun.security.ssl.Alert.createSSLException(Alert.java:133)
	at java.base/sun.security.ssl.Alert.createSSLException(Alert.java:117)
	at java.base/sun.security.ssl.TransportContext.fatal(TransportContext.java:353)
	at java.base/sun.security.ssl.Alert$AlertConsumer.consume(Alert.java:293)
	at java.base/sun.security.ssl.TransportContext.dispatch(TransportContext.java:192)
	at java.base/sun.security.ssl.SSLTransport.decode(SSLTransport.java:172)
	at java.base/sun.security.ssl.SSLSocketImpl.decode(SSLSocketImpl.java:1511)
	at java.base/sun.security.ssl.SSLSocketImpl.readHandshakeRecord(SSLSocketImpl.java:1421)
	at java.base/sun.security.ssl.SSLSocketImpl.startHandshake(SSLSocketImpl.java:456)
	at java.base/sun.security.ssl.SSLSocketImpl.ensureNegotiated(SSLSocketImpl.java:926)
	at java.base/sun.security.ssl.SSLSocketImpl$AppOutputStream.write(SSLSocketImpl.java:1296)
	at com.mongodb.internal.connection.SocketStream.write(SocketStream.java:99)
	at com.mongodb.internal.connection.InternalStreamConnection.sendMessage(InternalStreamConnection.java:552)
	... 10 common frames omitted
26-05-15 16:27:35.204 [main] INFO  org.mongodb.driver.cluster - No server chosen by com.mongodb.client.internal.MongoClientDelegate$1@27fe059d from cluster description ClusterDescription{type=REPLICA_SET, connectionMode=MULTIPLE, serverDescriptions=[ServerDescription{address=ac-ggf694n-shard-00-00.1q4yqcd.mongodb.net:27017, type=UNKNOWN, state=CONNECTING}, ServerDescription{address=ac-ggf694n-shard-00-02.1q4yqcd.mongodb.net:27017, type=UNKNOWN, state=CONNECTING}, ServerDescription{address=ac-ggf694n-shard-00-01.1q4yqcd.mongodb.net:27017, type=UNKNOWN, state=CONNECTING}]}. Waiting for 30000 ms before timing out
26-05-15 16:28:05.215 [main] WARN  o.s.b.w.s.c.AnnotationConfigServletWebServerApplicationContext - Exception encountered during context initialization - cancelling refresh attempt: org.springframework.beans.factory.UnsatisfiedDependencyException: Error creating bean with name 'springSecurity': Unsatisfied dependency expressed through field 'userservice'; nested exception is org.springframework.beans.factory.UnsatisfiedDependencyException: Error creating bean with name 'userdetailserviceimpl': Unsatisfied dependency expressed through field 'userRepository'; nested exception is org.springframework.beans.factory.BeanCreationException: Error creating bean with name 'userRepository' defined in net.engineeringdigest.journalApp.repository.UserRepository defined in @EnableMongoRepositories declared on MongoRepositoriesRegistrar.EnableMongoRepositoriesConfiguration: Cannot resolve reference to bean 'mongoTemplate' while setting bean property 'mongoOperations'; nested exception is org.springframework.beans.factory.BeanCreationException: Error creating bean with name 'mongoTemplate' defined in class path resource [org/springframework/boot/autoconfigure/data/mongo/MongoDatabaseFactoryDependentConfiguration.class]: Bean instantiation via factory method failed; nested exception is org.springframework.beans.BeanInstantiationException: Failed to instantiate [org.springframework.data.mongodb.core.MongoTemplate]: Factory method 'mongoTemplate' threw exception; nested exception is org.springframework.dao.DataAccessResourceFailureException: Timed out after 30000 ms while waiting for a server that matches com.mongodb.client.internal.MongoClientDelegate$1@27fe059d. Client view of cluster state is {type=REPLICA_SET, servers=[{address=ac-ggf694n-shard-00-00.1q4yqcd.mongodb.net:27017, type=UNKNOWN, state=CONNECTING, exception={com.mongodb.MongoSocketWriteException: Exception sending message}, caused by {javax.net.ssl.SSLException: Received fatal alert: internal_error}}, {address=ac-ggf694n-shard-00-02.1q4yqcd.mongodb.net:27017, type=UNKNOWN, state=CONNECTING, exception={com.mongodb.MongoSocketWriteException: Exception sending message}, caused by {javax.net.ssl.SSLException: Received fatal alert: internal_error}}, {address=ac-ggf694n-shard-00-01.1q4yqcd.mongodb.net:27017, type=UNKNOWN, state=CONNECTING, exception={com.mongodb.MongoSocketWriteException: Exception sending message}, caused by {javax.net.ssl.SSLException: Received fatal alert: internal_error}}]; nested exception is com.mongodb.MongoTimeoutException: Timed out after 30000 ms while waiting for a server that matches com.mongodb.client.internal.MongoClientDelegate$1@27fe059d. Client view of cluster state is {type=REPLICA_SET, servers=[{address=ac-ggf694n-shard-00-00.1q4yqcd.mongodb.net:27017, type=UNKNOWN, state=CONNECTING, exception={com.mongodb.MongoSocketWriteException: Exception sending message}, caused by {javax.net.ssl.SSLException: Received fatal alert: internal_error}}, {address=ac-ggf694n-shard-00-02.1q4yqcd.mongodb.net:27017, type=UNKNOWN, state=CONNECTING, exception={com.mongodb.MongoSocketWriteException: Exception sending message}, caused by {javax.net.ssl.SSLException: Received fatal alert: internal_error}}, {address=ac-ggf694n-shard-00-01.1q4yqcd.mongodb.net:27017, type=UNKNOWN, state=CONNECTING, exception={com.mongodb.MongoSocketWriteException: Exception sending message}, caused by {javax.net.ssl.SSLException: Received fatal alert: internal_error}}]
26-05-15 16:28:05.224 [main] INFO  o.a.catalina.core.StandardService - Stopping service [Tomcat]
26-05-15 16:28:05.252 [main] INFO  o.s.b.a.l.ConditionEvaluationReportLoggingListener - 

Error starting ApplicationContext. To display the conditions report re-run your application with 'debug' enabled.
26-05-15 16:28:05.302 [main] ERROR o.s.boot.SpringApplication - Application run failed
org.springframework.beans.factory.UnsatisfiedDependencyException: Error creating bean with name 'springSecurity': Unsatisfied dependency expressed through field 'userservice'; nested exception is org.springframework.beans.factory.UnsatisfiedDependencyException: Error creating bean with name 'userdetailserviceimpl': Unsatisfied dependency expressed through field 'userRepository'; nested exception is org.springframework.beans.factory.BeanCreationException: Error creating bean with name 'userRepository' defined in net.engineeringdigest.journalApp.repository.UserRepository defined in @EnableMongoRepositories declared on MongoRepositoriesRegistrar.EnableMongoRepositoriesConfiguration: Cannot resolve reference to bean 'mongoTemplate' while setting bean property 'mongoOperations'; nested exception is org.springframework.beans.factory.BeanCreationException: Error creating bean with name 'mongoTemplate' defined in class path resource [org/springframework/boot/autoconfigure/data/mongo/MongoDatabaseFactoryDependentConfiguration.class]: Bean instantiation via factory method failed; nested exception is org.springframework.beans.BeanInstantiationException: Failed to instantiate [org.springframework.data.mongodb.core.MongoTemplate]: Factory method 'mongoTemplate' threw exception; nested exception is org.springframework.dao.DataAccessResourceFailureException: Timed out after 30000 ms while waiting for a server that matches com.mongodb.client.internal.MongoClientDelegate$1@27fe059d. Client view of cluster state is {type=REPLICA_SET, servers=[{address=ac-ggf694n-shard-00-00.1q4yqcd.mongodb.net:27017, type=UNKNOWN, state=CONNECTING, exception={com.mongodb.MongoSocketWriteException: Exception sending message}, caused by {javax.net.ssl.SSLException: Received fatal alert: internal_error}}, {address=ac-ggf694n-shard-00-02.1q4yqcd.mongodb.net:27017, type=UNKNOWN, state=CONNECTING, exception={com.mongodb.MongoSocketWriteException: Exception sending message}, caused by {javax.net.ssl.SSLException: Received fatal alert: internal_error}}, {address=ac-ggf694n-shard-00-01.1q4yqcd.mongodb.net:27017, type=UNKNOWN, state=CONNECTING, exception={com.mongodb.MongoSocketWriteException: Exception sending message}, caused by {javax.net.ssl.SSLException: Received fatal alert: internal_error}}]; nested exception is com.mongodb.MongoTimeoutException: Timed out after 30000 ms while waiting for a server that matches com.mongodb.client.internal.MongoClientDelegate$1@27fe059d. Client view of cluster state is {type=REPLICA_SET, servers=[{address=ac-ggf694n-shard-00-00.1q4yqcd.mongodb.net:27017, type=UNKNOWN, state=CONNECTING, exception={com.mongodb.MongoSocketWriteException: Exception sending message}, caused by {javax.net.ssl.SSLException: Received fatal alert: internal_error}}, {address=ac-ggf694n-shard-00-02.1q4yqcd.mongodb.net:27017, type=UNKNOWN, state=CONNECTING, exception={com.mongodb.MongoSocketWriteException: Exception sending message}, caused by {javax.net.ssl.SSLException: Received fatal alert: internal_error}}, {address=ac-ggf694n-shard-00-01.1q4yqcd.mongodb.net:27017, type=UNKNOWN, state=CONNECTING, exception={com.mongodb.MongoSocketWriteException: Exception sending message}, caused by {javax.net.ssl.SSLException: Received fatal alert: internal_error}}]
	at org.springframework.beans.factory.annotation.AutowiredAnnotationBeanPostProcessor$AutowiredFieldElement.resolveFieldValue(AutowiredAnnotationBeanPostProcessor.java:713)
	at org.springframework.beans.factory.annotation.AutowiredAnnotationBeanPostProcessor$AutowiredFieldElement.inject(AutowiredAnnotationBeanPostProcessor.java:693)
	at org.springframework.beans.factory.annotation.InjectionMetadata.inject(InjectionMetadata.java:119)
	at org.springframework.beans.factory.annotation.AutowiredAnnotationBeanPostProcessor.postProcessProperties(AutowiredAnnotationBeanPostProcessor.java:408)
	at org.springframework.beans.factory.support.AbstractAutowireCapableBeanFactory.populateBean(AbstractAutowireCapableBeanFactory.java:1431)
	at org.springframework.beans.factory.support.AbstractAutowireCapableBeanFactory.doCreateBean(AbstractAutowireCapableBeanFactory.java:619)
	at org.springframework.beans.factory.support.AbstractAutowireCapableBeanFactory.createBean(AbstractAutowireCapableBeanFactory.java:542)
	at org.springframework.beans.factory.support.AbstractBeanFactory.lambda$doGetBean$0(AbstractBeanFactory.java:335)
	at org.springframework.beans.factory.support.DefaultSingletonBeanRegistry.getSingleton(DefaultSingletonBeanRegistry.java:234)
	at org.springframework.beans.factory.support.AbstractBeanFactory.doGetBean(AbstractBeanFactory.java:333)
	at org.springframework.beans.factory.support.AbstractBeanFactory.getBean(AbstractBeanFactory.java:208)
	at org.springframework.beans.factory.support.DefaultListableBeanFactory.preInstantiateSingletons(DefaultListableBeanFactory.java:955)
	at org.springframework.context.support.AbstractApplicationContext.finishBeanFactoryInitialization(AbstractApplicationContext.java:921)
	at org.springframework.context.support.AbstractApplicationContext.refresh(AbstractApplicationContext.java:583)
	at org.springframework.boot.web.servlet.context.ServletWebServerApplicationContext.refresh(ServletWebServerApplicationContext.java:147)
	at org.springframework.boot.SpringApplication.refresh(SpringApplication.java:731)
	at org.springframework.boot.SpringApplication.refreshContext(SpringApplication.java:408)
	at org.springframework.boot.SpringApplication.run(SpringApplication.java:307)
	at org.springframework.boot.SpringApplication.run(SpringApplication.java:1303)
	at org.springframework.boot.SpringApplication.run(SpringApplication.java:1292)
	at net.engineeringdigest.journalApp.JournalApplication.main(JournalApplication.java:17)
Caused by: org.springframework.beans.factory.UnsatisfiedDependencyException: Error creating bean with name 'userdetailserviceimpl': Unsatisfied dependency expressed through field 'userRepository'; nested exception is org.springframework.beans.factory.BeanCreationException: Error creating bean with name 'userRepository' defined in net.engineeringdigest.journalApp.repository.UserRepository defined in @EnableMongoRepositories declared on MongoRepositoriesRegistrar.EnableMongoRepositoriesConfiguration: Cannot resolve reference to bean 'mongoTemplate' while setting bean property 'mongoOperations'; nested exception is org.springframework.beans.factory.BeanCreationException: Error creating bean with name 'mongoTemplate' defined in class path resource [org/springframework/boot/autoconfigure/data/mongo/MongoDatabaseFactoryDependentConfiguration.class]: Bean instantiation via factory method failed; nested exception is org.springframework.beans.BeanInstantiationException: Failed to instantiate [org.springframework.data.mongodb.core.MongoTemplate]: Factory method 'mongoTemplate' threw exception; nested exception is org.springframework.dao.DataAccessResourceFailureException: Timed out after 30000 ms while waiting for a server that matches com.mongodb.client.internal.MongoClientDelegate$1@27fe059d. Client view of cluster state is {type=REPLICA_SET, servers=[{address=ac-ggf694n-shard-00-00.1q4yqcd.mongodb.net:27017, type=UNKNOWN, state=CONNECTING, exception={com.mongodb.MongoSocketWriteException: Exception sending message}, caused by {javax.net.ssl.SSLException: Received fatal alert: internal_error}}, {address=ac-ggf694n-shard-00-02.1q4yqcd.mongodb.net:27017, type=UNKNOWN, state=CONNECTING, exception={com.mongodb.MongoSocketWriteException: Exception sending message}, caused by {javax.net.ssl.SSLException: Received fatal alert: internal_error}}, {address=ac-ggf694n-shard-00-01.1q4yqcd.mongodb.net:27017, type=UNKNOWN, state=CONNECTING, exception={com.mongodb.MongoSocketWriteException: Exception sending message}, caused by {javax.net.ssl.SSLException: Received fatal alert: internal_error}}]; nested exception is com.mongodb.MongoTimeoutException: Timed out after 30000 ms while waiting for a server that matches com.mongodb.client.internal.MongoClientDelegate$1@27fe059d. Client view of cluster state is {type=REPLICA_SET, servers=[{address=ac-ggf694n-shard-00-00.1q4yqcd.mongodb.net:27017, type=UNKNOWN, state=CONNECTING, exception={com.mongodb.MongoSocketWriteException: Exception sending message}, caused by {javax.net.ssl.SSLException: Received fatal alert: internal_error}}, {address=ac-ggf694n-shard-00-02.1q4yqcd.mongodb.net:27017, type=UNKNOWN, state=CONNECTING, exception={com.mongodb.MongoSocketWriteException: Exception sending message}, caused by {javax.net.ssl.SSLException: Received fatal alert: internal_error}}, {address=ac-ggf694n-shard-00-01.1q4yqcd.mongodb.net:27017, type=UNKNOWN, state=CONNECTING, exception={com.mongodb.MongoSocketWriteException: Exception sending message}, caused by {javax.net.ssl.SSLException: Received fatal alert: internal_error}}]
	at org.springframework.beans.factory.annotation.AutowiredAnnotationBeanPostProcessor$AutowiredFieldElement.resolveFieldValue(AutowiredAnnotationBeanPostProcessor.java:713)
	at org.springframework.beans.factory.annotation.AutowiredAnnotationBeanPostProcessor$AutowiredFieldElement.inject(AutowiredAnnotationBeanPostProcessor.java:693)
	at org.springframework.beans.factory.annotation.InjectionMetadata.inject(InjectionMetadata.java:119)
	at org.springframework.beans.factory.annotation.AutowiredAnnotationBeanPostProcessor.postProcessProperties(AutowiredAnnotationBeanPostProcessor.java:408)
	at org.springframework.beans.factory.support.AbstractAutowireCapableBeanFactory.populateBean(AbstractAutowireCapableBeanFactory.java:1431)
	at org.springframework.beans.factory.support.AbstractAutowireCapableBeanFactory.doCreateBean(AbstractAutowireCapableBeanFactory.java:619)
	at org.springframework.beans.factory.support.AbstractAutowireCapableBeanFactory.createBean(AbstractAutowireCapableBeanFactory.java:542)
	at org.springframework.beans.factory.support.AbstractBeanFactory.lambda$doGetBean$0(AbstractBeanFactory.java:335)
	at org.springframework.beans.factory.support.DefaultSingletonBeanRegistry.getSingleton(DefaultSingletonBeanRegistry.java:234)
	at org.springframework.beans.factory.support.AbstractBeanFactory.doGetBean(AbstractBeanFactory.java:333)
	at org.springframework.beans.factory.support.AbstractBeanFactory.getBean(AbstractBeanFactory.java:208)
	at org.springframework.beans.factory.config.DependencyDescriptor.resolveCandidate(DependencyDescriptor.java:276)
	at org.springframework.beans.factory.support.DefaultListableBeanFactory.doResolveDependency(DefaultListableBeanFactory.java:1391)
	at org.springframework.beans.factory.support.DefaultListableBeanFactory.resolveDependency(DefaultListableBeanFactory.java:1311)
	at org.springframework.beans.factory.annotation.AutowiredAnnotationBeanPostProcessor$AutowiredFieldElement.resolveFieldValue(AutowiredAnnotationBeanPostProcessor.java:710)
	... 20 common frames omitted
Caused by: org.springframework.beans.factory.BeanCreationException: Error creating bean with name 'userRepository' defined in net.engineeringdigest.journalApp.repository.UserRepository defined in @EnableMongoRepositories declared on MongoRepositoriesRegistrar.EnableMongoRepositoriesConfiguration: Cannot resolve reference to bean 'mongoTemplate' while setting bean property 'mongoOperations'; nested exception is org.springframework.beans.factory.BeanCreationException: Error creating bean with name 'mongoTemplate' defined in class path resource [org/springframework/boot/autoconfigure/data/mongo/MongoDatabaseFactoryDependentConfiguration.class]: Bean instantiation via factory method failed; nested exception is org.springframework.beans.BeanInstantiationException: Failed to instantiate [org.springframework.data.mongodb.core.MongoTemplate]: Factory method 'mongoTemplate' threw exception; nested exception is org.springframework.dao.DataAccessResourceFailureException: Timed out after 30000 ms while waiting for a server that matches com.mongodb.client.internal.MongoClientDelegate$1@27fe059d. Client view of cluster state is {type=REPLICA_SET, servers=[{address=ac-ggf694n-shard-00-00.1q4yqcd.mongodb.net:27017, type=UNKNOWN, state=CONNECTING, exception={com.mongodb.MongoSocketWriteException: Exception sending message}, caused by {javax.net.ssl.SSLException: Received fatal alert: internal_error}}, {address=ac-ggf694n-shard-00-02.1q4yqcd.mongodb.net:27017, type=UNKNOWN, state=CONNECTING, exception={com.mongodb.MongoSocketWriteException: Exception sending message}, caused by {javax.net.ssl.SSLException: Received fatal alert: internal_error}}, {address=ac-ggf694n-shard-00-01.1q4yqcd.mongodb.net:27017, type=UNKNOWN, state=CONNECTING, exception={com.mongodb.MongoSocketWriteException: Exception sending message}, caused by {javax.net.ssl.SSLException: Received fatal alert: internal_error}}]; nested exception is com.mongodb.MongoTimeoutException: Timed out after 30000 ms while waiting for a server that matches com.mongodb.client.internal.MongoClientDelegate$1@27fe059d. Client view of cluster state is {type=REPLICA_SET, servers=[{address=ac-ggf694n-shard-00-00.1q4yqcd.mongodb.net:27017, type=UNKNOWN, state=CONNECTING, exception={com.mongodb.MongoSocketWriteException: Exception sending message}, caused by {javax.net.ssl.SSLException: Received fatal alert: internal_error}}, {address=ac-ggf694n-shard-00-02.1q4yqcd.mongodb.net:27017, type=UNKNOWN, state=CONNECTING, exception={com.mongodb.MongoSocketWriteException: Exception sending message}, caused by {javax.net.ssl.SSLException: Received fatal alert: internal_error}}, {address=ac-ggf694n-shard-00-01.1q4yqcd.mongodb.net:27017, type=UNKNOWN, state=CONNECTING, exception={com.mongodb.MongoSocketWriteException: Exception sending message}, caused by {javax.net.ssl.SSLException: Received fatal alert: internal_error}}]
	at org.springframework.beans.factory.support.BeanDefinitionValueResolver.resolveReference(BeanDefinitionValueResolver.java:342)
	at org.springframework.beans.factory.support.BeanDefinitionValueResolver.resolveValueIfNecessary(BeanDefinitionValueResolver.java:113)
	at org.springframework.beans.factory.support.AbstractAutowireCapableBeanFactory.applyPropertyValues(AbstractAutowireCapableBeanFactory.java:1707)
	at org.springframework.beans.factory.support.AbstractAutowireCapableBeanFactory.populateBean(AbstractAutowireCapableBeanFactory.java:1452)
	at org.springframework.beans.factory.support.AbstractAutowireCapableBeanFactory.doCreateBean(AbstractAutowireCapableBeanFactory.java:619)
	at org.springframework.beans.factory.support.AbstractAutowireCapableBeanFactory.createBean(AbstractAutowireCapableBeanFactory.java:542)
	at org.springframework.beans.factory.support.AbstractBeanFactory.lambda$doGetBean$0(AbstractBeanFactory.java:335)
	at org.springframework.beans.factory.support.DefaultSingletonBeanRegistry.getSingleton(DefaultSingletonBeanRegistry.java:234)
	at org.springframework.beans.factory.support.AbstractBeanFactory.doGetBean(AbstractBeanFactory.java:333)
	at org.springframework.beans.factory.support.AbstractBeanFactory.getBean(AbstractBeanFactory.java:208)
	at org.springframework.beans.factory.config.DependencyDescriptor.resolveCandidate(DependencyDescriptor.java:276)
	at org.springframework.beans.factory.support.DefaultListableBeanFactory.doResolveDependency(DefaultListableBeanFactory.java:1391)
	at org.springframework.beans.factory.support.DefaultListableBeanFactory.resolveDependency(DefaultListableBeanFactory.java:1311)
	at org.springframework.beans.factory.annotation.AutowiredAnnotationBeanPostProcessor$AutowiredFieldElement.resolveFieldValue(AutowiredAnnotationBeanPostProcessor.java:710)
	... 34 common frames omitted
Caused by: org.springframework.beans.factory.BeanCreationException: Error creating bean with name 'mongoTemplate' defined in class path resource [org/springframework/boot/autoconfigure/data/mongo/MongoDatabaseFactoryDependentConfiguration.class]: Bean instantiation via factory method failed; nested exception is org.springframework.beans.BeanInstantiationException: Failed to instantiate [org.springframework.data.mongodb.core.MongoTemplate]: Factory method 'mongoTemplate' threw exception; nested exception is org.springframework.dao.DataAccessResourceFailureException: Timed out after 30000 ms while waiting for a server that matches com.mongodb.client.internal.MongoClientDelegate$1@27fe059d. Client view of cluster state is {type=REPLICA_SET, servers=[{address=ac-ggf694n-shard-00-00.1q4yqcd.mongodb.net:27017, type=UNKNOWN, state=CONNECTING, exception={com.mongodb.MongoSocketWriteException: Exception sending message}, caused by {javax.net.ssl.SSLException: Received fatal alert: internal_error}}, {address=ac-ggf694n-shard-00-02.1q4yqcd.mongodb.net:27017, type=UNKNOWN, state=CONNECTING, exception={com.mongodb.MongoSocketWriteException: Exception sending message}, caused by {javax.net.ssl.SSLException: Received fatal alert: internal_error}}, {address=ac-ggf694n-shard-00-01.1q4yqcd.mongodb.net:27017, type=UNKNOWN, state=CONNECTING, exception={com.mongodb.MongoSocketWriteException: Exception sending message}, caused by {javax.net.ssl.SSLException: Received fatal alert: internal_error}}]; nested exception is com.mongodb.MongoTimeoutException: Timed out after 30000 ms while waiting for a server that matches com.mongodb.client.internal.MongoClientDelegate$1@27fe059d. Client view of cluster state is {type=REPLICA_SET, servers=[{address=ac-ggf694n-shard-00-00.1q4yqcd.mongodb.net:27017, type=UNKNOWN, state=CONNECTING, exception={com.mongodb.MongoSocketWriteException: Exception sending message}, caused by {javax.net.ssl.SSLException: Received fatal alert: internal_error}}, {address=ac-ggf694n-shard-00-02.1q4yqcd.mongodb.net:27017, type=UNKNOWN, state=CONNECTING, exception={com.mongodb.MongoSocketWriteException: Exception sending message}, caused by {javax.net.ssl.SSLException: Received fatal alert: internal_error}}, {address=ac-ggf694n-shard-00-01.1q4yqcd.mongodb.net:27017, type=UNKNOWN, state=CONNECTING, exception={com.mongodb.MongoSocketWriteException: Exception sending message}, caused by {javax.net.ssl.SSLException: Received fatal alert: internal_error}}]
	at org.springframework.beans.factory.support.ConstructorResolver.instantiate(ConstructorResolver.java:653)
	at org.springframework.beans.factory.support.ConstructorResolver.instantiateUsingFactoryMethod(ConstructorResolver.java:633)
	at org.springframework.beans.factory.support.AbstractAutowireCapableBeanFactory.instantiateUsingFactoryMethod(AbstractAutowireCapableBeanFactory.java:1352)
	at org.springframework.beans.factory.support.AbstractAutowireCapableBeanFactory.createBeanInstance(AbstractAutowireCapableBeanFactory.java:1195)
	at org.springframework.beans.factory.support.AbstractAutowireCapableBeanFactory.doCreateBean(AbstractAutowireCapableBeanFactory.java:582)
	at org.springframework.beans.factory.support.AbstractAutowireCapableBeanFactory.createBean(AbstractAutowireCapableBeanFactory.java:542)
	at org.springframework.beans.factory.support.AbstractBeanFactory.lambda$doGetBean$0(AbstractBeanFactory.java:335)
	at org.springframework.beans.factory.support.DefaultSingletonBeanRegistry.getSingleton(DefaultSingletonBeanRegistry.java:234)
	at org.springframework.beans.factory.support.AbstractBeanFactory.doGetBean(AbstractBeanFactory.java:333)
	at org.springframework.beans.factory.support.AbstractBeanFactory.getBean(AbstractBeanFactory.java:208)
	at org.springframework.beans.factory.support.BeanDefinitionValueResolver.resolveReference(BeanDefinitionValueResolver.java:330)
	... 47 common frames omitted
Caused by: org.springframework.beans.BeanInstantiationException: Failed to instantiate [org.springframework.data.mongodb.core.MongoTemplate]: Factory method 'mongoTemplate' threw exception; nested exception is org.springframework.dao.DataAccessResourceFailureException: Timed out after 30000 ms while waiting for a server that matches com.mongodb.client.internal.MongoClientDelegate$1@27fe059d. Client view of cluster state is {type=REPLICA_SET, servers=[{address=ac-ggf694n-shard-00-00.1q4yqcd.mongodb.net:27017, type=UNKNOWN, state=CONNECTING, exception={com.mongodb.MongoSocketWriteException: Exception sending message}, caused by {javax.net.ssl.SSLException: Received fatal alert: internal_error}}, {address=ac-ggf694n-shard-00-02.1q4yqcd.mongodb.net:27017, type=UNKNOWN, state=CONNECTING, exception={com.mongodb.MongoSocketWriteException: Exception sending message}, caused by {javax.net.ssl.SSLException: Received fatal alert: internal_error}}, {address=ac-ggf694n-shard-00-01.1q4yqcd.mongodb.net:27017, type=UNKNOWN, state=CONNECTING, exception={com.mongodb.MongoSocketWriteException: Exception sending message}, caused by {javax.net.ssl.SSLException: Received fatal alert: internal_error}}]; nested exception is com.mongodb.MongoTimeoutException: Timed out after 30000 ms while waiting for a server that matches com.mongodb.client.internal.MongoClientDelegate$1@27fe059d. Client view of cluster state is {type=REPLICA_SET, servers=[{address=ac-ggf694n-shard-00-00.1q4yqcd.mongodb.net:27017, type=UNKNOWN, state=CONNECTING, exception={com.mongodb.MongoSocketWriteException: Exception sending message}, caused by {javax.net.ssl.SSLException: Received fatal alert: internal_error}}, {address=ac-ggf694n-shard-00-02.1q4yqcd.mongodb.net:27017, type=UNKNOWN, state=CONNECTING, exception={com.mongodb.MongoSocketWriteException: Exception sending message}, caused by {javax.net.ssl.SSLException: Received fatal alert: internal_error}}, {address=ac-ggf694n-shard-00-01.1q4yqcd.mongodb.net:27017, type=UNKNOWN, state=CONNECTING, exception={com.mongodb.MongoSocketWriteException: Exception sending message}, caused by {javax.net.ssl.SSLException: Received fatal alert: internal_error}}]
	at org.springframework.beans.factory.support.SimpleInstantiationStrategy.instantiate(SimpleInstantiationStrategy.java:185)
	at org.springframework.beans.factory.support.ConstructorResolver.instantiate(ConstructorResolver.java:648)
	... 57 common frames omitted
Caused by: org.springframework.dao.DataAccessResourceFailureException: Timed out after 30000 ms while waiting for a server that matches com.mongodb.client.internal.MongoClientDelegate$1@27fe059d. Client view of cluster state is {type=REPLICA_SET, servers=[{address=ac-ggf694n-shard-00-00.1q4yqcd.mongodb.net:27017, type=UNKNOWN, state=CONNECTING, exception={com.mongodb.MongoSocketWriteException: Exception sending message}, caused by {javax.net.ssl.SSLException: Received fatal alert: internal_error}}, {address=ac-ggf694n-shard-00-02.1q4yqcd.mongodb.net:27017, type=UNKNOWN, state=CONNECTING, exception={com.mongodb.MongoSocketWriteException: Exception sending message}, caused by {javax.net.ssl.SSLException: Received fatal alert: internal_error}}, {address=ac-ggf694n-shard-00-01.1q4yqcd.mongodb.net:27017, type=UNKNOWN, state=CONNECTING, exception={com.mongodb.MongoSocketWriteException: Exception sending message}, caused by {javax.net.ssl.SSLException: Received fatal alert: internal_error}}]; nested exception is com.mongodb.MongoTimeoutException: Timed out after 30000 ms while waiting for a server that matches com.mongodb.client.internal.MongoClientDelegate$1@27fe059d. Client view of cluster state is {type=REPLICA_SET, servers=[{address=ac-ggf694n-shard-00-00.1q4yqcd.mongodb.net:27017, type=UNKNOWN, state=CONNECTING, exception={com.mongodb.MongoSocketWriteException: Exception sending message}, caused by {javax.net.ssl.SSLException: Received fatal alert: internal_error}}, {address=ac-ggf694n-shard-00-02.1q4yqcd.mongodb.net:27017, type=UNKNOWN, state=CONNECTING, exception={com.mongodb.MongoSocketWriteException: Exception sending message}, caused by {javax.net.ssl.SSLException: Received fatal alert: internal_error}}, {address=ac-ggf694n-shard-00-01.1q4yqcd.mongodb.net:27017, type=UNKNOWN, state=CONNECTING, exception={com.mongodb.MongoSocketWriteException: Exception sending message}, caused by {javax.net.ssl.SSLException: Received fatal alert: internal_error}}]
	at org.springframework.data.mongodb.core.MongoExceptionTranslator.translateExceptionIfPossible(MongoExceptionTranslator.java:95)
	at org.springframework.data.mongodb.core.MongoTemplate.potentiallyConvertRuntimeException(MongoTemplate.java:3029)
	at org.springframework.data.mongodb.core.MongoTemplate.execute(MongoTemplate.java:581)
	at org.springframework.data.mongodb.core.DefaultIndexOperations.execute(DefaultIndexOperations.java:215)
	at org.springframework.data.mongodb.core.DefaultIndexOperations.ensureIndex(DefaultIndexOperations.java:121)
	at org.springframework.data.mongodb.core.index.MongoPersistentEntityIndexCreator.createIndex(MongoPersistentEntityIndexCreator.java:157)
	at org.springframework.data.mongodb.core.index.MongoPersistentEntityIndexCreator.checkForAndCreateIndexes(MongoPersistentEntityIndexCreator.java:147)
	at org.springframework.data.mongodb.core.index.MongoPersistentEntityIndexCreator.checkForIndexes(MongoPersistentEntityIndexCreator.java:131)
	at org.springframework.data.mongodb.core.index.MongoPersistentEntityIndexCreator.<init>(MongoPersistentEntityIndexCreator.java:96)
	at org.springframework.data.mongodb.core.index.MongoPersistentEntityIndexCreator.<init>(MongoPersistentEntityIndexCreator.java:73)
	at org.springframework.data.mongodb.core.MongoTemplate.<init>(MongoTemplate.java:224)
	at org.springframework.boot.autoconfigure.data.mongo.MongoDatabaseFactoryDependentConfiguration.mongoTemplate(MongoDatabaseFactoryDependentConfiguration.java:63)
	at java.base/jdk.internal.reflect.NativeMethodAccessorImpl.invoke0(Native Method)
	at java.base/jdk.internal.reflect.NativeMethodAccessorImpl.invoke(NativeMethodAccessorImpl.java:62)
	at java.base/jdk.internal.reflect.DelegatingMethodAccessorImpl.invoke(DelegatingMethodAccessorImpl.java:43)
	at java.base/java.lang.reflect.Method.invoke(Method.java:566)
	at org.springframework.beans.factory.support.SimpleInstantiationStrategy.instantiate(SimpleInstantiationStrategy.java:154)
	... 58 common frames omitted
Caused by: com.mongodb.MongoTimeoutException: Timed out after 30000 ms while waiting for a server that matches com.mongodb.client.internal.MongoClientDelegate$1@27fe059d. Client view of cluster state is {type=REPLICA_SET, servers=[{address=ac-ggf694n-shard-00-00.1q4yqcd.mongodb.net:27017, type=UNKNOWN, state=CONNECTING, exception={com.mongodb.MongoSocketWriteException: Exception sending message}, caused by {javax.net.ssl.SSLException: Received fatal alert: internal_error}}, {address=ac-ggf694n-shard-00-02.1q4yqcd.mongodb.net:27017, type=UNKNOWN, state=CONNECTING, exception={com.mongodb.MongoSocketWriteException: Exception sending message}, caused by {javax.net.ssl.SSLException: Received fatal alert: internal_error}}, {address=ac-ggf694n-shard-00-01.1q4yqcd.mongodb.net:27017, type=UNKNOWN, state=CONNECTING, exception={com.mongodb.MongoSocketWriteException: Exception sending message}, caused by {javax.net.ssl.SSLException: Received fatal alert: internal_error}}]
	at com.mongodb.internal.connection.BaseCluster.createTimeoutException(BaseCluster.java:424)
	at com.mongodb.internal.connection.BaseCluster.selectServer(BaseCluster.java:121)
	at com.mongodb.internal.connection.AbstractMultiServerCluster.selectServer(AbstractMultiServerCluster.java:50)
	at com.mongodb.client.internal.MongoClientDelegate.getConnectedClusterDescription(MongoClientDelegate.java:146)
	at com.mongodb.client.internal.MongoClientDelegate.createClientSession(MongoClientDelegate.java:101)
	at com.mongodb.client.internal.MongoClientDelegate$DelegateOperationExecutor.getClientSession(MongoClientDelegate.java:291)
	at com.mongodb.client.internal.MongoClientDelegate$DelegateOperationExecutor.execute(MongoClientDelegate.java:207)
	at com.mongodb.client.internal.MongoCollectionImpl.executeCreateIndexes(MongoCollectionImpl.java:848)
	at com.mongodb.client.internal.MongoCollectionImpl.createIndexes(MongoCollectionImpl.java:831)
	at com.mongodb.client.internal.MongoCollectionImpl.createIndexes(MongoCollectionImpl.java:826)
	at com.mongodb.client.internal.MongoCollectionImpl.createIndex(MongoCollectionImpl.java:811)
	at org.springframework.data.mongodb.core.DefaultIndexOperations.lambda$ensureIndex$0(DefaultIndexOperations.java:131)
	at org.springframework.data.mongodb.core.MongoTemplate.execute(MongoTemplate.java:579)
	... 72 common frames omitted
26-05-15 16:30:13.450 [main] INFO  n.e.journalApp.JournalApplication - Starting JournalApplication using Java 11.0.31 on LAPTOP-4IL5G33D with PID 12004 (C:\Users\SIDDHU\OneDrive\Desktop\journalapp\journalApp\target\classes started by SIDDHU in C:\Users\SIDDHU\OneDrive\Desktop\journalapp\journalApp)
26-05-15 16:30:13.454 [main] INFO  n.e.journalApp.JournalApplication - The following 1 profile is active: "dev"
26-05-15 16:30:14.382 [main] INFO  o.s.d.r.c.RepositoryConfigurationDelegate - Bootstrapping Spring Data MongoDB repositories in DEFAULT mode.
26-05-15 16:30:14.464 [main] INFO  o.s.d.r.c.RepositoryConfigurationDelegate - Finished Spring Data repository scanning in 75 ms. Found 2 MongoDB repository interfaces.
26-05-15 16:30:15.985 [main] INFO  o.s.b.w.e.tomcat.TomcatWebServer - Tomcat initialized with port(s): 8082 (http)
26-05-15 16:30:15.994 [main] INFO  o.a.coyote.http11.Http11NioProtocol - Initializing ProtocolHandler ["http-nio-8082"]
26-05-15 16:30:15.998 [main] INFO  o.a.catalina.core.StandardService - Starting service [Tomcat]
26-05-15 16:30:15.999 [main] INFO  o.a.catalina.core.StandardEngine - Starting Servlet engine: [Apache Tomcat/9.0.80]
26-05-15 16:30:16.149 [main] INFO  o.a.c.c.C.[.[.[/journalapp] - Initializing Spring embedded WebApplicationContext
26-05-15 16:30:16.149 [main] INFO  o.s.b.w.s.c.ServletWebServerApplicationContext - Root WebApplicationContext: initialization completed in 2611 ms
26-05-15 16:30:16.493 [main] INFO  org.mongodb.driver.client - MongoClient with metadata {"driver": {"name": "mongo-java-driver|sync|spring-boot", "version": "4.6.1"}, "os": {"type": "Windows", "name": "Windows 11", "architecture": "amd64", "version": "10.0"}, "platform": "Java/Microsoft/11.0.31+11-LTS", "application": {"name": "Cluster0"}} created with settings MongoClientSettings{readPreference=primary, writeConcern=WriteConcern{w=null, wTimeout=null ms, journal=null}, retryWrites=true, retryReads=true, readConcern=ReadConcern{level=null}, credential=MongoCredential{mechanism=null, userName='banusiddharth35_db_user', source='admin', password=<hidden>, mechanismProperties=<hidden>}, streamFactoryFactory=null, commandListeners=[], codecRegistry=ProvidersCodecRegistry{codecProviders=[ValueCodecProvider{}, BsonValueCodecProvider{}, DBRefCodecProvider{}, DBObjectCodecProvider{}, DocumentCodecProvider{}, IterableCodecProvider{}, MapCodecProvider{}, GeoJsonCodecProvider{}, GridFSFileCodecProvider{}, Jsr310CodecProvider{}, JsonObjectCodecProvider{}, BsonCodecProvider{}, EnumCodecProvider{}, com.mongodb.Jep395RecordCodecProvider@7bf01cb]}, clusterSettings={hosts=[127.0.0.1:27017], srvHost=cluster0.1q4yqcd.mongodb.net, srvServiceName=mongodb, mode=MULTIPLE, requiredClusterType=REPLICA_SET, requiredReplicaSetName='atlas-mizxxc-shard-0', serverSelector='null', clusterListeners='[]', serverSelectionTimeout='30000 ms', localThreshold='30000 ms'}, socketSettings=SocketSettings{connectTimeoutMS=10000, readTimeoutMS=0, receiveBufferSize=0, sendBufferSize=0}, heartbeatSocketSettings=SocketSettings{connectTimeoutMS=10000, readTimeoutMS=10000, receiveBufferSize=0, sendBufferSize=0}, connectionPoolSettings=ConnectionPoolSettings{maxSize=100, minSize=0, maxWaitTimeMS=120000, maxConnectionLifeTimeMS=0, maxConnectionIdleTimeMS=0, maintenanceInitialDelayMS=0, maintenanceFrequencyMS=60000, connectionPoolListeners=[], maxConnecting=2}, serverSettings=ServerSettings{heartbeatFrequencyMS=10000, minHeartbeatFrequencyMS=500, serverListeners='[]', serverMonitorListeners='[]'}, sslSettings=SslSettings{enabled=true, invalidHostNameAllowed=false, context=null}, applicationName='Cluster0', compressorList=[], uuidRepresentation=JAVA_LEGACY, serverApi=null, autoEncryptionSettings=null, contextProvider=null}
26-05-15 16:30:16.505 [cluster-ClusterId{value='6a06fcc0df854a56502d7dcc', description='null'}-srv-cluster0.1q4yqcd.mongodb.net] INFO  org.mongodb.driver.cluster - Adding discovered server ac-ggf694n-shard-00-01.1q4yqcd.mongodb.net:27017 to client view of cluster
26-05-15 16:30:16.538 [cluster-ClusterId{value='6a06fcc0df854a56502d7dcc', description='null'}-srv-cluster0.1q4yqcd.mongodb.net] INFO  org.mongodb.driver.cluster - Adding discovered server ac-ggf694n-shard-00-00.1q4yqcd.mongodb.net:27017 to client view of cluster
26-05-15 16:30:16.540 [cluster-ClusterId{value='6a06fcc0df854a56502d7dcc', description='null'}-srv-cluster0.1q4yqcd.mongodb.net] INFO  org.mongodb.driver.cluster - Adding discovered server ac-ggf694n-shard-00-02.1q4yqcd.mongodb.net:27017 to client view of cluster
26-05-15 16:30:16.878 [main] INFO  org.mongodb.driver.cluster - No server chosen by com.mongodb.client.internal.MongoClientDelegate$1@18d11527 from cluster description ClusterDescription{type=REPLICA_SET, connectionMode=MULTIPLE, serverDescriptions=[ServerDescription{address=ac-ggf694n-shard-00-00.1q4yqcd.mongodb.net:27017, type=UNKNOWN, state=CONNECTING}, ServerDescription{address=ac-ggf694n-shard-00-02.1q4yqcd.mongodb.net:27017, type=UNKNOWN, state=CONNECTING}, ServerDescription{address=ac-ggf694n-shard-00-01.1q4yqcd.mongodb.net:27017, type=UNKNOWN, state=CONNECTING}]}. Waiting for 30000 ms before timing out
26-05-15 16:30:17.082 [cluster-ClusterId{value='6a06fcc0df854a56502d7dcc', description='null'}-ac-ggf694n-shard-00-00.1q4yqcd.mongodb.net:27017] INFO  org.mongodb.driver.connection - Opened connection [connectionId{localValue:2, serverValue:153966}] to ac-ggf694n-shard-00-00.1q4yqcd.mongodb.net:27017
26-05-15 16:30:17.082 [cluster-rtt-ClusterId{value='6a06fcc0df854a56502d7dcc', description='null'}-ac-ggf694n-shard-00-00.1q4yqcd.mongodb.net:27017] INFO  org.mongodb.driver.connection - Opened connection [connectionId{localValue:3, serverValue:153966}] to ac-ggf694n-shard-00-00.1q4yqcd.mongodb.net:27017
26-05-15 16:30:17.082 [cluster-ClusterId{value='6a06fcc0df854a56502d7dcc', description='null'}-ac-ggf694n-shard-00-02.1q4yqcd.mongodb.net:27017] INFO  org.mongodb.driver.connection - Opened connection [connectionId{localValue:6, serverValue:178080}] to ac-ggf694n-shard-00-02.1q4yqcd.mongodb.net:27017
26-05-15 16:30:17.082 [cluster-rtt-ClusterId{value='6a06fcc0df854a56502d7dcc', description='null'}-ac-ggf694n-shard-00-02.1q4yqcd.mongodb.net:27017] INFO  org.mongodb.driver.connection - Opened connection [connectionId{localValue:5, serverValue:178080}] to ac-ggf694n-shard-00-02.1q4yqcd.mongodb.net:27017
26-05-15 16:30:17.082 [cluster-rtt-ClusterId{value='6a06fcc0df854a56502d7dcc', description='null'}-ac-ggf694n-shard-00-01.1q4yqcd.mongodb.net:27017] INFO  org.mongodb.driver.connection - Opened connection [connectionId{localValue:4, serverValue:147630}] to ac-ggf694n-shard-00-01.1q4yqcd.mongodb.net:27017
26-05-15 16:30:17.082 [cluster-ClusterId{value='6a06fcc0df854a56502d7dcc', description='null'}-ac-ggf694n-shard-00-01.1q4yqcd.mongodb.net:27017] INFO  org.mongodb.driver.connection - Opened connection [connectionId{localValue:1, serverValue:147630}] to ac-ggf694n-shard-00-01.1q4yqcd.mongodb.net:27017
26-05-15 16:30:17.085 [cluster-ClusterId{value='6a06fcc0df854a56502d7dcc', description='null'}-ac-ggf694n-shard-00-00.1q4yqcd.mongodb.net:27017] INFO  org.mongodb.driver.cluster - Monitor thread successfully connected to server with description ServerDescription{address=ac-ggf694n-shard-00-00.1q4yqcd.mongodb.net:27017, type=REPLICA_SET_SECONDARY, state=CONNECTED, ok=true, minWireVersion=0, maxWireVersion=25, maxDocumentSize=16777216, logicalSessionTimeoutMinutes=30, roundTripTimeNanos=317644600, setName='atlas-mizxxc-shard-0', canonicalAddress=ac-ggf694n-shard-00-00.1q4yqcd.mongodb.net:27017, hosts=[ac-ggf694n-shard-00-02.1q4yqcd.mongodb.net:27017, ac-ggf694n-shard-00-00.1q4yqcd.mongodb.net:27017, ac-ggf694n-shard-00-01.1q4yqcd.mongodb.net:27017], passives=[], arbiters=[], primary='ac-ggf694n-shard-00-02.1q4yqcd.mongodb.net:27017', tagSet=TagSet{[Tag{name='availabilityZone', value='aps1-az1'}, Tag{name='cacheState', value='READY'}, Tag{name='diskState', value='READY'}, Tag{name='nodeType', value='ELECTABLE'}, Tag{name='provider', value='AWS'}, Tag{name='region', value='AP_SOUTH_1'}, Tag{name='workloadType', value='OPERATIONAL'}]}, electionId=null, setVersion=263, topologyVersion=TopologyVersion{processId=6a0389a4b348ff17f5109be7, counter=4}, lastWriteDate=Fri May 15 16:30:16 IST 2026, lastUpdateTimeNanos=25578232753200}
26-05-15 16:30:17.085 [cluster-ClusterId{value='6a06fcc0df854a56502d7dcc', description='null'}-ac-ggf694n-shard-00-01.1q4yqcd.mongodb.net:27017] INFO  org.mongodb.driver.cluster - Monitor thread successfully connected to server with description ServerDescription{address=ac-ggf694n-shard-00-01.1q4yqcd.mongodb.net:27017, type=REPLICA_SET_SECONDARY, state=CONNECTED, ok=true, minWireVersion=0, maxWireVersion=25, maxDocumentSize=16777216, logicalSessionTimeoutMinutes=30, roundTripTimeNanos=317638600, setName='atlas-mizxxc-shard-0', canonicalAddress=ac-ggf694n-shard-00-01.1q4yqcd.mongodb.net:27017, hosts=[ac-ggf694n-shard-00-02.1q4yqcd.mongodb.net:27017, ac-ggf694n-shard-00-00.1q4yqcd.mongodb.net:27017, ac-ggf694n-shard-00-01.1q4yqcd.mongodb.net:27017], passives=[], arbiters=[], primary='ac-ggf694n-shard-00-02.1q4yqcd.mongodb.net:27017', tagSet=TagSet{[Tag{name='availabilityZone', value='aps1-az3'}, Tag{name='cacheState', value='READY'}, Tag{name='diskState', value='READY'}, Tag{name='nodeType', value='ELECTABLE'}, Tag{name='provider', value='AWS'}, Tag{name='region', value='AP_SOUTH_1'}, Tag{name='workloadType', value='OPERATIONAL'}]}, electionId=null, setVersion=263, topologyVersion=TopologyVersion{processId=6a038efd653979f40b80b441, counter=3}, lastWriteDate=Fri May 15 16:30:16 IST 2026, lastUpdateTimeNanos=25578232753000}
26-05-15 16:30:17.086 [cluster-ClusterId{value='6a06fcc0df854a56502d7dcc', description='null'}-ac-ggf694n-shard-00-02.1q4yqcd.mongodb.net:27017] INFO  org.mongodb.driver.cluster - Monitor thread successfully connected to server with description ServerDescription{address=ac-ggf694n-shard-00-02.1q4yqcd.mongodb.net:27017, type=REPLICA_SET_PRIMARY, state=CONNECTED, ok=true, minWireVersion=0, maxWireVersion=25, maxDocumentSize=16777216, logicalSessionTimeoutMinutes=30, roundTripTimeNanos=313447000, setName='atlas-mizxxc-shard-0', canonicalAddress=ac-ggf694n-shard-00-02.1q4yqcd.mongodb.net:27017, hosts=[ac-ggf694n-shard-00-02.1q4yqcd.mongodb.net:27017, ac-ggf694n-shard-00-00.1q4yqcd.mongodb.net:27017, ac-ggf694n-shard-00-01.1q4yqcd.mongodb.net:27017], passives=[], arbiters=[], primary='ac-ggf694n-shard-00-02.1q4yqcd.mongodb.net:27017', tagSet=TagSet{[Tag{name='availabilityZone', value='aps1-az2'}, Tag{name='cacheState', value='READY'}, Tag{name='diskState', value='READY'}, Tag{name='nodeType', value='ELECTABLE'}, Tag{name='provider', value='AWS'}, Tag{name='region', value='AP_SOUTH_1'}, Tag{name='workloadType', value='OPERATIONAL'}]}, electionId=7fffffff0000000000000109, setVersion=263, topologyVersion=TopologyVersion{processId=6a038c3ee6a08c3e351f731e, counter=6}, lastWriteDate=Fri May 15 16:30:16 IST 2026, lastUpdateTimeNanos=25578232753200}
26-05-15 16:30:17.091 [cluster-ClusterId{value='6a06fcc0df854a56502d7dcc', description='null'}-ac-ggf694n-shard-00-02.1q4yqcd.mongodb.net:27017] INFO  org.mongodb.driver.cluster - Setting max election id to 7fffffff0000000000000109 from replica set primary ac-ggf694n-shard-00-02.1q4yqcd.mongodb.net:27017
26-05-15 16:30:17.091 [cluster-ClusterId{value='6a06fcc0df854a56502d7dcc', description='null'}-ac-ggf694n-shard-00-02.1q4yqcd.mongodb.net:27017] INFO  org.mongodb.driver.cluster - Setting max set version to 263 from replica set primary ac-ggf694n-shard-00-02.1q4yqcd.mongodb.net:27017
26-05-15 16:30:17.091 [cluster-ClusterId{value='6a06fcc0df854a56502d7dcc', description='null'}-ac-ggf694n-shard-00-02.1q4yqcd.mongodb.net:27017] INFO  org.mongodb.driver.cluster - Discovered replica set primary ac-ggf694n-shard-00-02.1q4yqcd.mongodb.net:27017
26-05-15 16:30:17.288 [main] INFO  org.mongodb.driver.connection - Opened connection [connectionId{localValue:7, serverValue:178060}] to ac-ggf694n-shard-00-02.1q4yqcd.mongodb.net:27017
26-05-15 16:30:17.754 [main] INFO  o.s.s.web.DefaultSecurityFilterChain - Will secure any request with [org.springframework.security.web.session.DisableEncodeUrlFilter@70b48eb3, org.springframework.security.web.context.request.async.WebAsyncManagerIntegrationFilter@7b8ea1db, org.springframework.security.web.context.SecurityContextPersistenceFilter@51888019, org.springframework.security.web.header.HeaderWriterFilter@55361f03, org.springframework.security.web.authentication.logout.LogoutFilter@5eb87338, org.springframework.security.web.authentication.www.BasicAuthenticationFilter@175c5c3a, org.springframework.security.web.savedrequest.RequestCacheAwareFilter@19b5214b, org.springframework.security.web.servletapi.SecurityContextHolderAwareRequestFilter@231b35fb, org.springframework.security.web.authentication.AnonymousAuthenticationFilter@a91119b, org.springframework.security.web.session.SessionManagementFilter@586cc15d, org.springframework.security.web.access.ExceptionTranslationFilter@2eb0cefe, org.springframework.security.web.access.intercept.FilterSecurityInterceptor@3c18942]
26-05-15 16:30:18.129 [main] INFO  o.a.coyote.http11.Http11NioProtocol - Starting ProtocolHandler ["http-nio-8082"]
26-05-15 16:30:18.153 [main] INFO  o.s.b.w.e.tomcat.TomcatWebServer - Tomcat started on port(s): 8082 (http) with context path '/journalapp'
26-05-15 16:30:18.163 [main] INFO  n.e.journalApp.JournalApplication - Started JournalApplication in 5.37 seconds (JVM running for 6.117)
26-05-15 19:00:30.626 [main] INFO  o.s.b.t.c.SpringBootTestContextBootstrapper - Neither @ContextConfiguration nor @ContextHierarchy found for test class [net.engineeringdigest.journalApp.JournalApplicationTests], using SpringBootContextLoader
26-05-15 19:00:30.643 [main] INFO  o.s.t.c.s.AbstractContextLoader - Could not detect default resource locations for test class [net.engineeringdigest.journalApp.JournalApplicationTests]: no resource found for suffixes {-context.xml, Context.groovy}.
26-05-15 19:00:30.645 [main] INFO  o.s.t.c.s.AnnotationConfigContextLoaderUtils - Could not detect default configuration classes for test class [net.engineeringdigest.journalApp.JournalApplicationTests]: JournalApplicationTests does not declare any static, non-private, non-final, nested classes annotated with @Configuration.
26-05-15 19:00:30.891 [main] INFO  o.s.b.t.c.SpringBootTestContextBootstrapper - Found @SpringBootConfiguration net.engineeringdigest.journalApp.JournalApplication for test class net.engineeringdigest.journalApp.JournalApplicationTests
26-05-15 19:00:31.155 [main] INFO  o.s.b.t.c.SpringBootTestContextBootstrapper - Loaded default TestExecutionListener class names from location [META-INF/spring.factories]: [org.springframework.boot.test.mock.mockito.MockitoTestExecutionListener, org.springframework.boot.test.mock.mockito.ResetMocksTestExecutionListener, org.springframework.boot.test.autoconfigure.restdocs.RestDocsTestExecutionListener, org.springframework.boot.test.autoconfigure.web.client.MockRestServiceServerResetTestExecutionListener, org.springframework.boot.test.autoconfigure.web.servlet.MockMvcPrintOnlyOnFailureTestExecutionListener, org.springframework.boot.test.autoconfigure.web.servlet.WebDriverTestExecutionListener, org.springframework.boot.test.autoconfigure.webservices.client.MockWebServiceServerTestExecutionListener, org.springframework.test.context.web.ServletTestExecutionListener, org.springframework.test.context.support.DirtiesContextBeforeModesTestExecutionListener, org.springframework.test.context.event.ApplicationEventsTestExecutionListener, org.springframework.test.context.support.DependencyInjectionTestExecutionListener, org.springframework.test.context.support.DirtiesContextTestExecutionListener, org.springframework.test.context.transaction.TransactionalTestExecutionListener, org.springframework.test.context.jdbc.SqlScriptsTestExecutionListener, org.springframework.test.context.event.EventPublishingTestExecutionListener]
26-05-15 19:00:31.202 [main] INFO  o.s.b.t.c.SpringBootTestContextBootstrapper - Using TestExecutionListeners: [org.springframework.test.context.web.ServletTestExecutionListener@1b2c4efb, org.springframework.test.context.support.DirtiesContextBeforeModesTestExecutionListener@c35172e, org.springframework.test.context.event.ApplicationEventsTestExecutionListener@c2db68f, org.springframework.boot.test.mock.mockito.MockitoTestExecutionListener@3cc41abc, org.springframework.boot.test.autoconfigure.SpringBootDependencyInjectionTestExecutionListener@4566d049, org.springframework.test.context.support.DirtiesContextTestExecutionListener@61ce23ac, org.springframework.test.context.transaction.TransactionalTestExecutionListener@3668d4, org.springframework.test.context.jdbc.SqlScriptsTestExecutionListener@1c3b9394, org.springframework.test.context.event.EventPublishingTestExecutionListener@6f2cfcc2, org.springframework.boot.test.mock.mockito.ResetMocksTestExecutionListener@7f6f61c8, org.springframework.boot.test.autoconfigure.restdocs.RestDocsTestExecutionListener@4c2cc639, org.springframework.boot.test.autoconfigure.web.client.MockRestServiceServerResetTestExecutionListener@ccb4b1b, org.springframework.boot.test.autoconfigure.web.servlet.MockMvcPrintOnlyOnFailureTestExecutionListener@4097cac, org.springframework.boot.test.autoconfigure.web.servlet.WebDriverTestExecutionListener@ec2cc4, org.springframework.boot.test.autoconfigure.webservices.client.MockWebServiceServerTestExecutionListener@2a5b3fee]
26-05-15 19:00:32.205 [main] INFO  n.e.j.JournalApplicationTests - Starting JournalApplicationTests using Java 11.0.31 on LAPTOP-4IL5G33D with PID 36600 (started by SIDDHU in C:\Users\SIDDHU\OneDrive\Desktop\journalapp\journalApp)
26-05-15 19:00:32.207 [main] INFO  n.e.j.JournalApplicationTests - The following 1 profile is active: "dev"
26-05-15 19:00:33.742 [main] INFO  o.s.d.r.c.RepositoryConfigurationDelegate - Bootstrapping Spring Data MongoDB repositories in DEFAULT mode.
26-05-15 19:00:33.838 [main] INFO  o.s.d.r.c.RepositoryConfigurationDelegate - Finished Spring Data repository scanning in 87 ms. Found 2 MongoDB repository interfaces.
26-05-15 19:00:35.764 [main] INFO  org.mongodb.driver.client - MongoClient with metadata {"driver": {"name": "mongo-java-driver|sync|spring-boot", "version": "4.6.1"}, "os": {"type": "Windows", "name": "Windows 11", "architecture": "amd64", "version": "10.0"}, "platform": "Java/Microsoft/11.0.31+11-LTS", "application": {"name": "Cluster0"}} created with settings MongoClientSettings{readPreference=primary, writeConcern=WriteConcern{w=null, wTimeout=null ms, journal=null}, retryWrites=true, retryReads=true, readConcern=ReadConcern{level=null}, credential=MongoCredential{mechanism=null, userName='banusiddharth35_db_user', source='admin', password=<hidden>, mechanismProperties=<hidden>}, streamFactoryFactory=null, commandListeners=[], codecRegistry=ProvidersCodecRegistry{codecProviders=[ValueCodecProvider{}, BsonValueCodecProvider{}, DBRefCodecProvider{}, DBObjectCodecProvider{}, DocumentCodecProvider{}, IterableCodecProvider{}, MapCodecProvider{}, GeoJsonCodecProvider{}, GridFSFileCodecProvider{}, Jsr310CodecProvider{}, JsonObjectCodecProvider{}, BsonCodecProvider{}, EnumCodecProvider{}, com.mongodb.Jep395RecordCodecProvider@7b2ccba5]}, clusterSettings={hosts=[127.0.0.1:27017], srvHost=cluster0.1q4yqcd.mongodb.net, srvServiceName=mongodb, mode=MULTIPLE, requiredClusterType=REPLICA_SET, requiredReplicaSetName='atlas-mizxxc-shard-0', serverSelector='null', clusterListeners='[]', serverSelectionTimeout='30000 ms', localThreshold='30000 ms'}, socketSettings=SocketSettings{connectTimeoutMS=10000, readTimeoutMS=0, receiveBufferSize=0, sendBufferSize=0}, heartbeatSocketSettings=SocketSettings{connectTimeoutMS=10000, readTimeoutMS=10000, receiveBufferSize=0, sendBufferSize=0}, connectionPoolSettings=ConnectionPoolSettings{maxSize=100, minSize=0, maxWaitTimeMS=120000, maxConnectionLifeTimeMS=0, maxConnectionIdleTimeMS=0, maintenanceInitialDelayMS=0, maintenanceFrequencyMS=60000, connectionPoolListeners=[], maxConnecting=2}, serverSettings=ServerSettings{heartbeatFrequencyMS=10000, minHeartbeatFrequencyMS=500, serverListeners='[]', serverMonitorListeners='[]'}, sslSettings=SslSettings{enabled=true, invalidHostNameAllowed=false, context=null}, applicationName='Cluster0', compressorList=[], uuidRepresentation=JAVA_LEGACY, serverApi=null, autoEncryptionSettings=null, contextProvider=null}
26-05-15 19:00:35.824 [cluster-ClusterId{value='6a071ffb74a3445af5b99ddd', description='null'}-srv-cluster0.1q4yqcd.mongodb.net] INFO  org.mongodb.driver.cluster - Adding discovered server ac-ggf694n-shard-00-01.1q4yqcd.mongodb.net:27017 to client view of cluster
26-05-15 19:00:35.905 [cluster-ClusterId{value='6a071ffb74a3445af5b99ddd', description='null'}-srv-cluster0.1q4yqcd.mongodb.net] INFO  org.mongodb.driver.cluster - Adding discovered server ac-ggf694n-shard-00-00.1q4yqcd.mongodb.net:27017 to client view of cluster
26-05-15 19:00:35.907 [cluster-ClusterId{value='6a071ffb74a3445af5b99ddd', description='null'}-srv-cluster0.1q4yqcd.mongodb.net] INFO  org.mongodb.driver.cluster - Adding discovered server ac-ggf694n-shard-00-02.1q4yqcd.mongodb.net:27017 to client view of cluster
26-05-15 19:00:36.673 [main] INFO  org.mongodb.driver.cluster - No server chosen by com.mongodb.client.internal.MongoClientDelegate$1@7c5df615 from cluster description ClusterDescription{type=REPLICA_SET, connectionMode=MULTIPLE, serverDescriptions=[ServerDescription{address=ac-ggf694n-shard-00-00.1q4yqcd.mongodb.net:27017, type=UNKNOWN, state=CONNECTING}, ServerDescription{address=ac-ggf694n-shard-00-02.1q4yqcd.mongodb.net:27017, type=UNKNOWN, state=CONNECTING}, ServerDescription{address=ac-ggf694n-shard-00-01.1q4yqcd.mongodb.net:27017, type=UNKNOWN, state=CONNECTING}]}. Waiting for 30000 ms before timing out
26-05-15 19:00:36.914 [cluster-ClusterId{value='6a071ffb74a3445af5b99ddd', description='null'}-ac-ggf694n-shard-00-02.1q4yqcd.mongodb.net:27017] INFO  org.mongodb.driver.connection - Opened connection [connectionId{localValue:2, serverValue:185178}] to ac-ggf694n-shard-00-02.1q4yqcd.mongodb.net:27017
26-05-15 19:00:36.914 [cluster-ClusterId{value='6a071ffb74a3445af5b99ddd', description='null'}-ac-ggf694n-shard-00-00.1q4yqcd.mongodb.net:27017] INFO  org.mongodb.driver.connection - Opened connection [connectionId{localValue:6, serverValue:160115}] to ac-ggf694n-shard-00-00.1q4yqcd.mongodb.net:27017
26-05-15 19:00:36.914 [cluster-rtt-ClusterId{value='6a071ffb74a3445af5b99ddd', description='null'}-ac-ggf694n-shard-00-02.1q4yqcd.mongodb.net:27017] INFO  org.mongodb.driver.connection - Opened connection [connectionId{localValue:3, serverValue:185178}] to ac-ggf694n-shard-00-02.1q4yqcd.mongodb.net:27017
26-05-15 19:00:36.914 [cluster-rtt-ClusterId{value='6a071ffb74a3445af5b99ddd', description='null'}-ac-ggf694n-shard-00-00.1q4yqcd.mongodb.net:27017] INFO  org.mongodb.driver.connection - Opened connection [connectionId{localValue:4, serverValue:160115}] to ac-ggf694n-shard-00-00.1q4yqcd.mongodb.net:27017
26-05-15 19:00:36.914 [cluster-ClusterId{value='6a071ffb74a3445af5b99ddd', description='null'}-ac-ggf694n-shard-00-01.1q4yqcd.mongodb.net:27017] INFO  org.mongodb.driver.connection - Opened connection [connectionId{localValue:5, serverValue:153717}] to ac-ggf694n-shard-00-01.1q4yqcd.mongodb.net:27017
26-05-15 19:00:36.914 [cluster-rtt-ClusterId{value='6a071ffb74a3445af5b99ddd', description='null'}-ac-ggf694n-shard-00-01.1q4yqcd.mongodb.net:27017] INFO  org.mongodb.driver.connection - Opened connection [connectionId{localValue:1, serverValue:153729}] to ac-ggf694n-shard-00-01.1q4yqcd.mongodb.net:27017
26-05-15 19:00:36.947 [cluster-ClusterId{value='6a071ffb74a3445af5b99ddd', description='null'}-ac-ggf694n-shard-00-00.1q4yqcd.mongodb.net:27017] INFO  org.mongodb.driver.cluster - Monitor thread successfully connected to server with description ServerDescription{address=ac-ggf694n-shard-00-00.1q4yqcd.mongodb.net:27017, type=REPLICA_SET_SECONDARY, state=CONNECTED, ok=true, minWireVersion=0, maxWireVersion=25, maxDocumentSize=16777216, logicalSessionTimeoutMinutes=30, roundTripTimeNanos=477820200, setName='atlas-mizxxc-shard-0', canonicalAddress=ac-ggf694n-shard-00-00.1q4yqcd.mongodb.net:27017, hosts=[ac-ggf694n-shard-00-02.1q4yqcd.mongodb.net:27017, ac-ggf694n-shard-00-00.1q4yqcd.mongodb.net:27017, ac-ggf694n-shard-00-01.1q4yqcd.mongodb.net:27017], passives=[], arbiters=[], primary='ac-ggf694n-shard-00-02.1q4yqcd.mongodb.net:27017', tagSet=TagSet{[Tag{name='availabilityZone', value='aps1-az1'}, Tag{name='cacheState', value='READY'}, Tag{name='diskState', value='READY'}, Tag{name='nodeType', value='ELECTABLE'}, Tag{name='provider', value='AWS'}, Tag{name='region', value='AP_SOUTH_1'}, Tag{name='workloadType', value='OPERATIONAL'}]}, electionId=null, setVersion=263, topologyVersion=TopologyVersion{processId=6a0389a4b348ff17f5109be7, counter=4}, lastWriteDate=Fri May 15 19:00:37 IST 2026, lastUpdateTimeNanos=1692742134000}
26-05-15 19:00:36.947 [cluster-ClusterId{value='6a071ffb74a3445af5b99ddd', description='null'}-ac-ggf694n-shard-00-02.1q4yqcd.mongodb.net:27017] INFO  org.mongodb.driver.cluster - Monitor thread successfully connected to server with description ServerDescription{address=ac-ggf694n-shard-00-02.1q4yqcd.mongodb.net:27017, type=REPLICA_SET_PRIMARY, state=CONNECTED, ok=true, minWireVersion=0, maxWireVersion=25, maxDocumentSize=16777216, logicalSessionTimeoutMinutes=30, roundTripTimeNanos=477799800, setName='atlas-mizxxc-shard-0', canonicalAddress=ac-ggf694n-shard-00-02.1q4yqcd.mongodb.net:27017, hosts=[ac-ggf694n-shard-00-02.1q4yqcd.mongodb.net:27017, ac-ggf694n-shard-00-00.1q4yqcd.mongodb.net:27017, ac-ggf694n-shard-00-01.1q4yqcd.mongodb.net:27017], passives=[], arbiters=[], primary='ac-ggf694n-shard-00-02.1q4yqcd.mongodb.net:27017', tagSet=TagSet{[Tag{name='availabilityZone', value='aps1-az2'}, Tag{name='cacheState', value='READY'}, Tag{name='diskState', value='READY'}, Tag{name='nodeType', value='ELECTABLE'}, Tag{name='provider', value='AWS'}, Tag{name='region', value='AP_SOUTH_1'}, Tag{name='workloadType', value='OPERATIONAL'}]}, electionId=7fffffff0000000000000109, setVersion=263, topologyVersion=TopologyVersion{processId=6a038c3ee6a08c3e351f731e, counter=6}, lastWriteDate=Fri May 15 19:00:37 IST 2026, lastUpdateTimeNanos=1692742109400}
26-05-15 19:00:36.947 [cluster-ClusterId{value='6a071ffb74a3445af5b99ddd', description='null'}-ac-ggf694n-shard-00-01.1q4yqcd.mongodb.net:27017] INFO  org.mongodb.driver.cluster - Monitor thread successfully connected to server with description ServerDescription{address=ac-ggf694n-shard-00-01.1q4yqcd.mongodb.net:27017, type=REPLICA_SET_SECONDARY, state=CONNECTED, ok=true, minWireVersion=0, maxWireVersion=25, maxDocumentSize=16777216, logicalSessionTimeoutMinutes=30, roundTripTimeNanos=477046300, setName='atlas-mizxxc-shard-0', canonicalAddress=ac-ggf694n-shard-00-01.1q4yqcd.mongodb.net:27017, hosts=[ac-ggf694n-shard-00-02.1q4yqcd.mongodb.net:27017, ac-ggf694n-shard-00-00.1q4yqcd.mongodb.net:27017, ac-ggf694n-shard-00-01.1q4yqcd.mongodb.net:27017], passives=[], arbiters=[], primary='ac-ggf694n-shard-00-02.1q4yqcd.mongodb.net:27017', tagSet=TagSet{[Tag{name='availabilityZone', value='aps1-az3'}, Tag{name='cacheState', value='READY'}, Tag{name='diskState', value='READY'}, Tag{name='nodeType', value='ELECTABLE'}, Tag{name='provider', value='AWS'}, Tag{name='region', value='AP_SOUTH_1'}, Tag{name='workloadType', value='OPERATIONAL'}]}, electionId=null, setVersion=263, topologyVersion=TopologyVersion{processId=6a038efd653979f40b80b441, counter=3}, lastWriteDate=Fri May 15 19:00:37 IST 2026, lastUpdateTimeNanos=1692742109200}
26-05-15 19:00:36.956 [cluster-ClusterId{value='6a071ffb74a3445af5b99ddd', description='null'}-ac-ggf694n-shard-00-02.1q4yqcd.mongodb.net:27017] INFO  org.mongodb.driver.cluster - Setting max election id to 7fffffff0000000000000109 from replica set primary ac-ggf694n-shard-00-02.1q4yqcd.mongodb.net:27017
26-05-15 19:00:36.956 [cluster-ClusterId{value='6a071ffb74a3445af5b99ddd', description='null'}-ac-ggf694n-shard-00-02.1q4yqcd.mongodb.net:27017] INFO  org.mongodb.driver.cluster - Setting max set version to 263 from replica set primary ac-ggf694n-shard-00-02.1q4yqcd.mongodb.net:27017
26-05-15 19:00:36.958 [cluster-ClusterId{value='6a071ffb74a3445af5b99ddd', description='null'}-ac-ggf694n-shard-00-02.1q4yqcd.mongodb.net:27017] INFO  org.mongodb.driver.cluster - Discovered replica set primary ac-ggf694n-shard-00-02.1q4yqcd.mongodb.net:27017
26-05-15 19:00:37.200 [main] INFO  org.mongodb.driver.connection - Opened connection [connectionId{localValue:7, serverValue:185249}] to ac-ggf694n-shard-00-02.1q4yqcd.mongodb.net:27017
26-05-15 19:00:38.315 [main] INFO  o.s.s.web.DefaultSecurityFilterChain - Will secure any request with [org.springframework.security.web.session.DisableEncodeUrlFilter@5980fa73, org.springframework.security.web.context.request.async.WebAsyncManagerIntegrationFilter@13ca16bf, org.springframework.security.web.context.SecurityContextPersistenceFilter@214b342f, org.springframework.security.web.header.HeaderWriterFilter@1216eb3f, org.springframework.security.web.authentication.logout.LogoutFilter@2fdf22f7, org.springframework.security.web.authentication.www.BasicAuthenticationFilter@733534f9, org.springframework.security.web.savedrequest.RequestCacheAwareFilter@589fb74d, org.springframework.security.web.servletapi.SecurityContextHolderAwareRequestFilter@7f42b194, org.springframework.security.web.authentication.AnonymousAuthenticationFilter@5be4be74, org.springframework.security.web.session.SessionManagementFilter@54895681, org.springframework.security.web.access.ExceptionTranslationFilter@7bf018dd, org.springframework.security.web.access.intercept.FilterSecurityInterceptor@2bdab835]
26-05-15 19:00:40.219 [main] INFO  n.e.j.JournalApplicationTests - Started JournalApplicationTests in 8.92 seconds (JVM running for 11.438)
26-05-15 19:00:41.794 [main] INFO  o.s.b.t.c.SpringBootTestContextBootstrapper - Neither @ContextConfiguration nor @ContextHierarchy found for test class [net.engineeringdigest.journalApp.service.UserServiceTests], using SpringBootContextLoader
26-05-15 19:00:41.795 [main] INFO  o.s.t.c.s.AbstractContextLoader - Could not detect default resource locations for test class [net.engineeringdigest.journalApp.service.UserServiceTests]: no resource found for suffixes {-context.xml, Context.groovy}.
26-05-15 19:00:41.797 [main] INFO  o.s.t.c.s.AnnotationConfigContextLoaderUtils - Could not detect default configuration classes for test class [net.engineeringdigest.journalApp.service.UserServiceTests]: UserServiceTests does not declare any static, non-private, non-final, nested classes annotated with @Configuration.
26-05-15 19:00:41.817 [main] INFO  o.s.b.t.c.SpringBootTestContextBootstrapper - Found @SpringBootConfiguration net.engineeringdigest.journalApp.JournalApplication for test class net.engineeringdigest.journalApp.service.UserServiceTests
26-05-15 19:00:41.821 [main] INFO  o.s.b.t.c.SpringBootTestContextBootstrapper - Loaded default TestExecutionListener class names from location [META-INF/spring.factories]: [org.springframework.boot.test.mock.mockito.MockitoTestExecutionListener, org.springframework.boot.test.mock.mockito.ResetMocksTestExecutionListener, org.springframework.boot.test.autoconfigure.restdocs.RestDocsTestExecutionListener, org.springframework.boot.test.autoconfigure.web.client.MockRestServiceServerResetTestExecutionListener, org.springframework.boot.test.autoconfigure.web.servlet.MockMvcPrintOnlyOnFailureTestExecutionListener, org.springframework.boot.test.autoconfigure.web.servlet.WebDriverTestExecutionListener, org.springframework.boot.test.autoconfigure.webservices.client.MockWebServiceServerTestExecutionListener, org.springframework.test.context.web.ServletTestExecutionListener, org.springframework.test.context.support.DirtiesContextBeforeModesTestExecutionListener, org.springframework.test.context.event.ApplicationEventsTestExecutionListener, org.springframework.test.context.support.DependencyInjectionTestExecutionListener, org.springframework.test.context.support.DirtiesContextTestExecutionListener, org.springframework.test.context.transaction.TransactionalTestExecutionListener, org.springframework.test.context.jdbc.SqlScriptsTestExecutionListener, org.springframework.test.context.event.EventPublishingTestExecutionListener]
26-05-15 19:00:41.822 [main] INFO  o.s.b.t.c.SpringBootTestContextBootstrapper - Using TestExecutionListeners: [org.springframework.test.context.web.ServletTestExecutionListener@57df09a7, org.springframework.test.context.support.DirtiesContextBeforeModesTestExecutionListener@6aa9a93b, org.springframework.test.context.event.ApplicationEventsTestExecutionListener@81dfdee, org.springframework.boot.test.mock.mockito.MockitoTestExecutionListener@14b9df65, org.springframework.boot.test.autoconfigure.SpringBootDependencyInjectionTestExecutionListener@3b046e64, org.springframework.test.context.support.DirtiesContextTestExecutionListener@1c43e84e, org.springframework.test.context.transaction.TransactionalTestExecutionListener@7bd694a5, org.springframework.test.context.jdbc.SqlScriptsTestExecutionListener@21ce2e4d, org.springframework.test.context.event.EventPublishingTestExecutionListener@3921135e, org.springframework.boot.test.mock.mockito.ResetMocksTestExecutionListener@3a239dac, org.springframework.boot.test.autoconfigure.restdocs.RestDocsTestExecutionListener@759f45f1, org.springframework.boot.test.autoconfigure.web.client.MockRestServiceServerResetTestExecutionListener@2573b149, org.springframework.boot.test.autoconfigure.web.servlet.MockMvcPrintOnlyOnFailureTestExecutionListener@1479ed5a, org.springframework.boot.test.autoconfigure.web.servlet.WebDriverTestExecutionListener@3211cc84, org.springframework.boot.test.autoconfigure.webservices.client.MockWebServiceServerTestExecutionListener@3d2eb7fa]
26-05-15 19:34:56.090 [main] INFO  o.s.b.t.c.SpringBootTestContextBootstrapper - Neither @ContextConfiguration nor @ContextHierarchy found for test class [net.engineeringdigest.journalApp.JournalApplicationTests], using SpringBootContextLoader
26-05-15 19:34:56.104 [main] INFO  o.s.t.c.s.AbstractContextLoader - Could not detect default resource locations for test class [net.engineeringdigest.journalApp.JournalApplicationTests]: no resource found for suffixes {-context.xml, Context.groovy}.
26-05-15 19:34:56.106 [main] INFO  o.s.t.c.s.AnnotationConfigContextLoaderUtils - Could not detect default configuration classes for test class [net.engineeringdigest.journalApp.JournalApplicationTests]: JournalApplicationTests does not declare any static, non-private, non-final, nested classes annotated with @Configuration.
26-05-15 19:34:56.397 [main] INFO  o.s.b.t.c.SpringBootTestContextBootstrapper - Found @SpringBootConfiguration net.engineeringdigest.journalApp.JournalApplication for test class net.engineeringdigest.journalApp.JournalApplicationTests
26-05-15 19:34:56.646 [main] INFO  o.s.b.t.c.SpringBootTestContextBootstrapper - Loaded default TestExecutionListener class names from location [META-INF/spring.factories]: [org.springframework.boot.test.mock.mockito.MockitoTestExecutionListener, org.springframework.boot.test.mock.mockito.ResetMocksTestExecutionListener, org.springframework.boot.test.autoconfigure.restdocs.RestDocsTestExecutionListener, org.springframework.boot.test.autoconfigure.web.client.MockRestServiceServerResetTestExecutionListener, org.springframework.boot.test.autoconfigure.web.servlet.MockMvcPrintOnlyOnFailureTestExecutionListener, org.springframework.boot.test.autoconfigure.web.servlet.WebDriverTestExecutionListener, org.springframework.boot.test.autoconfigure.webservices.client.MockWebServiceServerTestExecutionListener, org.springframework.test.context.web.ServletTestExecutionListener, org.springframework.test.context.support.DirtiesContextBeforeModesTestExecutionListener, org.springframework.test.context.event.ApplicationEventsTestExecutionListener, org.springframework.test.context.support.DependencyInjectionTestExecutionListener, org.springframework.test.context.support.DirtiesContextTestExecutionListener, org.springframework.test.context.transaction.TransactionalTestExecutionListener, org.springframework.test.context.jdbc.SqlScriptsTestExecutionListener, org.springframework.test.context.event.EventPublishingTestExecutionListener]
26-05-15 19:34:56.708 [main] INFO  o.s.b.t.c.SpringBootTestContextBootstrapper - Using TestExecutionListeners: [org.springframework.test.context.web.ServletTestExecutionListener@1b2c4efb, org.springframework.test.context.support.DirtiesContextBeforeModesTestExecutionListener@c35172e, org.springframework.test.context.event.ApplicationEventsTestExecutionListener@c2db68f, org.springframework.boot.test.mock.mockito.MockitoTestExecutionListener@3cc41abc, org.springframework.boot.test.autoconfigure.SpringBootDependencyInjectionTestExecutionListener@4566d049, org.springframework.test.context.support.DirtiesContextTestExecutionListener@61ce23ac, org.springframework.test.context.transaction.TransactionalTestExecutionListener@3668d4, org.springframework.test.context.jdbc.SqlScriptsTestExecutionListener@1c3b9394, org.springframework.test.context.event.EventPublishingTestExecutionListener@6f2cfcc2, org.springframework.boot.test.mock.mockito.ResetMocksTestExecutionListener@7f6f61c8, org.springframework.boot.test.autoconfigure.restdocs.RestDocsTestExecutionListener@4c2cc639, org.springframework.boot.test.autoconfigure.web.client.MockRestServiceServerResetTestExecutionListener@ccb4b1b, org.springframework.boot.test.autoconfigure.web.servlet.MockMvcPrintOnlyOnFailureTestExecutionListener@4097cac, org.springframework.boot.test.autoconfigure.web.servlet.WebDriverTestExecutionListener@ec2cc4, org.springframework.boot.test.autoconfigure.webservices.client.MockWebServiceServerTestExecutionListener@2a5b3fee]
26-05-15 19:34:57.728 [main] INFO  n.e.j.JournalApplicationTests - Starting JournalApplicationTests using Java 11.0.31 on LAPTOP-4IL5G33D with PID 14108 (started by SIDDHU in C:\Users\SIDDHU\OneDrive\Desktop\journalapp\journalApp)
26-05-15 19:34:57.731 [main] INFO  n.e.j.JournalApplicationTests - The following 1 profile is active: "dev"
26-05-15 19:34:59.647 [main] INFO  o.s.d.r.c.RepositoryConfigurationDelegate - Bootstrapping Spring Data MongoDB repositories in DEFAULT mode.
26-05-15 19:34:59.808 [main] INFO  o.s.d.r.c.RepositoryConfigurationDelegate - Finished Spring Data repository scanning in 146 ms. Found 2 MongoDB repository interfaces.
26-05-15 19:35:02.305 [main] INFO  org.mongodb.driver.client - MongoClient with metadata {"driver": {"name": "mongo-java-driver|sync|spring-boot", "version": "4.6.1"}, "os": {"type": "Windows", "name": "Windows 11", "architecture": "amd64", "version": "10.0"}, "platform": "Java/Microsoft/11.0.31+11-LTS", "application": {"name": "Cluster0"}} created with settings MongoClientSettings{readPreference=primary, writeConcern=WriteConcern{w=null, wTimeout=null ms, journal=null}, retryWrites=true, retryReads=true, readConcern=ReadConcern{level=null}, credential=MongoCredential{mechanism=null, userName='banusiddharth35_db_user', source='admin', password=<hidden>, mechanismProperties=<hidden>}, streamFactoryFactory=null, commandListeners=[], codecRegistry=ProvidersCodecRegistry{codecProviders=[ValueCodecProvider{}, BsonValueCodecProvider{}, DBRefCodecProvider{}, DBObjectCodecProvider{}, DocumentCodecProvider{}, IterableCodecProvider{}, MapCodecProvider{}, GeoJsonCodecProvider{}, GridFSFileCodecProvider{}, Jsr310CodecProvider{}, JsonObjectCodecProvider{}, BsonCodecProvider{}, EnumCodecProvider{}, com.mongodb.Jep395RecordCodecProvider@42d6c12d]}, clusterSettings={hosts=[127.0.0.1:27017], srvHost=cluster0.1q4yqcd.mongodb.net, srvServiceName=mongodb, mode=MULTIPLE, requiredClusterType=REPLICA_SET, requiredReplicaSetName='atlas-mizxxc-shard-0', serverSelector='null', clusterListeners='[]', serverSelectionTimeout='30000 ms', localThreshold='30000 ms'}, socketSettings=SocketSettings{connectTimeoutMS=10000, readTimeoutMS=0, receiveBufferSize=0, sendBufferSize=0}, heartbeatSocketSettings=SocketSettings{connectTimeoutMS=10000, readTimeoutMS=10000, receiveBufferSize=0, sendBufferSize=0}, connectionPoolSettings=ConnectionPoolSettings{maxSize=100, minSize=0, maxWaitTimeMS=120000, maxConnectionLifeTimeMS=0, maxConnectionIdleTimeMS=0, maintenanceInitialDelayMS=0, maintenanceFrequencyMS=60000, connectionPoolListeners=[], maxConnecting=2}, serverSettings=ServerSettings{heartbeatFrequencyMS=10000, minHeartbeatFrequencyMS=500, serverListeners='[]', serverMonitorListeners='[]'}, sslSettings=SslSettings{enabled=true, invalidHostNameAllowed=false, context=null}, applicationName='Cluster0', compressorList=[], uuidRepresentation=JAVA_LEGACY, serverApi=null, autoEncryptionSettings=null, contextProvider=null}
26-05-15 19:35:02.311 [cluster-ClusterId{value='6a07280eecc3775225ff29a3', description='null'}-srv-cluster0.1q4yqcd.mongodb.net] INFO  org.mongodb.driver.cluster - Adding discovered server ac-ggf694n-shard-00-01.1q4yqcd.mongodb.net:27017 to client view of cluster
26-05-15 19:35:02.375 [cluster-ClusterId{value='6a07280eecc3775225ff29a3', description='null'}-srv-cluster0.1q4yqcd.mongodb.net] INFO  org.mongodb.driver.cluster - Adding discovered server ac-ggf694n-shard-00-00.1q4yqcd.mongodb.net:27017 to client view of cluster
26-05-15 19:35:02.377 [cluster-ClusterId{value='6a07280eecc3775225ff29a3', description='null'}-srv-cluster0.1q4yqcd.mongodb.net] INFO  org.mongodb.driver.cluster - Adding discovered server ac-ggf694n-shard-00-02.1q4yqcd.mongodb.net:27017 to client view of cluster
26-05-15 19:35:03.296 [main] INFO  org.mongodb.driver.cluster - No server chosen by com.mongodb.client.internal.MongoClientDelegate$1@4b765e92 from cluster description ClusterDescription{type=REPLICA_SET, connectionMode=MULTIPLE, serverDescriptions=[ServerDescription{address=ac-ggf694n-shard-00-00.1q4yqcd.mongodb.net:27017, type=UNKNOWN, state=CONNECTING}, ServerDescription{address=ac-ggf694n-shard-00-02.1q4yqcd.mongodb.net:27017, type=UNKNOWN, state=CONNECTING}, ServerDescription{address=ac-ggf694n-shard-00-01.1q4yqcd.mongodb.net:27017, type=UNKNOWN, state=CONNECTING}]}. Waiting for 30000 ms before timing out
26-05-15 19:35:03.523 [cluster-rtt-ClusterId{value='6a07280eecc3775225ff29a3', description='null'}-ac-ggf694n-shard-00-02.1q4yqcd.mongodb.net:27017] INFO  org.mongodb.driver.connection - Opened connection [connectionId{localValue:1, serverValue:186520}] to ac-ggf694n-shard-00-02.1q4yqcd.mongodb.net:27017
26-05-15 19:35:03.523 [cluster-ClusterId{value='6a07280eecc3775225ff29a3', description='null'}-ac-ggf694n-shard-00-01.1q4yqcd.mongodb.net:27017] INFO  org.mongodb.driver.connection - Opened connection [connectionId{localValue:2, serverValue:154854}] to ac-ggf694n-shard-00-01.1q4yqcd.mongodb.net:27017
26-05-15 19:35:03.523 [cluster-ClusterId{value='6a07280eecc3775225ff29a3', description='null'}-ac-ggf694n-shard-00-02.1q4yqcd.mongodb.net:27017] INFO  org.mongodb.driver.connection - Opened connection [connectionId{localValue:4, serverValue:186317}] to ac-ggf694n-shard-00-02.1q4yqcd.mongodb.net:27017
26-05-15 19:35:03.523 [cluster-rtt-ClusterId{value='6a07280eecc3775225ff29a3', description='null'}-ac-ggf694n-shard-00-01.1q4yqcd.mongodb.net:27017] INFO  org.mongodb.driver.connection - Opened connection [connectionId{localValue:5, serverValue:154854}] to ac-ggf694n-shard-00-01.1q4yqcd.mongodb.net:27017
26-05-15 19:35:03.523 [cluster-ClusterId{value='6a07280eecc3775225ff29a3', description='null'}-ac-ggf694n-shard-00-00.1q4yqcd.mongodb.net:27017] INFO  org.mongodb.driver.connection - Opened connection [connectionId{localValue:6, serverValue:161329}] to ac-ggf694n-shard-00-00.1q4yqcd.mongodb.net:27017
26-05-15 19:35:03.523 [cluster-rtt-ClusterId{value='6a07280eecc3775225ff29a3', description='null'}-ac-ggf694n-shard-00-00.1q4yqcd.mongodb.net:27017] INFO  org.mongodb.driver.connection - Opened connection [connectionId{localValue:3, serverValue:161328}] to ac-ggf694n-shard-00-00.1q4yqcd.mongodb.net:27017
26-05-15 19:35:03.548 [cluster-ClusterId{value='6a07280eecc3775225ff29a3', description='null'}-ac-ggf694n-shard-00-00.1q4yqcd.mongodb.net:27017] INFO  org.mongodb.driver.cluster - Monitor thread successfully connected to server with description ServerDescription{address=ac-ggf694n-shard-00-00.1q4yqcd.mongodb.net:27017, type=REPLICA_SET_SECONDARY, state=CONNECTED, ok=true, minWireVersion=0, maxWireVersion=25, maxDocumentSize=16777216, logicalSessionTimeoutMinutes=30, roundTripTimeNanos=565569800, setName='atlas-mizxxc-shard-0', canonicalAddress=ac-ggf694n-shard-00-00.1q4yqcd.mongodb.net:27017, hosts=[ac-ggf694n-shard-00-02.1q4yqcd.mongodb.net:27017, ac-ggf694n-shard-00-00.1q4yqcd.mongodb.net:27017, ac-ggf694n-shard-00-01.1q4yqcd.mongodb.net:27017], passives=[], arbiters=[], primary='ac-ggf694n-shard-00-02.1q4yqcd.mongodb.net:27017', tagSet=TagSet{[Tag{name='availabilityZone', value='aps1-az1'}, Tag{name='cacheState', value='READY'}, Tag{name='diskState', value='READY'}, Tag{name='nodeType', value='ELECTABLE'}, Tag{name='provider', value='AWS'}, Tag{name='region', value='AP_SOUTH_1'}, Tag{name='workloadType', value='OPERATIONAL'}]}, electionId=null, setVersion=263, topologyVersion=TopologyVersion{processId=6a0389a4b348ff17f5109be7, counter=4}, lastWriteDate=Fri May 15 19:35:03 IST 2026, lastUpdateTimeNanos=3759351592900}
26-05-15 19:35:03.548 [cluster-ClusterId{value='6a07280eecc3775225ff29a3', description='null'}-ac-ggf694n-shard-00-02.1q4yqcd.mongodb.net:27017] INFO  org.mongodb.driver.cluster - Monitor thread successfully connected to server with description ServerDescription{address=ac-ggf694n-shard-00-02.1q4yqcd.mongodb.net:27017, type=REPLICA_SET_PRIMARY, state=CONNECTED, ok=true, minWireVersion=0, maxWireVersion=25, maxDocumentSize=16777216, logicalSessionTimeoutMinutes=30, roundTripTimeNanos=564288600, setName='atlas-mizxxc-shard-0', canonicalAddress=ac-ggf694n-shard-00-02.1q4yqcd.mongodb.net:27017, hosts=[ac-ggf694n-shard-00-02.1q4yqcd.mongodb.net:27017, ac-ggf694n-shard-00-00.1q4yqcd.mongodb.net:27017, ac-ggf694n-shard-00-01.1q4yqcd.mongodb.net:27017], passives=[], arbiters=[], primary='ac-ggf694n-shard-00-02.1q4yqcd.mongodb.net:27017', tagSet=TagSet{[Tag{name='availabilityZone', value='aps1-az2'}, Tag{name='cacheState', value='READY'}, Tag{name='diskState', value='READY'}, Tag{name='nodeType', value='ELECTABLE'}, Tag{name='provider', value='AWS'}, Tag{name='region', value='AP_SOUTH_1'}, Tag{name='workloadType', value='OPERATIONAL'}]}, electionId=7fffffff0000000000000109, setVersion=263, topologyVersion=TopologyVersion{processId=6a038c3ee6a08c3e351f731e, counter=6}, lastWriteDate=Fri May 15 19:35:04 IST 2026, lastUpdateTimeNanos=3759351539800}
26-05-15 19:35:03.548 [cluster-ClusterId{value='6a07280eecc3775225ff29a3', description='null'}-ac-ggf694n-shard-00-01.1q4yqcd.mongodb.net:27017] INFO  org.mongodb.driver.cluster - Monitor thread successfully connected to server with description ServerDescription{address=ac-ggf694n-shard-00-01.1q4yqcd.mongodb.net:27017, type=REPLICA_SET_SECONDARY, state=CONNECTED, ok=true, minWireVersion=0, maxWireVersion=25, maxDocumentSize=16777216, logicalSessionTimeoutMinutes=30, roundTripTimeNanos=565846400, setName='atlas-mizxxc-shard-0', canonicalAddress=ac-ggf694n-shard-00-01.1q4yqcd.mongodb.net:27017, hosts=[ac-ggf694n-shard-00-02.1q4yqcd.mongodb.net:27017, ac-ggf694n-shard-00-00.1q4yqcd.mongodb.net:27017, ac-ggf694n-shard-00-01.1q4yqcd.mongodb.net:27017], passives=[], arbiters=[], primary='ac-ggf694n-shard-00-02.1q4yqcd.mongodb.net:27017', tagSet=TagSet{[Tag{name='availabilityZone', value='aps1-az3'}, Tag{name='cacheState', value='READY'}, Tag{name='diskState', value='READY'}, Tag{name='nodeType', value='ELECTABLE'}, Tag{name='provider', value='AWS'}, Tag{name='region', value='AP_SOUTH_1'}, Tag{name='workloadType', value='OPERATIONAL'}]}, electionId=null, setVersion=263, topologyVersion=TopologyVersion{processId=6a038efd653979f40b80b441, counter=3}, lastWriteDate=Fri May 15 19:35:04 IST 2026, lastUpdateTimeNanos=3759351844900}
26-05-15 19:35:03.563 [cluster-ClusterId{value='6a07280eecc3775225ff29a3', description='null'}-ac-ggf694n-shard-00-02.1q4yqcd.mongodb.net:27017] INFO  org.mongodb.driver.cluster - Setting max election id to 7fffffff0000000000000109 from replica set primary ac-ggf694n-shard-00-02.1q4yqcd.mongodb.net:27017
26-05-15 19:35:03.564 [cluster-ClusterId{value='6a07280eecc3775225ff29a3', description='null'}-ac-ggf694n-shard-00-02.1q4yqcd.mongodb.net:27017] INFO  org.mongodb.driver.cluster - Setting max set version to 263 from replica set primary ac-ggf694n-shard-00-02.1q4yqcd.mongodb.net:27017
26-05-15 19:35:03.564 [cluster-ClusterId{value='6a07280eecc3775225ff29a3', description='null'}-ac-ggf694n-shard-00-02.1q4yqcd.mongodb.net:27017] INFO  org.mongodb.driver.cluster - Discovered replica set primary ac-ggf694n-shard-00-02.1q4yqcd.mongodb.net:27017
26-05-15 19:35:03.838 [main] INFO  org.mongodb.driver.connection - Opened connection [connectionId{localValue:7, serverValue:186637}] to ac-ggf694n-shard-00-02.1q4yqcd.mongodb.net:27017
26-05-15 19:35:05.380 [main] INFO  o.s.s.web.DefaultSecurityFilterChain - Will secure any request with [org.springframework.security.web.session.DisableEncodeUrlFilter@5f3b84bd, org.springframework.security.web.context.request.async.WebAsyncManagerIntegrationFilter@1e734eee, org.springframework.security.web.context.SecurityContextPersistenceFilter@2a8f8555, org.springframework.security.web.header.HeaderWriterFilter@3af236d0, org.springframework.security.web.authentication.logout.LogoutFilter@a21c74, org.springframework.security.web.authentication.www.BasicAuthenticationFilter@5be4be74, org.springframework.security.web.savedrequest.RequestCacheAwareFilter@23b1aa9, org.springframework.security.web.servletapi.SecurityContextHolderAwareRequestFilter@6c07add6, org.springframework.security.web.authentication.AnonymousAuthenticationFilter@1e191150, org.springframework.security.web.session.SessionManagementFilter@12567179, org.springframework.security.web.access.ExceptionTranslationFilter@3cc3f13e, org.springframework.security.web.access.intercept.FilterSecurityInterceptor@ee96866]
26-05-15 19:35:07.638 [main] INFO  n.e.j.JournalApplicationTests - Started JournalApplicationTests in 10.802 seconds (JVM running for 13.307)
26-05-15 19:35:09.136 [main] INFO  o.s.b.t.c.SpringBootTestContextBootstrapper - Neither @ContextConfiguration nor @ContextHierarchy found for test class [net.engineeringdigest.journalApp.service.UserServiceTests], using SpringBootContextLoader
26-05-15 19:35:09.137 [main] INFO  o.s.t.c.s.AbstractContextLoader - Could not detect default resource locations for test class [net.engineeringdigest.journalApp.service.UserServiceTests]: no resource found for suffixes {-context.xml, Context.groovy}.
26-05-15 19:35:09.138 [main] INFO  o.s.t.c.s.AnnotationConfigContextLoaderUtils - Could not detect default configuration classes for test class [net.engineeringdigest.journalApp.service.UserServiceTests]: UserServiceTests does not declare any static, non-private, non-final, nested classes annotated with @Configuration.
26-05-15 19:35:09.158 [main] INFO  o.s.b.t.c.SpringBootTestContextBootstrapper - Found @SpringBootConfiguration net.engineeringdigest.journalApp.JournalApplication for test class net.engineeringdigest.journalApp.service.UserServiceTests
26-05-15 19:35:09.162 [main] INFO  o.s.b.t.c.SpringBootTestContextBootstrapper - Loaded default TestExecutionListener class names from location [META-INF/spring.factories]: [org.springframework.boot.test.mock.mockito.MockitoTestExecutionListener, org.springframework.boot.test.mock.mockito.ResetMocksTestExecutionListener, org.springframework.boot.test.autoconfigure.restdocs.RestDocsTestExecutionListener, org.springframework.boot.test.autoconfigure.web.client.MockRestServiceServerResetTestExecutionListener, org.springframework.boot.test.autoconfigure.web.servlet.MockMvcPrintOnlyOnFailureTestExecutionListener, org.springframework.boot.test.autoconfigure.web.servlet.WebDriverTestExecutionListener, org.springframework.boot.test.autoconfigure.webservices.client.MockWebServiceServerTestExecutionListener, org.springframework.test.context.web.ServletTestExecutionListener, org.springframework.test.context.support.DirtiesContextBeforeModesTestExecutionListener, org.springframework.test.context.event.ApplicationEventsTestExecutionListener, org.springframework.test.context.support.DependencyInjectionTestExecutionListener, org.springframework.test.context.support.DirtiesContextTestExecutionListener, org.springframework.test.context.transaction.TransactionalTestExecutionListener, org.springframework.test.context.jdbc.SqlScriptsTestExecutionListener, org.springframework.test.context.event.EventPublishingTestExecutionListener]
26-05-15 19:35:09.163 [main] INFO  o.s.b.t.c.SpringBootTestContextBootstrapper - Using TestExecutionListeners: [org.springframework.test.context.web.ServletTestExecutionListener@2573b149, org.springframework.test.context.support.DirtiesContextBeforeModesTestExecutionListener@1479ed5a, org.springframework.test.context.event.ApplicationEventsTestExecutionListener@3211cc84, org.springframework.boot.test.mock.mockito.MockitoTestExecutionListener@3d2eb7fa, org.springframework.boot.test.autoconfigure.SpringBootDependencyInjectionTestExecutionListener@56fa0ef, org.springframework.test.context.support.DirtiesContextTestExecutionListener@5e278e25, org.springframework.test.context.transaction.TransactionalTestExecutionListener@62ee1c89, org.springframework.test.context.jdbc.SqlScriptsTestExecutionListener@2ab7f649, org.springframework.test.context.event.EventPublishingTestExecutionListener@52a74328, org.springframework.boot.test.mock.mockito.ResetMocksTestExecutionListener@3093b9ff, org.springframework.boot.test.autoconfigure.restdocs.RestDocsTestExecutionListener@220be130, org.springframework.boot.test.autoconfigure.web.client.MockRestServiceServerResetTestExecutionListener@379b4e86, org.springframework.boot.test.autoconfigure.web.servlet.MockMvcPrintOnlyOnFailureTestExecutionListener@5f4df55e, org.springframework.boot.test.autoconfigure.web.servlet.WebDriverTestExecutionListener@72bce309, org.springframework.boot.test.autoconfigure.webservices.client.MockWebServiceServerTestExecutionListener@f439e0f]
26-05-15 19:35:09.490 [main] ERROR n.e.journalApp.service.UserService - Exception occurred
org.springframework.dao.DuplicateKeyException: Write operation error on server ac-ggf694n-shard-00-02.1q4yqcd.mongodb.net:27017. Write error: WriteError{code=11000, message='E11000 duplicate key error collection: journaldb.Users index: username dup key: { username: "no" }', details={}}.; nested exception is com.mongodb.MongoWriteException: Write operation error on server ac-ggf694n-shard-00-02.1q4yqcd.mongodb.net:27017. Write error: WriteError{code=11000, message='E11000 duplicate key error collection: journaldb.Users index: username dup key: { username: "no" }', details={}}.
	at org.springframework.data.mongodb.core.MongoExceptionTranslator.translateExceptionIfPossible(MongoExceptionTranslator.java:106)
	at org.springframework.data.mongodb.core.MongoTemplate.potentiallyConvertRuntimeException(MongoTemplate.java:3029)
	at org.springframework.data.mongodb.core.MongoTemplate.execute(MongoTemplate.java:581)
	at org.springframework.data.mongodb.core.MongoTemplate.insertDocument(MongoTemplate.java:1530)
	at org.springframework.data.mongodb.core.MongoTemplate.doInsert(MongoTemplate.java:1326)
	at org.springframework.data.mongodb.core.MongoTemplate.insert(MongoTemplate.java:1241)
	at org.springframework.data.mongodb.repository.support.SimpleMongoRepository.save(SimpleMongoRepository.java:95)
	at java.base/jdk.internal.reflect.NativeMethodAccessorImpl.invoke0(Native Method)
	at java.base/jdk.internal.reflect.NativeMethodAccessorImpl.invoke(NativeMethodAccessorImpl.java:62)
	at java.base/jdk.internal.reflect.DelegatingMethodAccessorImpl.invoke(DelegatingMethodAccessorImpl.java:43)
	at java.base/java.lang.reflect.Method.invoke(Method.java:566)
	at org.springframework.data.repository.core.support.RepositoryMethodInvoker$RepositoryFragmentMethodInvoker.lambda$new$0(RepositoryMethodInvoker.java:289)
	at org.springframework.data.repository.core.support.RepositoryMethodInvoker.doInvoke(RepositoryMethodInvoker.java:137)
	at org.springframework.data.repository.core.support.RepositoryMethodInvoker.invoke(RepositoryMethodInvoker.java:121)
	at org.springframework.data.repository.core.support.RepositoryComposition$RepositoryFragments.invoke(RepositoryComposition.java:530)
	at org.springframework.data.repository.core.support.RepositoryComposition.invoke(RepositoryComposition.java:286)
	at org.springframework.data.repository.core.support.RepositoryFactorySupport$ImplementationMethodExecutionInterceptor.invoke(RepositoryFactorySupport.java:640)
	at org.springframework.aop.framework.ReflectiveMethodInvocation.proceed(ReflectiveMethodInvocation.java:186)
	at org.springframework.data.repository.core.support.QueryExecutorMethodInterceptor.doInvoke(QueryExecutorMethodInterceptor.java:164)
	at org.springframework.data.repository.core.support.QueryExecutorMethodInterceptor.invoke(QueryExecutorMethodInterceptor.java:139)
	at org.springframework.aop.framework.ReflectiveMethodInvocation.proceed(ReflectiveMethodInvocation.java:186)
	at org.springframework.data.projection.DefaultMethodInvokingMethodInterceptor.invoke(DefaultMethodInvokingMethodInterceptor.java:76)
	at org.springframework.aop.framework.ReflectiveMethodInvocation.proceed(ReflectiveMethodInvocation.java:186)
	at org.springframework.aop.interceptor.ExposeInvocationInterceptor.invoke(ExposeInvocationInterceptor.java:97)
	at org.springframework.aop.framework.ReflectiveMethodInvocation.proceed(ReflectiveMethodInvocation.java:186)
	at org.springframework.aop.framework.JdkDynamicAopProxy.invoke(JdkDynamicAopProxy.java:241)
	at com.sun.proxy.$Proxy86.save(Unknown Source)
	at net.engineeringdigest.journalApp.service.UserService.saveNewUser(UserService.java:35)
	at net.engineeringdigest.journalApp.service.UserServiceTests.testFindUserByUserName(UserServiceTests.java:26)
	at java.base/jdk.internal.reflect.NativeMethodAccessorImpl.invoke0(Native Method)
	at java.base/jdk.internal.reflect.NativeMethodAccessorImpl.invoke(NativeMethodAccessorImpl.java:62)
	at java.base/jdk.internal.reflect.DelegatingMethodAccessorImpl.invoke(DelegatingMethodAccessorImpl.java:43)
	at java.base/java.lang.reflect.Method.invoke(Method.java:566)
	at org.junit.platform.commons.util.ReflectionUtils.invokeMethod(ReflectionUtils.java:725)
	at org.junit.jupiter.engine.execution.MethodInvocation.proceed(MethodInvocation.java:60)
	at org.junit.jupiter.engine.execution.InvocationInterceptorChain$ValidatingInvocation.proceed(InvocationInterceptorChain.java:131)
	at org.junit.jupiter.engine.extension.TimeoutExtension.intercept(TimeoutExtension.java:149)
	at org.junit.jupiter.engine.extension.TimeoutExtension.interceptTestableMethod(TimeoutExtension.java:140)
	at org.junit.jupiter.engine.extension.TimeoutExtension.interceptTestTemplateMethod(TimeoutExtension.java:92)
	at org.junit.jupiter.engine.execution.ExecutableInvoker$ReflectiveInterceptorCall.lambda$ofVoidMethod$0(ExecutableInvoker.java:115)
	at org.junit.jupiter.engine.execution.ExecutableInvoker.lambda$invoke$0(ExecutableInvoker.java:105)
	at org.junit.jupiter.engine.execution.InvocationInterceptorChain$InterceptedInvocation.proceed(InvocationInterceptorChain.java:106)
	at org.junit.jupiter.engine.execution.InvocationInterceptorChain.proceed(InvocationInterceptorChain.java:64)
	at org.junit.jupiter.engine.execution.InvocationInterceptorChain.chainAndInvoke(InvocationInterceptorChain.java:45)
	at org.junit.jupiter.engine.execution.InvocationInterceptorChain.invoke(InvocationInterceptorChain.java:37)
	at org.junit.jupiter.engine.execution.ExecutableInvoker.invoke(ExecutableInvoker.java:104)
	at org.junit.jupiter.engine.execution.ExecutableInvoker.invoke(ExecutableInvoker.java:98)
	at org.junit.jupiter.engine.descriptor.TestMethodTestDescriptor.lambda$invokeTestMethod$7(TestMethodTestDescriptor.java:214)
	at org.junit.platform.engine.support.hierarchical.ThrowableCollector.execute(ThrowableCollector.java:73)
	at org.junit.jupiter.engine.descriptor.TestMethodTestDescriptor.invokeTestMethod(TestMethodTestDescriptor.java:210)
	at org.junit.jupiter.engine.descriptor.TestMethodTestDescriptor.execute(TestMethodTestDescriptor.java:135)
	at org.junit.jupiter.engine.descriptor.TestMethodTestDescriptor.execute(TestMethodTestDescriptor.java:66)
	at org.junit.platform.engine.support.hierarchical.NodeTestTask.lambda$executeRecursively$6(NodeTestTask.java:151)
	at org.junit.platform.engine.support.hierarchical.ThrowableCollector.execute(ThrowableCollector.java:73)
	at org.junit.platform.engine.support.hierarchical.NodeTestTask.lambda$executeRecursively$8(NodeTestTask.java:141)
	at org.junit.platform.engine.support.hierarchical.Node.around(Node.java:137)
	at org.junit.platform.engine.support.hierarchical.NodeTestTask.lambda$executeRecursively$9(NodeTestTask.java:139)
	at org.junit.platform.engine.support.hierarchical.ThrowableCollector.execute(ThrowableCollector.java:73)
	at org.junit.platform.engine.support.hierarchical.NodeTestTask.executeRecursively(NodeTestTask.java:138)
	at org.junit.platform.engine.support.hierarchical.NodeTestTask.execute(NodeTestTask.java:95)
	at org.junit.platform.engine.support.hierarchical.SameThreadHierarchicalTestExecutorService.submit(SameThreadHierarchicalTestExecutorService.java:35)
	at org.junit.platform.engine.support.hierarchical.NodeTestTask$DefaultDynamicTestExecutor.execute(NodeTestTask.java:226)
	at org.junit.platform.engine.support.hierarchical.NodeTestTask$DefaultDynamicTestExecutor.execute(NodeTestTask.java:204)
	at org.junit.jupiter.engine.descriptor.TestTemplateTestDescriptor.execute(TestTemplateTestDescriptor.java:139)
	at org.junit.jupiter.engine.descriptor.TestTemplateTestDescriptor.lambda$execute$2(TestTemplateTestDescriptor.java:107)
	at java.base/java.util.stream.ForEachOps$ForEachOp$OfRef.accept(ForEachOps.java:183)
	at java.base/java.util.stream.ReferencePipeline$3$1.accept(ReferencePipeline.java:195)
	at java.base/java.util.stream.ReferencePipeline$2$1.accept(ReferencePipeline.java:177)
	at java.base/java.util.stream.ReferencePipeline$3$1.accept(ReferencePipeline.java:195)
	at java.base/java.util.stream.ForEachOps$ForEachOp$OfRef.accept(ForEachOps.java:183)
	at java.base/java.util.stream.ReferencePipeline$3$1.accept(ReferencePipeline.java:195)
	at java.base/java.util.stream.ReferencePipeline$3$1.accept(ReferencePipeline.java:195)
	at java.base/java.util.stream.ReferencePipeline$3$1.accept(ReferencePipeline.java:195)
	at java.base/java.util.stream.Streams$StreamBuilderImpl.forEachRemaining(Streams.java:411)
	at java.base/java.util.stream.ReferencePipeline$Head.forEach(ReferencePipeline.java:658)
	at java.base/java.util.stream.ReferencePipeline$7$1.accept(ReferencePipeline.java:274)
	at java.base/java.util.stream.ReferencePipeline$3$1.accept(ReferencePipeline.java:195)
	at java.base/java.util.stream.ReferencePipeline$3$1.accept(ReferencePipeline.java:195)
	at java.base/java.util.stream.ReferencePipeline$3$1.accept(ReferencePipeline.java:195)
	at java.base/java.util.ArrayList$ArrayListSpliterator.forEachRemaining(ArrayList.java:1655)
	at java.base/java.util.stream.AbstractPipeline.copyInto(AbstractPipeline.java:484)
	at java.base/java.util.stream.AbstractPipeline.wrapAndCopyInto(AbstractPipeline.java:474)
	at java.base/java.util.stream.ForEachOps$ForEachOp.evaluateSequential(ForEachOps.java:150)
	at java.base/java.util.stream.ForEachOps$ForEachOp$OfRef.evaluateSequential(ForEachOps.java:173)
	at java.base/java.util.stream.AbstractPipeline.evaluate(AbstractPipeline.java:234)
	at java.base/java.util.stream.ReferencePipeline.forEach(ReferencePipeline.java:497)
	at java.base/java.util.stream.ReferencePipeline$7$1.accept(ReferencePipeline.java:274)
	at java.base/java.util.ArrayList$ArrayListSpliterator.forEachRemaining(ArrayList.java:1655)
	at java.base/java.util.stream.AbstractPipeline.copyInto(AbstractPipeline.java:484)
	at java.base/java.util.stream.AbstractPipeline.wrapAndCopyInto(AbstractPipeline.java:474)
	at java.base/java.util.stream.ForEachOps$ForEachOp.evaluateSequential(ForEachOps.java:150)
	at java.base/java.util.stream.ForEachOps$ForEachOp$OfRef.evaluateSequential(ForEachOps.java:173)
	at java.base/java.util.stream.AbstractPipeline.evaluate(AbstractPipeline.java:234)
	at java.base/java.util.stream.ReferencePipeline.forEach(ReferencePipeline.java:497)
	at org.junit.jupiter.engine.descriptor.TestTemplateTestDescriptor.execute(TestTemplateTestDescriptor.java:107)
	at org.junit.jupiter.engine.descriptor.TestTemplateTestDescriptor.execute(TestTemplateTestDescriptor.java:42)
	at org.junit.platform.engine.support.hierarchical.NodeTestTask.lambda$executeRecursively$6(NodeTestTask.java:151)
	at org.junit.platform.engine.support.hierarchical.ThrowableCollector.execute(ThrowableCollector.java:73)
	at org.junit.platform.engine.support.hierarchical.NodeTestTask.lambda$executeRecursively$8(NodeTestTask.java:141)
	at org.junit.platform.engine.support.hierarchical.Node.around(Node.java:137)
	at org.junit.platform.engine.support.hierarchical.NodeTestTask.lambda$executeRecursively$9(NodeTestTask.java:139)
	at org.junit.platform.engine.support.hierarchical.ThrowableCollector.execute(ThrowableCollector.java:73)
	at org.junit.platform.engine.support.hierarchical.NodeTestTask.executeRecursively(NodeTestTask.java:138)
	at org.junit.platform.engine.support.hierarchical.NodeTestTask.execute(NodeTestTask.java:95)
	at java.base/java.util.ArrayList.forEach(ArrayList.java:1541)
	at org.junit.platform.engine.support.hierarchical.SameThreadHierarchicalTestExecutorService.invokeAll(SameThreadHierarchicalTestExecutorService.java:41)
	at org.junit.platform.engine.support.hierarchical.NodeTestTask.lambda$executeRecursively$6(NodeTestTask.java:155)
	at org.junit.platform.engine.support.hierarchical.ThrowableCollector.execute(ThrowableCollector.java:73)
	at org.junit.platform.engine.support.hierarchical.NodeTestTask.lambda$executeRecursively$8(NodeTestTask.java:141)
	at org.junit.platform.engine.support.hierarchical.Node.around(Node.java:137)
	at org.junit.platform.engine.support.hierarchical.NodeTestTask.lambda$executeRecursively$9(NodeTestTask.java:139)
	at org.junit.platform.engine.support.hierarchical.ThrowableCollector.execute(ThrowableCollector.java:73)
	at org.junit.platform.engine.support.hierarchical.NodeTestTask.executeRecursively(NodeTestTask.java:138)
	at org.junit.platform.engine.support.hierarchical.NodeTestTask.execute(NodeTestTask.java:95)
	at java.base/java.util.ArrayList.forEach(ArrayList.java:1541)
	at org.junit.platform.engine.support.hierarchical.SameThreadHierarchicalTestExecutorService.invokeAll(SameThreadHierarchicalTestExecutorService.java:41)
	at org.junit.platform.engine.support.hierarchical.NodeTestTask.lambda$executeRecursively$6(NodeTestTask.java:155)
	at org.junit.platform.engine.support.hierarchical.ThrowableCollector.execute(ThrowableCollector.java:73)
	at org.junit.platform.engine.support.hierarchical.NodeTestTask.lambda$executeRecursively$8(NodeTestTask.java:141)
	at org.junit.platform.engine.support.hierarchical.Node.around(Node.java:137)
	at org.junit.platform.engine.support.hierarchical.NodeTestTask.lambda$executeRecursively$9(NodeTestTask.java:139)
	at org.junit.platform.engine.support.hierarchical.ThrowableCollector.execute(ThrowableCollector.java:73)
	at org.junit.platform.engine.support.hierarchical.NodeTestTask.executeRecursively(NodeTestTask.java:138)
	at org.junit.platform.engine.support.hierarchical.NodeTestTask.execute(NodeTestTask.java:95)
	at org.junit.platform.engine.support.hierarchical.SameThreadHierarchicalTestExecutorService.submit(SameThreadHierarchicalTestExecutorService.java:35)
	at org.junit.platform.engine.support.hierarchical.HierarchicalTestExecutor.execute(HierarchicalTestExecutor.java:57)
	at org.junit.platform.engine.support.hierarchical.HierarchicalTestEngine.execute(HierarchicalTestEngine.java:54)
	at org.junit.platform.launcher.core.DefaultLauncher.execute(DefaultLauncher.java:220)
	at org.junit.platform.launcher.core.DefaultLauncher.lambda$execute$6(DefaultLauncher.java:188)
	at org.junit.platform.launcher.core.DefaultLauncher.withInterceptedStreams(DefaultLauncher.java:202)
	at org.junit.platform.launcher.core.DefaultLauncher.execute(DefaultLauncher.java:181)
	at org.junit.platform.launcher.core.DefaultLauncher.execute(DefaultLauncher.java:128)
	at org.apache.maven.surefire.junitplatform.JUnitPlatformProvider.invokeAllTests(JUnitPlatformProvider.java:150)
	at org.apache.maven.surefire.junitplatform.JUnitPlatformProvider.invoke(JUnitPlatformProvider.java:124)
	at org.apache.maven.surefire.booter.ForkedBooter.invokeProviderInSameClassLoader(ForkedBooter.java:384)
	at org.apache.maven.surefire.booter.ForkedBooter.runSuitesInProcess(ForkedBooter.java:345)
	at org.apache.maven.surefire.booter.ForkedBooter.execute(ForkedBooter.java:126)
	at org.apache.maven.surefire.booter.ForkedBooter.main(ForkedBooter.java:418)
Caused by: com.mongodb.MongoWriteException: Write operation error on server ac-ggf694n-shard-00-02.1q4yqcd.mongodb.net:27017. Write error: WriteError{code=11000, message='E11000 duplicate key error collection: journaldb.Users index: username dup key: { username: "no" }', details={}}.
	at com.mongodb.client.internal.MongoCollectionImpl.executeSingleWriteRequest(MongoCollectionImpl.java:1018)
	at com.mongodb.client.internal.MongoCollectionImpl.executeInsertOne(MongoCollectionImpl.java:471)
	at com.mongodb.client.internal.MongoCollectionImpl.insertOne(MongoCollectionImpl.java:454)
	at com.mongodb.client.internal.MongoCollectionImpl.insertOne(MongoCollectionImpl.java:448)
	at org.springframework.data.mongodb.core.MongoTemplate.lambda$insertDocument$15(MongoTemplate.java:1536)
	at org.springframework.data.mongodb.core.MongoTemplate.execute(MongoTemplate.java:579)
	... 135 common frames omitted
26-05-15 19:37:36.168 [main] INFO  o.s.b.t.c.SpringBootTestContextBootstrapper - Neither @ContextConfiguration nor @ContextHierarchy found for test class [net.engineeringdigest.journalApp.JournalApplicationTests], using SpringBootContextLoader
26-05-15 19:37:36.185 [main] INFO  o.s.t.c.s.AbstractContextLoader - Could not detect default resource locations for test class [net.engineeringdigest.journalApp.JournalApplicationTests]: no resource found for suffixes {-context.xml, Context.groovy}.
26-05-15 19:37:36.187 [main] INFO  o.s.t.c.s.AnnotationConfigContextLoaderUtils - Could not detect default configuration classes for test class [net.engineeringdigest.journalApp.JournalApplicationTests]: JournalApplicationTests does not declare any static, non-private, non-final, nested classes annotated with @Configuration.
26-05-15 19:37:36.411 [main] INFO  o.s.b.t.c.SpringBootTestContextBootstrapper - Found @SpringBootConfiguration net.engineeringdigest.journalApp.JournalApplication for test class net.engineeringdigest.journalApp.JournalApplicationTests
26-05-15 19:37:36.622 [main] INFO  o.s.b.t.c.SpringBootTestContextBootstrapper - Loaded default TestExecutionListener class names from location [META-INF/spring.factories]: [org.springframework.boot.test.mock.mockito.MockitoTestExecutionListener, org.springframework.boot.test.mock.mockito.ResetMocksTestExecutionListener, org.springframework.boot.test.autoconfigure.restdocs.RestDocsTestExecutionListener, org.springframework.boot.test.autoconfigure.web.client.MockRestServiceServerResetTestExecutionListener, org.springframework.boot.test.autoconfigure.web.servlet.MockMvcPrintOnlyOnFailureTestExecutionListener, org.springframework.boot.test.autoconfigure.web.servlet.WebDriverTestExecutionListener, org.springframework.boot.test.autoconfigure.webservices.client.MockWebServiceServerTestExecutionListener, org.springframework.test.context.web.ServletTestExecutionListener, org.springframework.test.context.support.DirtiesContextBeforeModesTestExecutionListener, org.springframework.test.context.event.ApplicationEventsTestExecutionListener, org.springframework.test.context.support.DependencyInjectionTestExecutionListener, org.springframework.test.context.support.DirtiesContextTestExecutionListener, org.springframework.test.context.transaction.TransactionalTestExecutionListener, org.springframework.test.context.jdbc.SqlScriptsTestExecutionListener, org.springframework.test.context.event.EventPublishingTestExecutionListener]
26-05-15 19:37:36.690 [main] INFO  o.s.b.t.c.SpringBootTestContextBootstrapper - Using TestExecutionListeners: [org.springframework.test.context.web.ServletTestExecutionListener@64337702, org.springframework.test.context.support.DirtiesContextBeforeModesTestExecutionListener@2cf92cc7, org.springframework.test.context.event.ApplicationEventsTestExecutionListener@30ea8c23, org.springframework.boot.test.mock.mockito.MockitoTestExecutionListener@7b139eab, org.springframework.boot.test.autoconfigure.SpringBootDependencyInjectionTestExecutionListener@4e76dac, org.springframework.test.context.support.DirtiesContextTestExecutionListener@611df6e3, org.springframework.test.context.transaction.TransactionalTestExecutionListener@5f2f577, org.springframework.test.context.jdbc.SqlScriptsTestExecutionListener@6273c5a4, org.springframework.test.context.event.EventPublishingTestExecutionListener@5d465e4b, org.springframework.boot.test.mock.mockito.ResetMocksTestExecutionListener@53e211ee, org.springframework.boot.test.autoconfigure.restdocs.RestDocsTestExecutionListener@41a90fa8, org.springframework.boot.test.autoconfigure.web.client.MockRestServiceServerResetTestExecutionListener@3d8bbcdc, org.springframework.boot.test.autoconfigure.web.servlet.MockMvcPrintOnlyOnFailureTestExecutionListener@52500920, org.springframework.boot.test.autoconfigure.web.servlet.WebDriverTestExecutionListener@117e0fe5, org.springframework.boot.test.autoconfigure.webservices.client.MockWebServiceServerTestExecutionListener@18a3962d]
26-05-15 19:37:37.716 [main] INFO  n.e.j.JournalApplicationTests - Starting JournalApplicationTests using Java 11.0.31 on LAPTOP-4IL5G33D with PID 13948 (started by SIDDHU in C:\Users\SIDDHU\OneDrive\Desktop\journalapp\journalApp)
26-05-15 19:37:37.717 [main] INFO  n.e.j.JournalApplicationTests - The following 1 profile is active: "dev"
26-05-15 19:37:39.262 [main] INFO  o.s.d.r.c.RepositoryConfigurationDelegate - Bootstrapping Spring Data MongoDB repositories in DEFAULT mode.
26-05-15 19:37:39.399 [main] INFO  o.s.d.r.c.RepositoryConfigurationDelegate - Finished Spring Data repository scanning in 125 ms. Found 2 MongoDB repository interfaces.
26-05-15 19:37:42.616 [cluster-ClusterId{value='6a0728ae2fc77962313444c2', description='null'}-srv-cluster0.1q4yqcd.mongodb.net] INFO  org.mongodb.driver.cluster - Adding discovered server ac-ggf694n-shard-00-01.1q4yqcd.mongodb.net:27017 to client view of cluster
26-05-15 19:37:42.637 [main] INFO  org.mongodb.driver.client - MongoClient with metadata {"driver": {"name": "mongo-java-driver|sync|spring-boot", "version": "4.6.1"}, "os": {"type": "Windows", "name": "Windows 11", "architecture": "amd64", "version": "10.0"}, "platform": "Java/Eclipse Adoptium/11.0.31+11", "application": {"name": "Cluster0"}} created with settings MongoClientSettings{readPreference=primary, writeConcern=WriteConcern{w=null, wTimeout=null ms, journal=null}, retryWrites=true, retryReads=true, readConcern=ReadConcern{level=null}, credential=MongoCredential{mechanism=null, userName='banusiddharth35_db_user', source='admin', password=<hidden>, mechanismProperties=<hidden>}, streamFactoryFactory=null, commandListeners=[], codecRegistry=ProvidersCodecRegistry{codecProviders=[ValueCodecProvider{}, BsonValueCodecProvider{}, DBRefCodecProvider{}, DBObjectCodecProvider{}, DocumentCodecProvider{}, IterableCodecProvider{}, MapCodecProvider{}, GeoJsonCodecProvider{}, GridFSFileCodecProvider{}, Jsr310CodecProvider{}, JsonObjectCodecProvider{}, BsonCodecProvider{}, EnumCodecProvider{}, com.mongodb.Jep395RecordCodecProvider@3d53e6f7]}, clusterSettings={hosts=[127.0.0.1:27017], srvHost=cluster0.1q4yqcd.mongodb.net, srvServiceName=mongodb, mode=MULTIPLE, requiredClusterType=REPLICA_SET, requiredReplicaSetName='atlas-mizxxc-shard-0', serverSelector='null', clusterListeners='[]', serverSelectionTimeout='30000 ms', localThreshold='30000 ms'}, socketSettings=SocketSettings{connectTimeoutMS=10000, readTimeoutMS=0, receiveBufferSize=0, sendBufferSize=0}, heartbeatSocketSettings=SocketSettings{connectTimeoutMS=10000, readTimeoutMS=10000, receiveBufferSize=0, sendBufferSize=0}, connectionPoolSettings=ConnectionPoolSettings{maxSize=100, minSize=0, maxWaitTimeMS=120000, maxConnectionLifeTimeMS=0, maxConnectionIdleTimeMS=0, maintenanceInitialDelayMS=0, maintenanceFrequencyMS=60000, connectionPoolListeners=[], maxConnecting=2}, serverSettings=ServerSettings{heartbeatFrequencyMS=10000, minHeartbeatFrequencyMS=500, serverListeners='[]', serverMonitorListeners='[]'}, sslSettings=SslSettings{enabled=true, invalidHostNameAllowed=false, context=null}, applicationName='Cluster0', compressorList=[], uuidRepresentation=JAVA_LEGACY, serverApi=null, autoEncryptionSettings=null, contextProvider=null}
26-05-15 19:37:42.700 [cluster-ClusterId{value='6a0728ae2fc77962313444c2', description='null'}-srv-cluster0.1q4yqcd.mongodb.net] INFO  org.mongodb.driver.cluster - Adding discovered server ac-ggf694n-shard-00-00.1q4yqcd.mongodb.net:27017 to client view of cluster
26-05-15 19:37:42.708 [cluster-ClusterId{value='6a0728ae2fc77962313444c2', description='null'}-srv-cluster0.1q4yqcd.mongodb.net] INFO  org.mongodb.driver.cluster - Adding discovered server ac-ggf694n-shard-00-02.1q4yqcd.mongodb.net:27017 to client view of cluster
26-05-15 19:37:43.757 [main] INFO  org.mongodb.driver.cluster - No server chosen by com.mongodb.client.internal.MongoClientDelegate$1@6222391a from cluster description ClusterDescription{type=REPLICA_SET, connectionMode=MULTIPLE, serverDescriptions=[ServerDescription{address=ac-ggf694n-shard-00-00.1q4yqcd.mongodb.net:27017, type=UNKNOWN, state=CONNECTING}, ServerDescription{address=ac-ggf694n-shard-00-02.1q4yqcd.mongodb.net:27017, type=UNKNOWN, state=CONNECTING}, ServerDescription{address=ac-ggf694n-shard-00-01.1q4yqcd.mongodb.net:27017, type=UNKNOWN, state=CONNECTING}]}. Waiting for 30000 ms before timing out
26-05-15 19:37:44.464 [cluster-rtt-ClusterId{value='6a0728ae2fc77962313444c2', description='null'}-ac-ggf694n-shard-00-00.1q4yqcd.mongodb.net:27017] INFO  org.mongodb.driver.connection - Opened connection [connectionId{localValue:4, serverValue:161466}] to ac-ggf694n-shard-00-00.1q4yqcd.mongodb.net:27017
26-05-15 19:37:44.465 [cluster-rtt-ClusterId{value='6a0728ae2fc77962313444c2', description='null'}-ac-ggf694n-shard-00-02.1q4yqcd.mongodb.net:27017] INFO  org.mongodb.driver.connection - Opened connection [connectionId{localValue:3, serverValue:186825}] to ac-ggf694n-shard-00-02.1q4yqcd.mongodb.net:27017
26-05-15 19:37:44.464 [cluster-ClusterId{value='6a0728ae2fc77962313444c2', description='null'}-ac-ggf694n-shard-00-02.1q4yqcd.mongodb.net:27017] INFO  org.mongodb.driver.connection - Opened connection [connectionId{localValue:6, serverValue:186829}] to ac-ggf694n-shard-00-02.1q4yqcd.mongodb.net:27017
26-05-15 19:37:44.465 [cluster-ClusterId{value='6a0728ae2fc77962313444c2', description='null'}-ac-ggf694n-shard-00-00.1q4yqcd.mongodb.net:27017] INFO  org.mongodb.driver.connection - Opened connection [connectionId{localValue:5, serverValue:161466}] to ac-ggf694n-shard-00-00.1q4yqcd.mongodb.net:27017
26-05-15 19:37:44.464 [cluster-rtt-ClusterId{value='6a0728ae2fc77962313444c2', description='null'}-ac-ggf694n-shard-00-01.1q4yqcd.mongodb.net:27017] INFO  org.mongodb.driver.connection - Opened connection [connectionId{localValue:2, serverValue:155061}] to ac-ggf694n-shard-00-01.1q4yqcd.mongodb.net:27017
26-05-15 19:37:44.469 [cluster-ClusterId{value='6a0728ae2fc77962313444c2', description='null'}-ac-ggf694n-shard-00-01.1q4yqcd.mongodb.net:27017] INFO  org.mongodb.driver.connection - Opened connection [connectionId{localValue:1, serverValue:155061}] to ac-ggf694n-shard-00-01.1q4yqcd.mongodb.net:27017
26-05-15 19:37:44.552 [cluster-ClusterId{value='6a0728ae2fc77962313444c2', description='null'}-ac-ggf694n-shard-00-01.1q4yqcd.mongodb.net:27017] INFO  org.mongodb.driver.cluster - Monitor thread successfully connected to server with description ServerDescription{address=ac-ggf694n-shard-00-01.1q4yqcd.mongodb.net:27017, type=REPLICA_SET_SECONDARY, state=CONNECTED, ok=true, minWireVersion=0, maxWireVersion=25, maxDocumentSize=16777216, logicalSessionTimeoutMinutes=30, roundTripTimeNanos=723426000, setName='atlas-mizxxc-shard-0', canonicalAddress=ac-ggf694n-shard-00-01.1q4yqcd.mongodb.net:27017, hosts=[ac-ggf694n-shard-00-02.1q4yqcd.mongodb.net:27017, ac-ggf694n-shard-00-00.1q4yqcd.mongodb.net:27017, ac-ggf694n-shard-00-01.1q4yqcd.mongodb.net:27017], passives=[], arbiters=[], primary='ac-ggf694n-shard-00-02.1q4yqcd.mongodb.net:27017', tagSet=TagSet{[Tag{name='availabilityZone', value='aps1-az3'}, Tag{name='cacheState', value='READY'}, Tag{name='diskState', value='READY'}, Tag{name='nodeType', value='ELECTABLE'}, Tag{name='provider', value='AWS'}, Tag{name='region', value='AP_SOUTH_1'}, Tag{name='workloadType', value='OPERATIONAL'}]}, electionId=null, setVersion=263, topologyVersion=TopologyVersion{processId=6a038efd653979f40b80b441, counter=3}, lastWriteDate=Fri May 15 19:37:44 IST 2026, lastUpdateTimeNanos=3920288736100}
26-05-15 19:37:44.553 [cluster-ClusterId{value='6a0728ae2fc77962313444c2', description='null'}-ac-ggf694n-shard-00-00.1q4yqcd.mongodb.net:27017] INFO  org.mongodb.driver.cluster - Monitor thread successfully connected to server with description ServerDescription{address=ac-ggf694n-shard-00-00.1q4yqcd.mongodb.net:27017, type=REPLICA_SET_SECONDARY, state=CONNECTED, ok=true, minWireVersion=0, maxWireVersion=25, maxDocumentSize=16777216, logicalSessionTimeoutMinutes=30, roundTripTimeNanos=723804400, setName='atlas-mizxxc-shard-0', canonicalAddress=ac-ggf694n-shard-00-00.1q4yqcd.mongodb.net:27017, hosts=[ac-ggf694n-shard-00-02.1q4yqcd.mongodb.net:27017, ac-ggf694n-shard-00-00.1q4yqcd.mongodb.net:27017, ac-ggf694n-shard-00-01.1q4yqcd.mongodb.net:27017], passives=[], arbiters=[], primary='ac-ggf694n-shard-00-02.1q4yqcd.mongodb.net:27017', tagSet=TagSet{[Tag{name='availabilityZone', value='aps1-az1'}, Tag{name='cacheState', value='READY'}, Tag{name='diskState', value='READY'}, Tag{name='nodeType', value='ELECTABLE'}, Tag{name='provider', value='AWS'}, Tag{name='region', value='AP_SOUTH_1'}, Tag{name='workloadType', value='OPERATIONAL'}]}, electionId=null, setVersion=263, topologyVersion=TopologyVersion{processId=6a0389a4b348ff17f5109be7, counter=4}, lastWriteDate=Fri May 15 19:37:44 IST 2026, lastUpdateTimeNanos=3920289106400}
26-05-15 19:37:44.565 [cluster-ClusterId{value='6a0728ae2fc77962313444c2', description='null'}-ac-ggf694n-shard-00-02.1q4yqcd.mongodb.net:27017] INFO  org.mongodb.driver.cluster - Monitor thread successfully connected to server with description ServerDescription{address=ac-ggf694n-shard-00-02.1q4yqcd.mongodb.net:27017, type=REPLICA_SET_PRIMARY, state=CONNECTED, ok=true, minWireVersion=0, maxWireVersion=25, maxDocumentSize=16777216, logicalSessionTimeoutMinutes=30, roundTripTimeNanos=724000900, setName='atlas-mizxxc-shard-0', canonicalAddress=ac-ggf694n-shard-00-02.1q4yqcd.mongodb.net:27017, hosts=[ac-ggf694n-shard-00-02.1q4yqcd.mongodb.net:27017, ac-ggf694n-shard-00-00.1q4yqcd.mongodb.net:27017, ac-ggf694n-shard-00-01.1q4yqcd.mongodb.net:27017], passives=[], arbiters=[], primary='ac-ggf694n-shard-00-02.1q4yqcd.mongodb.net:27017', tagSet=TagSet{[Tag{name='availabilityZone', value='aps1-az2'}, Tag{name='cacheState', value='READY'}, Tag{name='diskState', value='READY'}, Tag{name='nodeType', value='ELECTABLE'}, Tag{name='provider', value='AWS'}, Tag{name='region', value='AP_SOUTH_1'}, Tag{name='workloadType', value='OPERATIONAL'}]}, electionId=7fffffff0000000000000109, setVersion=263, topologyVersion=TopologyVersion{processId=6a038c3ee6a08c3e351f731e, counter=6}, lastWriteDate=Fri May 15 19:37:44 IST 2026, lastUpdateTimeNanos=3920289320200}
26-05-15 19:37:44.580 [cluster-ClusterId{value='6a0728ae2fc77962313444c2', description='null'}-ac-ggf694n-shard-00-02.1q4yqcd.mongodb.net:27017] INFO  org.mongodb.driver.cluster - Setting max election id to 7fffffff0000000000000109 from replica set primary ac-ggf694n-shard-00-02.1q4yqcd.mongodb.net:27017
26-05-15 19:37:44.581 [cluster-ClusterId{value='6a0728ae2fc77962313444c2', description='null'}-ac-ggf694n-shard-00-02.1q4yqcd.mongodb.net:27017] INFO  org.mongodb.driver.cluster - Setting max set version to 263 from replica set primary ac-ggf694n-shard-00-02.1q4yqcd.mongodb.net:27017
26-05-15 19:37:44.581 [cluster-ClusterId{value='6a0728ae2fc77962313444c2', description='null'}-ac-ggf694n-shard-00-02.1q4yqcd.mongodb.net:27017] INFO  org.mongodb.driver.cluster - Discovered replica set primary ac-ggf694n-shard-00-02.1q4yqcd.mongodb.net:27017
26-05-15 19:37:44.934 [main] INFO  org.mongodb.driver.connection - Opened connection [connectionId{localValue:7, serverValue:186825}] to ac-ggf694n-shard-00-02.1q4yqcd.mongodb.net:27017
26-05-15 19:37:47.532 [main] INFO  o.s.s.web.DefaultSecurityFilterChain - Will secure any request with [org.springframework.security.web.session.DisableEncodeUrlFilter@45e7bb79, org.springframework.security.web.context.request.async.WebAsyncManagerIntegrationFilter@605c7a9e, org.springframework.security.web.context.SecurityContextPersistenceFilter@d0b814d, org.springframework.security.web.header.HeaderWriterFilter@50778bde, org.springframework.security.web.authentication.logout.LogoutFilter@6e068ac9, org.springframework.security.web.authentication.www.BasicAuthenticationFilter@2aa6bbad, org.springframework.security.web.savedrequest.RequestCacheAwareFilter@2ba024cb, org.springframework.security.web.servletapi.SecurityContextHolderAwareRequestFilter@6684f7f2, org.springframework.security.web.authentication.AnonymousAuthenticationFilter@21c75084, org.springframework.security.web.session.SessionManagementFilter@6d421fe, org.springframework.security.web.access.ExceptionTranslationFilter@27bb4dc5, org.springframework.security.web.access.intercept.FilterSecurityInterceptor@78318ac2]
26-05-15 19:37:51.104 [main] INFO  n.e.j.JournalApplicationTests - Started JournalApplicationTests in 14.307 seconds (JVM running for 16.95)
26-05-15 19:37:53.400 [main] INFO  o.s.b.t.c.SpringBootTestContextBootstrapper - Neither @ContextConfiguration nor @ContextHierarchy found for test class [net.engineeringdigest.journalApp.service.UserServiceTests], using SpringBootContextLoader
26-05-15 19:37:53.405 [main] INFO  o.s.t.c.s.AbstractContextLoader - Could not detect default resource locations for test class [net.engineeringdigest.journalApp.service.UserServiceTests]: no resource found for suffixes {-context.xml, Context.groovy}.
26-05-15 19:37:53.407 [main] INFO  o.s.t.c.s.AnnotationConfigContextLoaderUtils - Could not detect default configuration classes for test class [net.engineeringdigest.journalApp.service.UserServiceTests]: UserServiceTests does not declare any static, non-private, non-final, nested classes annotated with @Configuration.
26-05-15 19:37:53.455 [main] INFO  o.s.b.t.c.SpringBootTestContextBootstrapper - Found @SpringBootConfiguration net.engineeringdigest.journalApp.JournalApplication for test class net.engineeringdigest.journalApp.service.UserServiceTests
26-05-15 19:37:53.458 [main] INFO  o.s.b.t.c.SpringBootTestContextBootstrapper - Loaded default TestExecutionListener class names from location [META-INF/spring.factories]: [org.springframework.boot.test.mock.mockito.MockitoTestExecutionListener, org.springframework.boot.test.mock.mockito.ResetMocksTestExecutionListener, org.springframework.boot.test.autoconfigure.restdocs.RestDocsTestExecutionListener, org.springframework.boot.test.autoconfigure.web.client.MockRestServiceServerResetTestExecutionListener, org.springframework.boot.test.autoconfigure.web.servlet.MockMvcPrintOnlyOnFailureTestExecutionListener, org.springframework.boot.test.autoconfigure.web.servlet.WebDriverTestExecutionListener, org.springframework.boot.test.autoconfigure.webservices.client.MockWebServiceServerTestExecutionListener, org.springframework.test.context.web.ServletTestExecutionListener, org.springframework.test.context.support.DirtiesContextBeforeModesTestExecutionListener, org.springframework.test.context.event.ApplicationEventsTestExecutionListener, org.springframework.test.context.support.DependencyInjectionTestExecutionListener, org.springframework.test.context.support.DirtiesContextTestExecutionListener, org.springframework.test.context.transaction.TransactionalTestExecutionListener, org.springframework.test.context.jdbc.SqlScriptsTestExecutionListener, org.springframework.test.context.event.EventPublishingTestExecutionListener]
26-05-15 19:37:53.460 [main] INFO  o.s.b.t.c.SpringBootTestContextBootstrapper - Using TestExecutionListeners: [org.springframework.test.context.web.ServletTestExecutionListener@42536da6, org.springframework.test.context.support.DirtiesContextBeforeModesTestExecutionListener@7591cbd1, org.springframework.test.context.event.ApplicationEventsTestExecutionListener@5cdc8499, org.springframework.boot.test.mock.mockito.MockitoTestExecutionListener@2a30b0cb, org.springframework.boot.test.autoconfigure.SpringBootDependencyInjectionTestExecutionListener@73d7d676, org.springframework.test.context.support.DirtiesContextTestExecutionListener@8e3449e, org.springframework.test.context.transaction.TransactionalTestExecutionListener@3023f157, org.springframework.test.context.jdbc.SqlScriptsTestExecutionListener@1f3aa970, org.springframework.test.context.event.EventPublishingTestExecutionListener@5213b887, org.springframework.boot.test.mock.mockito.ResetMocksTestExecutionListener@40c6d1ef, org.springframework.boot.test.autoconfigure.restdocs.RestDocsTestExecutionListener@6f4029e9, org.springframework.boot.test.autoconfigure.web.client.MockRestServiceServerResetTestExecutionListener@257b6c58, org.springframework.boot.test.autoconfigure.web.servlet.MockMvcPrintOnlyOnFailureTestExecutionListener@6ae32ff0, org.springframework.boot.test.autoconfigure.web.servlet.WebDriverTestExecutionListener@1c5cd2ea, org.springframework.boot.test.autoconfigure.webservices.client.MockWebServiceServerTestExecutionListener@72bdbfe9]
26-05-15 19:37:54.183 [main] ERROR n.e.journalApp.service.UserService - Exception occurred
org.springframework.dao.DuplicateKeyException: Write operation error on server ac-ggf694n-shard-00-02.1q4yqcd.mongodb.net:27017. Write error: WriteError{code=11000, message='E11000 duplicate key error collection: journaldb.Users index: username dup key: { username: "no" }', details={}}.; nested exception is com.mongodb.MongoWriteException: Write operation error on server ac-ggf694n-shard-00-02.1q4yqcd.mongodb.net:27017. Write error: WriteError{code=11000, message='E11000 duplicate key error collection: journaldb.Users index: username dup key: { username: "no" }', details={}}.
	at org.springframework.data.mongodb.core.MongoExceptionTranslator.translateExceptionIfPossible(MongoExceptionTranslator.java:106)
	at org.springframework.data.mongodb.core.MongoTemplate.potentiallyConvertRuntimeException(MongoTemplate.java:3029)
	at org.springframework.data.mongodb.core.MongoTemplate.execute(MongoTemplate.java:581)
	at org.springframework.data.mongodb.core.MongoTemplate.insertDocument(MongoTemplate.java:1530)
	at org.springframework.data.mongodb.core.MongoTemplate.doInsert(MongoTemplate.java:1326)
	at org.springframework.data.mongodb.core.MongoTemplate.insert(MongoTemplate.java:1241)
	at org.springframework.data.mongodb.repository.support.SimpleMongoRepository.save(SimpleMongoRepository.java:95)
	at java.base/jdk.internal.reflect.NativeMethodAccessorImpl.invoke0(Native Method)
	at java.base/jdk.internal.reflect.NativeMethodAccessorImpl.invoke(NativeMethodAccessorImpl.java:62)
	at java.base/jdk.internal.reflect.DelegatingMethodAccessorImpl.invoke(DelegatingMethodAccessorImpl.java:43)
	at java.base/java.lang.reflect.Method.invoke(Method.java:566)
	at org.springframework.data.repository.core.support.RepositoryMethodInvoker$RepositoryFragmentMethodInvoker.lambda$new$0(RepositoryMethodInvoker.java:289)
	at org.springframework.data.repository.core.support.RepositoryMethodInvoker.doInvoke(RepositoryMethodInvoker.java:137)
	at org.springframework.data.repository.core.support.RepositoryMethodInvoker.invoke(RepositoryMethodInvoker.java:121)
	at org.springframework.data.repository.core.support.RepositoryComposition$RepositoryFragments.invoke(RepositoryComposition.java:530)
	at org.springframework.data.repository.core.support.RepositoryComposition.invoke(RepositoryComposition.java:286)
	at org.springframework.data.repository.core.support.RepositoryFactorySupport$ImplementationMethodExecutionInterceptor.invoke(RepositoryFactorySupport.java:640)
	at org.springframework.aop.framework.ReflectiveMethodInvocation.proceed(ReflectiveMethodInvocation.java:186)
	at org.springframework.data.repository.core.support.QueryExecutorMethodInterceptor.doInvoke(QueryExecutorMethodInterceptor.java:164)
	at org.springframework.data.repository.core.support.QueryExecutorMethodInterceptor.invoke(QueryExecutorMethodInterceptor.java:139)
	at org.springframework.aop.framework.ReflectiveMethodInvocation.proceed(ReflectiveMethodInvocation.java:186)
	at org.springframework.data.projection.DefaultMethodInvokingMethodInterceptor.invoke(DefaultMethodInvokingMethodInterceptor.java:76)
	at org.springframework.aop.framework.ReflectiveMethodInvocation.proceed(ReflectiveMethodInvocation.java:186)
	at org.springframework.aop.interceptor.ExposeInvocationInterceptor.invoke(ExposeInvocationInterceptor.java:97)
	at org.springframework.aop.framework.ReflectiveMethodInvocation.proceed(ReflectiveMethodInvocation.java:186)
	at org.springframework.aop.framework.JdkDynamicAopProxy.invoke(JdkDynamicAopProxy.java:241)
	at com.sun.proxy.$Proxy86.save(Unknown Source)
	at net.engineeringdigest.journalApp.service.UserService.saveNewUser(UserService.java:35)
	at net.engineeringdigest.journalApp.service.UserServiceTests.testFindUserByUserName(UserServiceTests.java:26)
	at java.base/jdk.internal.reflect.NativeMethodAccessorImpl.invoke0(Native Method)
	at java.base/jdk.internal.reflect.NativeMethodAccessorImpl.invoke(NativeMethodAccessorImpl.java:62)
	at java.base/jdk.internal.reflect.DelegatingMethodAccessorImpl.invoke(DelegatingMethodAccessorImpl.java:43)
	at java.base/java.lang.reflect.Method.invoke(Method.java:566)
	at org.junit.platform.commons.util.ReflectionUtils.invokeMethod(ReflectionUtils.java:725)
	at org.junit.jupiter.engine.execution.MethodInvocation.proceed(MethodInvocation.java:60)
	at org.junit.jupiter.engine.execution.InvocationInterceptorChain$ValidatingInvocation.proceed(InvocationInterceptorChain.java:131)
	at org.junit.jupiter.engine.extension.TimeoutExtension.intercept(TimeoutExtension.java:149)
	at org.junit.jupiter.engine.extension.TimeoutExtension.interceptTestableMethod(TimeoutExtension.java:140)
	at org.junit.jupiter.engine.extension.TimeoutExtension.interceptTestTemplateMethod(TimeoutExtension.java:92)
	at org.junit.jupiter.engine.execution.ExecutableInvoker$ReflectiveInterceptorCall.lambda$ofVoidMethod$0(ExecutableInvoker.java:115)
	at org.junit.jupiter.engine.execution.ExecutableInvoker.lambda$invoke$0(ExecutableInvoker.java:105)
	at org.junit.jupiter.engine.execution.InvocationInterceptorChain$InterceptedInvocation.proceed(InvocationInterceptorChain.java:106)
	at org.junit.jupiter.engine.execution.InvocationInterceptorChain.proceed(InvocationInterceptorChain.java:64)
	at org.junit.jupiter.engine.execution.InvocationInterceptorChain.chainAndInvoke(InvocationInterceptorChain.java:45)
	at org.junit.jupiter.engine.execution.InvocationInterceptorChain.invoke(InvocationInterceptorChain.java:37)
	at org.junit.jupiter.engine.execution.ExecutableInvoker.invoke(ExecutableInvoker.java:104)
	at org.junit.jupiter.engine.execution.ExecutableInvoker.invoke(ExecutableInvoker.java:98)
	at org.junit.jupiter.engine.descriptor.TestMethodTestDescriptor.lambda$invokeTestMethod$7(TestMethodTestDescriptor.java:214)
	at org.junit.platform.engine.support.hierarchical.ThrowableCollector.execute(ThrowableCollector.java:73)
	at org.junit.jupiter.engine.descriptor.TestMethodTestDescriptor.invokeTestMethod(TestMethodTestDescriptor.java:210)
	at org.junit.jupiter.engine.descriptor.TestMethodTestDescriptor.execute(TestMethodTestDescriptor.java:135)
	at org.junit.jupiter.engine.descriptor.TestMethodTestDescriptor.execute(TestMethodTestDescriptor.java:66)
	at org.junit.platform.engine.support.hierarchical.NodeTestTask.lambda$executeRecursively$6(NodeTestTask.java:151)
	at org.junit.platform.engine.support.hierarchical.ThrowableCollector.execute(ThrowableCollector.java:73)
	at org.junit.platform.engine.support.hierarchical.NodeTestTask.lambda$executeRecursively$8(NodeTestTask.java:141)
	at org.junit.platform.engine.support.hierarchical.Node.around(Node.java:137)
	at org.junit.platform.engine.support.hierarchical.NodeTestTask.lambda$executeRecursively$9(NodeTestTask.java:139)
	at org.junit.platform.engine.support.hierarchical.ThrowableCollector.execute(ThrowableCollector.java:73)
	at org.junit.platform.engine.support.hierarchical.NodeTestTask.executeRecursively(NodeTestTask.java:138)
	at org.junit.platform.engine.support.hierarchical.NodeTestTask.execute(NodeTestTask.java:95)
	at org.junit.platform.engine.support.hierarchical.SameThreadHierarchicalTestExecutorService.submit(SameThreadHierarchicalTestExecutorService.java:35)
	at org.junit.platform.engine.support.hierarchical.NodeTestTask$DefaultDynamicTestExecutor.execute(NodeTestTask.java:226)
	at org.junit.platform.engine.support.hierarchical.NodeTestTask$DefaultDynamicTestExecutor.execute(NodeTestTask.java:204)
	at org.junit.jupiter.engine.descriptor.TestTemplateTestDescriptor.execute(TestTemplateTestDescriptor.java:139)
	at org.junit.jupiter.engine.descriptor.TestTemplateTestDescriptor.lambda$execute$2(TestTemplateTestDescriptor.java:107)
	at java.base/java.util.stream.ForEachOps$ForEachOp$OfRef.accept(ForEachOps.java:183)
	at java.base/java.util.stream.ReferencePipeline$3$1.accept(ReferencePipeline.java:195)
	at java.base/java.util.stream.ReferencePipeline$2$1.accept(ReferencePipeline.java:177)
	at java.base/java.util.stream.ReferencePipeline$3$1.accept(ReferencePipeline.java:195)
	at java.base/java.util.stream.ForEachOps$ForEachOp$OfRef.accept(ForEachOps.java:183)
	at java.base/java.util.stream.ReferencePipeline$3$1.accept(ReferencePipeline.java:195)
	at java.base/java.util.stream.ReferencePipeline$3$1.accept(ReferencePipeline.java:195)
	at java.base/java.util.stream.ReferencePipeline$3$1.accept(ReferencePipeline.java:195)
	at java.base/java.util.stream.Streams$StreamBuilderImpl.forEachRemaining(Streams.java:411)
	at java.base/java.util.stream.ReferencePipeline$Head.forEach(ReferencePipeline.java:658)
	at java.base/java.util.stream.ReferencePipeline$7$1.accept(ReferencePipeline.java:274)
	at java.base/java.util.stream.ReferencePipeline$3$1.accept(ReferencePipeline.java:195)
	at java.base/java.util.stream.ReferencePipeline$3$1.accept(ReferencePipeline.java:195)
	at java.base/java.util.stream.ReferencePipeline$3$1.accept(ReferencePipeline.java:195)
	at java.base/java.util.ArrayList$ArrayListSpliterator.forEachRemaining(ArrayList.java:1655)
	at java.base/java.util.stream.AbstractPipeline.copyInto(AbstractPipeline.java:484)
	at java.base/java.util.stream.AbstractPipeline.wrapAndCopyInto(AbstractPipeline.java:474)
	at java.base/java.util.stream.ForEachOps$ForEachOp.evaluateSequential(ForEachOps.java:150)
	at java.base/java.util.stream.ForEachOps$ForEachOp$OfRef.evaluateSequential(ForEachOps.java:173)
	at java.base/java.util.stream.AbstractPipeline.evaluate(AbstractPipeline.java:234)
	at java.base/java.util.stream.ReferencePipeline.forEach(ReferencePipeline.java:497)
	at java.base/java.util.stream.ReferencePipeline$7$1.accept(ReferencePipeline.java:274)
	at java.base/java.util.ArrayList$ArrayListSpliterator.forEachRemaining(ArrayList.java:1655)
	at java.base/java.util.stream.AbstractPipeline.copyInto(AbstractPipeline.java:484)
	at java.base/java.util.stream.AbstractPipeline.wrapAndCopyInto(AbstractPipeline.java:474)
	at java.base/java.util.stream.ForEachOps$ForEachOp.evaluateSequential(ForEachOps.java:150)
	at java.base/java.util.stream.ForEachOps$ForEachOp$OfRef.evaluateSequential(ForEachOps.java:173)
	at java.base/java.util.stream.AbstractPipeline.evaluate(AbstractPipeline.java:234)
	at java.base/java.util.stream.ReferencePipeline.forEach(ReferencePipeline.java:497)
	at org.junit.jupiter.engine.descriptor.TestTemplateTestDescriptor.execute(TestTemplateTestDescriptor.java:107)
	at org.junit.jupiter.engine.descriptor.TestTemplateTestDescriptor.execute(TestTemplateTestDescriptor.java:42)
	at org.junit.platform.engine.support.hierarchical.NodeTestTask.lambda$executeRecursively$6(NodeTestTask.java:151)
	at org.junit.platform.engine.support.hierarchical.ThrowableCollector.execute(ThrowableCollector.java:73)
	at org.junit.platform.engine.support.hierarchical.NodeTestTask.lambda$executeRecursively$8(NodeTestTask.java:141)
	at org.junit.platform.engine.support.hierarchical.Node.around(Node.java:137)
	at org.junit.platform.engine.support.hierarchical.NodeTestTask.lambda$executeRecursively$9(NodeTestTask.java:139)
	at org.junit.platform.engine.support.hierarchical.ThrowableCollector.execute(ThrowableCollector.java:73)
	at org.junit.platform.engine.support.hierarchical.NodeTestTask.executeRecursively(NodeTestTask.java:138)
	at org.junit.platform.engine.support.hierarchical.NodeTestTask.execute(NodeTestTask.java:95)
	at java.base/java.util.ArrayList.forEach(ArrayList.java:1541)
	at org.junit.platform.engine.support.hierarchical.SameThreadHierarchicalTestExecutorService.invokeAll(SameThreadHierarchicalTestExecutorService.java:41)
	at org.junit.platform.engine.support.hierarchical.NodeTestTask.lambda$executeRecursively$6(NodeTestTask.java:155)
	at org.junit.platform.engine.support.hierarchical.ThrowableCollector.execute(ThrowableCollector.java:73)
	at org.junit.platform.engine.support.hierarchical.NodeTestTask.lambda$executeRecursively$8(NodeTestTask.java:141)
	at org.junit.platform.engine.support.hierarchical.Node.around(Node.java:137)
	at org.junit.platform.engine.support.hierarchical.NodeTestTask.lambda$executeRecursively$9(NodeTestTask.java:139)
	at org.junit.platform.engine.support.hierarchical.ThrowableCollector.execute(ThrowableCollector.java:73)
	at org.junit.platform.engine.support.hierarchical.NodeTestTask.executeRecursively(NodeTestTask.java:138)
	at org.junit.platform.engine.support.hierarchical.NodeTestTask.execute(NodeTestTask.java:95)
	at java.base/java.util.ArrayList.forEach(ArrayList.java:1541)
	at org.junit.platform.engine.support.hierarchical.SameThreadHierarchicalTestExecutorService.invokeAll(SameThreadHierarchicalTestExecutorService.java:41)
	at org.junit.platform.engine.support.hierarchical.NodeTestTask.lambda$executeRecursively$6(NodeTestTask.java:155)
	at org.junit.platform.engine.support.hierarchical.ThrowableCollector.execute(ThrowableCollector.java:73)
	at org.junit.platform.engine.support.hierarchical.NodeTestTask.lambda$executeRecursively$8(NodeTestTask.java:141)
	at org.junit.platform.engine.support.hierarchical.Node.around(Node.java:137)
	at org.junit.platform.engine.support.hierarchical.NodeTestTask.lambda$executeRecursively$9(NodeTestTask.java:139)
	at org.junit.platform.engine.support.hierarchical.ThrowableCollector.execute(ThrowableCollector.java:73)
	at org.junit.platform.engine.support.hierarchical.NodeTestTask.executeRecursively(NodeTestTask.java:138)
	at org.junit.platform.engine.support.hierarchical.NodeTestTask.execute(NodeTestTask.java:95)
	at org.junit.platform.engine.support.hierarchical.SameThreadHierarchicalTestExecutorService.submit(SameThreadHierarchicalTestExecutorService.java:35)
	at org.junit.platform.engine.support.hierarchical.HierarchicalTestExecutor.execute(HierarchicalTestExecutor.java:57)
	at org.junit.platform.engine.support.hierarchical.HierarchicalTestEngine.execute(HierarchicalTestEngine.java:54)
	at org.junit.platform.launcher.core.DefaultLauncher.execute(DefaultLauncher.java:220)
	at org.junit.platform.launcher.core.DefaultLauncher.lambda$execute$6(DefaultLauncher.java:188)
	at org.junit.platform.launcher.core.DefaultLauncher.withInterceptedStreams(DefaultLauncher.java:202)
	at org.junit.platform.launcher.core.DefaultLauncher.execute(DefaultLauncher.java:181)
	at org.junit.platform.launcher.core.DefaultLauncher.execute(DefaultLauncher.java:128)
	at org.apache.maven.surefire.junitplatform.JUnitPlatformProvider.invokeAllTests(JUnitPlatformProvider.java:150)
	at org.apache.maven.surefire.junitplatform.JUnitPlatformProvider.invoke(JUnitPlatformProvider.java:124)
	at org.apache.maven.surefire.booter.ForkedBooter.invokeProviderInSameClassLoader(ForkedBooter.java:384)
	at org.apache.maven.surefire.booter.ForkedBooter.runSuitesInProcess(ForkedBooter.java:345)
	at org.apache.maven.surefire.booter.ForkedBooter.execute(ForkedBooter.java:126)
	at org.apache.maven.surefire.booter.ForkedBooter.main(ForkedBooter.java:418)
Caused by: com.mongodb.MongoWriteException: Write operation error on server ac-ggf694n-shard-00-02.1q4yqcd.mongodb.net:27017. Write error: WriteError{code=11000, message='E11000 duplicate key error collection: journaldb.Users index: username dup key: { username: "no" }', details={}}.
	at com.mongodb.client.internal.MongoCollectionImpl.executeSingleWriteRequest(MongoCollectionImpl.java:1018)
	at com.mongodb.client.internal.MongoCollectionImpl.executeInsertOne(MongoCollectionImpl.java:471)
	at com.mongodb.client.internal.MongoCollectionImpl.insertOne(MongoCollectionImpl.java:454)
	at com.mongodb.client.internal.MongoCollectionImpl.insertOne(MongoCollectionImpl.java:448)
	at org.springframework.data.mongodb.core.MongoTemplate.lambda$insertDocument$15(MongoTemplate.java:1536)
	at org.springframework.data.mongodb.core.MongoTemplate.execute(MongoTemplate.java:579)
	... 135 common frames omitted
26-05-15 19:38:44.622 [main] INFO  o.s.b.t.c.SpringBootTestContextBootstrapper - Neither @ContextConfiguration nor @ContextHierarchy found for test class [net.engineeringdigest.journalApp.JournalApplicationTests], using SpringBootContextLoader
26-05-15 19:38:44.637 [main] INFO  o.s.t.c.s.AbstractContextLoader - Could not detect default resource locations for test class [net.engineeringdigest.journalApp.JournalApplicationTests]: no resource found for suffixes {-context.xml, Context.groovy}.
26-05-15 19:38:44.640 [main] INFO  o.s.t.c.s.AnnotationConfigContextLoaderUtils - Could not detect default configuration classes for test class [net.engineeringdigest.journalApp.JournalApplicationTests]: JournalApplicationTests does not declare any static, non-private, non-final, nested classes annotated with @Configuration.
26-05-15 19:38:44.878 [main] INFO  o.s.b.t.c.SpringBootTestContextBootstrapper - Found @SpringBootConfiguration net.engineeringdigest.journalApp.JournalApplication for test class net.engineeringdigest.journalApp.JournalApplicationTests
26-05-15 19:38:45.080 [main] INFO  o.s.b.t.c.SpringBootTestContextBootstrapper - Loaded default TestExecutionListener class names from location [META-INF/spring.factories]: [org.springframework.boot.test.mock.mockito.MockitoTestExecutionListener, org.springframework.boot.test.mock.mockito.ResetMocksTestExecutionListener, org.springframework.boot.test.autoconfigure.restdocs.RestDocsTestExecutionListener, org.springframework.boot.test.autoconfigure.web.client.MockRestServiceServerResetTestExecutionListener, org.springframework.boot.test.autoconfigure.web.servlet.MockMvcPrintOnlyOnFailureTestExecutionListener, org.springframework.boot.test.autoconfigure.web.servlet.WebDriverTestExecutionListener, org.springframework.boot.test.autoconfigure.webservices.client.MockWebServiceServerTestExecutionListener, org.springframework.test.context.web.ServletTestExecutionListener, org.springframework.test.context.support.DirtiesContextBeforeModesTestExecutionListener, org.springframework.test.context.event.ApplicationEventsTestExecutionListener, org.springframework.test.context.support.DependencyInjectionTestExecutionListener, org.springframework.test.context.support.DirtiesContextTestExecutionListener, org.springframework.test.context.transaction.TransactionalTestExecutionListener, org.springframework.test.context.jdbc.SqlScriptsTestExecutionListener, org.springframework.test.context.event.EventPublishingTestExecutionListener]
26-05-15 19:38:45.163 [main] INFO  o.s.b.t.c.SpringBootTestContextBootstrapper - Using TestExecutionListeners: [org.springframework.test.context.web.ServletTestExecutionListener@64337702, org.springframework.test.context.support.DirtiesContextBeforeModesTestExecutionListener@2cf92cc7, org.springframework.test.context.event.ApplicationEventsTestExecutionListener@30ea8c23, org.springframework.boot.test.mock.mockito.MockitoTestExecutionListener@7b139eab, org.springframework.boot.test.autoconfigure.SpringBootDependencyInjectionTestExecutionListener@4e76dac, org.springframework.test.context.support.DirtiesContextTestExecutionListener@611df6e3, org.springframework.test.context.transaction.TransactionalTestExecutionListener@5f2f577, org.springframework.test.context.jdbc.SqlScriptsTestExecutionListener@6273c5a4, org.springframework.test.context.event.EventPublishingTestExecutionListener@5d465e4b, org.springframework.boot.test.mock.mockito.ResetMocksTestExecutionListener@53e211ee, org.springframework.boot.test.autoconfigure.restdocs.RestDocsTestExecutionListener@41a90fa8, org.springframework.boot.test.autoconfigure.web.client.MockRestServiceServerResetTestExecutionListener@3d8bbcdc, org.springframework.boot.test.autoconfigure.web.servlet.MockMvcPrintOnlyOnFailureTestExecutionListener@52500920, org.springframework.boot.test.autoconfigure.web.servlet.WebDriverTestExecutionListener@117e0fe5, org.springframework.boot.test.autoconfigure.webservices.client.MockWebServiceServerTestExecutionListener@18a3962d]
26-05-15 19:38:46.169 [main] INFO  n.e.j.JournalApplicationTests - Starting JournalApplicationTests using Java 11.0.31 on LAPTOP-4IL5G33D with PID 20072 (started by SIDDHU in C:\Users\SIDDHU\OneDrive\Desktop\journalapp\journalApp)
26-05-15 19:38:46.171 [main] INFO  n.e.j.JournalApplicationTests - The following 1 profile is active: "dev"
26-05-15 19:38:48.146 [main] INFO  o.s.d.r.c.RepositoryConfigurationDelegate - Bootstrapping Spring Data MongoDB repositories in DEFAULT mode.
26-05-15 19:38:48.295 [main] INFO  o.s.d.r.c.RepositoryConfigurationDelegate - Finished Spring Data repository scanning in 139 ms. Found 2 MongoDB repository interfaces.
26-05-15 19:38:50.721 [cluster-ClusterId{value='6a0728f2ddf2fc31987c73f8', description='null'}-srv-cluster0.1q4yqcd.mongodb.net] INFO  org.mongodb.driver.cluster - Adding discovered server ac-ggf694n-shard-00-01.1q4yqcd.mongodb.net:27017 to client view of cluster
26-05-15 19:38:50.758 [main] INFO  org.mongodb.driver.client - MongoClient with metadata {"driver": {"name": "mongo-java-driver|sync|spring-boot", "version": "4.6.1"}, "os": {"type": "Windows", "name": "Windows 11", "architecture": "amd64", "version": "10.0"}, "platform": "Java/Eclipse Adoptium/11.0.31+11", "application": {"name": "Cluster0"}} created with settings MongoClientSettings{readPreference=primary, writeConcern=WriteConcern{w=null, wTimeout=null ms, journal=null}, retryWrites=true, retryReads=true, readConcern=ReadConcern{level=null}, credential=MongoCredential{mechanism=null, userName='banusiddharth35_db_user', source='admin', password=<hidden>, mechanismProperties=<hidden>}, streamFactoryFactory=null, commandListeners=[], codecRegistry=ProvidersCodecRegistry{codecProviders=[ValueCodecProvider{}, BsonValueCodecProvider{}, DBRefCodecProvider{}, DBObjectCodecProvider{}, DocumentCodecProvider{}, IterableCodecProvider{}, MapCodecProvider{}, GeoJsonCodecProvider{}, GridFSFileCodecProvider{}, Jsr310CodecProvider{}, JsonObjectCodecProvider{}, BsonCodecProvider{}, EnumCodecProvider{}, com.mongodb.Jep395RecordCodecProvider@800d065]}, clusterSettings={hosts=[127.0.0.1:27017], srvHost=cluster0.1q4yqcd.mongodb.net, srvServiceName=mongodb, mode=MULTIPLE, requiredClusterType=REPLICA_SET, requiredReplicaSetName='atlas-mizxxc-shard-0', serverSelector='null', clusterListeners='[]', serverSelectionTimeout='30000 ms', localThreshold='30000 ms'}, socketSettings=SocketSettings{connectTimeoutMS=10000, readTimeoutMS=0, receiveBufferSize=0, sendBufferSize=0}, heartbeatSocketSettings=SocketSettings{connectTimeoutMS=10000, readTimeoutMS=10000, receiveBufferSize=0, sendBufferSize=0}, connectionPoolSettings=ConnectionPoolSettings{maxSize=100, minSize=0, maxWaitTimeMS=120000, maxConnectionLifeTimeMS=0, maxConnectionIdleTimeMS=0, maintenanceInitialDelayMS=0, maintenanceFrequencyMS=60000, connectionPoolListeners=[], maxConnecting=2}, serverSettings=ServerSettings{heartbeatFrequencyMS=10000, minHeartbeatFrequencyMS=500, serverListeners='[]', serverMonitorListeners='[]'}, sslSettings=SslSettings{enabled=true, invalidHostNameAllowed=false, context=null}, applicationName='Cluster0', compressorList=[], uuidRepresentation=JAVA_LEGACY, serverApi=null, autoEncryptionSettings=null, contextProvider=null}
26-05-15 19:38:50.781 [cluster-ClusterId{value='6a0728f2ddf2fc31987c73f8', description='null'}-srv-cluster0.1q4yqcd.mongodb.net] INFO  org.mongodb.driver.cluster - Adding discovered server ac-ggf694n-shard-00-00.1q4yqcd.mongodb.net:27017 to client view of cluster
26-05-15 19:38:50.783 [cluster-ClusterId{value='6a0728f2ddf2fc31987c73f8', description='null'}-srv-cluster0.1q4yqcd.mongodb.net] INFO  org.mongodb.driver.cluster - Adding discovered server ac-ggf694n-shard-00-02.1q4yqcd.mongodb.net:27017 to client view of cluster
26-05-15 19:38:51.942 [main] INFO  org.mongodb.driver.cluster - No server chosen by com.mongodb.client.internal.MongoClientDelegate$1@6c0b51da from cluster description ClusterDescription{type=REPLICA_SET, connectionMode=MULTIPLE, serverDescriptions=[ServerDescription{address=ac-ggf694n-shard-00-00.1q4yqcd.mongodb.net:27017, type=UNKNOWN, state=CONNECTING}, ServerDescription{address=ac-ggf694n-shard-00-02.1q4yqcd.mongodb.net:27017, type=UNKNOWN, state=CONNECTING}, ServerDescription{address=ac-ggf694n-shard-00-01.1q4yqcd.mongodb.net:27017, type=UNKNOWN, state=CONNECTING}]}. Waiting for 30000 ms before timing out
26-05-15 19:38:51.999 [cluster-ClusterId{value='6a0728f2ddf2fc31987c73f8', description='null'}-ac-ggf694n-shard-00-01.1q4yqcd.mongodb.net:27017] INFO  org.mongodb.driver.connection - Opened connection [connectionId{localValue:4, serverValue:155091}] to ac-ggf694n-shard-00-01.1q4yqcd.mongodb.net:27017
26-05-15 19:38:51.999 [cluster-ClusterId{value='6a0728f2ddf2fc31987c73f8', description='null'}-ac-ggf694n-shard-00-00.1q4yqcd.mongodb.net:27017] INFO  org.mongodb.driver.connection - Opened connection [connectionId{localValue:1, serverValue:161462}] to ac-ggf694n-shard-00-00.1q4yqcd.mongodb.net:27017
26-05-15 19:38:51.999 [cluster-rtt-ClusterId{value='6a0728f2ddf2fc31987c73f8', description='null'}-ac-ggf694n-shard-00-02.1q4yqcd.mongodb.net:27017] INFO  org.mongodb.driver.connection - Opened connection [connectionId{localValue:6, serverValue:186890}] to ac-ggf694n-shard-00-02.1q4yqcd.mongodb.net:27017
26-05-15 19:38:51.999 [cluster-rtt-ClusterId{value='6a0728f2ddf2fc31987c73f8', description='null'}-ac-ggf694n-shard-00-00.1q4yqcd.mongodb.net:27017] INFO  org.mongodb.driver.connection - Opened connection [connectionId{localValue:3, serverValue:161462}] to ac-ggf694n-shard-00-00.1q4yqcd.mongodb.net:27017
26-05-15 19:38:51.999 [cluster-rtt-ClusterId{value='6a0728f2ddf2fc31987c73f8', description='null'}-ac-ggf694n-shard-00-01.1q4yqcd.mongodb.net:27017] INFO  org.mongodb.driver.connection - Opened connection [connectionId{localValue:2, serverValue:155091}] to ac-ggf694n-shard-00-01.1q4yqcd.mongodb.net:27017
26-05-15 19:38:51.999 [cluster-ClusterId{value='6a0728f2ddf2fc31987c73f8', description='null'}-ac-ggf694n-shard-00-02.1q4yqcd.mongodb.net:27017] INFO  org.mongodb.driver.connection - Opened connection [connectionId{localValue:5, serverValue:186890}] to ac-ggf694n-shard-00-02.1q4yqcd.mongodb.net:27017
26-05-15 19:38:52.033 [cluster-ClusterId{value='6a0728f2ddf2fc31987c73f8', description='null'}-ac-ggf694n-shard-00-02.1q4yqcd.mongodb.net:27017] INFO  org.mongodb.driver.cluster - Monitor thread successfully connected to server with description ServerDescription{address=ac-ggf694n-shard-00-02.1q4yqcd.mongodb.net:27017, type=REPLICA_SET_PRIMARY, state=CONNECTED, ok=true, minWireVersion=0, maxWireVersion=25, maxDocumentSize=16777216, logicalSessionTimeoutMinutes=30, roundTripTimeNanos=694479700, setName='atlas-mizxxc-shard-0', canonicalAddress=ac-ggf694n-shard-00-02.1q4yqcd.mongodb.net:27017, hosts=[ac-ggf694n-shard-00-02.1q4yqcd.mongodb.net:27017, ac-ggf694n-shard-00-00.1q4yqcd.mongodb.net:27017, ac-ggf694n-shard-00-01.1q4yqcd.mongodb.net:27017], passives=[], arbiters=[], primary='ac-ggf694n-shard-00-02.1q4yqcd.mongodb.net:27017', tagSet=TagSet{[Tag{name='availabilityZone', value='aps1-az2'}, Tag{name='cacheState', value='READY'}, Tag{name='diskState', value='READY'}, Tag{name='nodeType', value='ELECTABLE'}, Tag{name='provider', value='AWS'}, Tag{name='region', value='AP_SOUTH_1'}, Tag{name='workloadType', value='OPERATIONAL'}]}, electionId=7fffffff0000000000000109, setVersion=263, topologyVersion=TopologyVersion{processId=6a038c3ee6a08c3e351f731e, counter=6}, lastWriteDate=Fri May 15 19:38:52 IST 2026, lastUpdateTimeNanos=3987827582800}
26-05-15 19:38:52.035 [cluster-ClusterId{value='6a0728f2ddf2fc31987c73f8', description='null'}-ac-ggf694n-shard-00-00.1q4yqcd.mongodb.net:27017] INFO  org.mongodb.driver.cluster - Monitor thread successfully connected to server with description ServerDescription{address=ac-ggf694n-shard-00-00.1q4yqcd.mongodb.net:27017, type=REPLICA_SET_SECONDARY, state=CONNECTED, ok=true, minWireVersion=0, maxWireVersion=25, maxDocumentSize=16777216, logicalSessionTimeoutMinutes=30, roundTripTimeNanos=694819600, setName='atlas-mizxxc-shard-0', canonicalAddress=ac-ggf694n-shard-00-00.1q4yqcd.mongodb.net:27017, hosts=[ac-ggf694n-shard-00-02.1q4yqcd.mongodb.net:27017, ac-ggf694n-shard-00-00.1q4yqcd.mongodb.net:27017, ac-ggf694n-shard-00-01.1q4yqcd.mongodb.net:27017], passives=[], arbiters=[], primary='ac-ggf694n-shard-00-02.1q4yqcd.mongodb.net:27017', tagSet=TagSet{[Tag{name='availabilityZone', value='aps1-az1'}, Tag{name='cacheState', value='READY'}, Tag{name='diskState', value='READY'}, Tag{name='nodeType', value='ELECTABLE'}, Tag{name='provider', value='AWS'}, Tag{name='region', value='AP_SOUTH_1'}, Tag{name='workloadType', value='OPERATIONAL'}]}, electionId=null, setVersion=263, topologyVersion=TopologyVersion{processId=6a0389a4b348ff17f5109be7, counter=4}, lastWriteDate=Fri May 15 19:38:52 IST 2026, lastUpdateTimeNanos=3987827582900}
26-05-15 19:38:52.037 [cluster-ClusterId{value='6a0728f2ddf2fc31987c73f8', description='null'}-ac-ggf694n-shard-00-01.1q4yqcd.mongodb.net:27017] INFO  org.mongodb.driver.cluster - Monitor thread successfully connected to server with description ServerDescription{address=ac-ggf694n-shard-00-01.1q4yqcd.mongodb.net:27017, type=REPLICA_SET_SECONDARY, state=CONNECTED, ok=true, minWireVersion=0, maxWireVersion=25, maxDocumentSize=16777216, logicalSessionTimeoutMinutes=30, roundTripTimeNanos=694648500, setName='atlas-mizxxc-shard-0', canonicalAddress=ac-ggf694n-shard-00-01.1q4yqcd.mongodb.net:27017, hosts=[ac-ggf694n-shard-00-02.1q4yqcd.mongodb.net:27017, ac-ggf694n-shard-00-00.1q4yqcd.mongodb.net:27017, ac-ggf694n-shard-00-01.1q4yqcd.mongodb.net:27017], passives=[], arbiters=[], primary='ac-ggf694n-shard-00-02.1q4yqcd.mongodb.net:27017', tagSet=TagSet{[Tag{name='availabilityZone', value='aps1-az3'}, Tag{name='cacheState', value='READY'}, Tag{name='diskState', value='READY'}, Tag{name='nodeType', value='ELECTABLE'}, Tag{name='provider', value='AWS'}, Tag{name='region', value='AP_SOUTH_1'}, Tag{name='workloadType', value='OPERATIONAL'}]}, electionId=null, setVersion=263, topologyVersion=TopologyVersion{processId=6a038efd653979f40b80b441, counter=3}, lastWriteDate=Fri May 15 19:38:52 IST 2026, lastUpdateTimeNanos=3987827764300}
26-05-15 19:38:52.049 [cluster-ClusterId{value='6a0728f2ddf2fc31987c73f8', description='null'}-ac-ggf694n-shard-00-02.1q4yqcd.mongodb.net:27017] INFO  org.mongodb.driver.cluster - Setting max election id to 7fffffff0000000000000109 from replica set primary ac-ggf694n-shard-00-02.1q4yqcd.mongodb.net:27017
26-05-15 19:38:52.049 [cluster-ClusterId{value='6a0728f2ddf2fc31987c73f8', description='null'}-ac-ggf694n-shard-00-02.1q4yqcd.mongodb.net:27017] INFO  org.mongodb.driver.cluster - Setting max set version to 263 from replica set primary ac-ggf694n-shard-00-02.1q4yqcd.mongodb.net:27017
26-05-15 19:38:52.050 [cluster-ClusterId{value='6a0728f2ddf2fc31987c73f8', description='null'}-ac-ggf694n-shard-00-02.1q4yqcd.mongodb.net:27017] INFO  org.mongodb.driver.cluster - Discovered replica set primary ac-ggf694n-shard-00-02.1q4yqcd.mongodb.net:27017
26-05-15 19:38:52.405 [main] INFO  org.mongodb.driver.connection - Opened connection [connectionId{localValue:7, serverValue:186911}] to ac-ggf694n-shard-00-02.1q4yqcd.mongodb.net:27017
26-05-15 19:38:53.699 [main] INFO  o.s.s.web.DefaultSecurityFilterChain - Will secure any request with [org.springframework.security.web.session.DisableEncodeUrlFilter@5e0f2c82, org.springframework.security.web.context.request.async.WebAsyncManagerIntegrationFilter@98637a2, org.springframework.security.web.context.SecurityContextPersistenceFilter@1eab8437, org.springframework.security.web.header.HeaderWriterFilter@464ede1f, org.springframework.security.web.authentication.logout.LogoutFilter@6e2eead5, org.springframework.security.web.authentication.www.BasicAuthenticationFilter@547aaa32, org.springframework.security.web.savedrequest.RequestCacheAwareFilter@2a1e57c6, org.springframework.security.web.servletapi.SecurityContextHolderAwareRequestFilter@7c7ed72a, org.springframework.security.web.authentication.AnonymousAuthenticationFilter@4afd65fd, org.springframework.security.web.session.SessionManagementFilter@2fac80a8, org.springframework.security.web.access.ExceptionTranslationFilter@20a1b3ae, org.springframework.security.web.access.intercept.FilterSecurityInterceptor@762405bf]
26-05-15 19:38:56.417 [main] INFO  n.e.j.JournalApplicationTests - Started JournalApplicationTests in 11.118 seconds (JVM running for 13.94)
26-05-15 19:38:58.566 [main] INFO  o.s.b.t.c.SpringBootTestContextBootstrapper - Neither @ContextConfiguration nor @ContextHierarchy found for test class [net.engineeringdigest.journalApp.service.UserServiceTests], using SpringBootContextLoader
26-05-15 19:38:58.567 [main] INFO  o.s.t.c.s.AbstractContextLoader - Could not detect default resource locations for test class [net.engineeringdigest.journalApp.service.UserServiceTests]: no resource found for suffixes {-context.xml, Context.groovy}.
26-05-15 19:38:58.568 [main] INFO  o.s.t.c.s.AnnotationConfigContextLoaderUtils - Could not detect default configuration classes for test class [net.engineeringdigest.journalApp.service.UserServiceTests]: UserServiceTests does not declare any static, non-private, non-final, nested classes annotated with @Configuration.
26-05-15 19:38:58.589 [main] INFO  o.s.b.t.c.SpringBootTestContextBootstrapper - Found @SpringBootConfiguration net.engineeringdigest.journalApp.JournalApplication for test class net.engineeringdigest.journalApp.service.UserServiceTests
26-05-15 19:38:58.593 [main] INFO  o.s.b.t.c.SpringBootTestContextBootstrapper - Loaded default TestExecutionListener class names from location [META-INF/spring.factories]: [org.springframework.boot.test.mock.mockito.MockitoTestExecutionListener, org.springframework.boot.test.mock.mockito.ResetMocksTestExecutionListener, org.springframework.boot.test.autoconfigure.restdocs.RestDocsTestExecutionListener, org.springframework.boot.test.autoconfigure.web.client.MockRestServiceServerResetTestExecutionListener, org.springframework.boot.test.autoconfigure.web.servlet.MockMvcPrintOnlyOnFailureTestExecutionListener, org.springframework.boot.test.autoconfigure.web.servlet.WebDriverTestExecutionListener, org.springframework.boot.test.autoconfigure.webservices.client.MockWebServiceServerTestExecutionListener, org.springframework.test.context.web.ServletTestExecutionListener, org.springframework.test.context.support.DirtiesContextBeforeModesTestExecutionListener, org.springframework.test.context.event.ApplicationEventsTestExecutionListener, org.springframework.test.context.support.DependencyInjectionTestExecutionListener, org.springframework.test.context.support.DirtiesContextTestExecutionListener, org.springframework.test.context.transaction.TransactionalTestExecutionListener, org.springframework.test.context.jdbc.SqlScriptsTestExecutionListener, org.springframework.test.context.event.EventPublishingTestExecutionListener]
26-05-15 19:38:58.596 [main] INFO  o.s.b.t.c.SpringBootTestContextBootstrapper - Using TestExecutionListeners: [org.springframework.test.context.web.ServletTestExecutionListener@3d01ea33, org.springframework.test.context.support.DirtiesContextBeforeModesTestExecutionListener@73b3ce31, org.springframework.test.context.event.ApplicationEventsTestExecutionListener@4687366b, org.springframework.boot.test.mock.mockito.MockitoTestExecutionListener@3a17acd4, org.springframework.boot.test.autoconfigure.SpringBootDependencyInjectionTestExecutionListener@8f589d7, org.springframework.test.context.support.DirtiesContextTestExecutionListener@65da1cbe, org.springframework.test.context.transaction.TransactionalTestExecutionListener@1a914a00, org.springframework.test.context.jdbc.SqlScriptsTestExecutionListener@1d67348a, org.springframework.test.context.event.EventPublishingTestExecutionListener@39f8adc0, org.springframework.boot.test.mock.mockito.ResetMocksTestExecutionListener@c7269ad, org.springframework.boot.test.autoconfigure.restdocs.RestDocsTestExecutionListener@1c23e369, org.springframework.boot.test.autoconfigure.web.client.MockRestServiceServerResetTestExecutionListener@38445703, org.springframework.boot.test.autoconfigure.web.servlet.MockMvcPrintOnlyOnFailureTestExecutionListener@44ae6b66, org.springframework.boot.test.autoconfigure.web.servlet.WebDriverTestExecutionListener@5b0e5d5f, org.springframework.boot.test.autoconfigure.webservices.client.MockWebServiceServerTestExecutionListener@58b5d5fc]
26-05-15 19:41:00.952 [main] INFO  o.s.b.t.c.SpringBootTestContextBootstrapper - Neither @ContextConfiguration nor @ContextHierarchy found for test class [net.engineeringdigest.journalApp.JournalApplicationTests], using SpringBootContextLoader
26-05-15 19:41:00.965 [main] INFO  o.s.t.c.s.AbstractContextLoader - Could not detect default resource locations for test class [net.engineeringdigest.journalApp.JournalApplicationTests]: no resource found for suffixes {-context.xml, Context.groovy}.
26-05-15 19:41:00.967 [main] INFO  o.s.t.c.s.AnnotationConfigContextLoaderUtils - Could not detect default configuration classes for test class [net.engineeringdigest.journalApp.JournalApplicationTests]: JournalApplicationTests does not declare any static, non-private, non-final, nested classes annotated with @Configuration.
26-05-15 19:41:01.214 [main] INFO  o.s.b.t.c.SpringBootTestContextBootstrapper - Found @SpringBootConfiguration net.engineeringdigest.journalApp.JournalApplication for test class net.engineeringdigest.journalApp.JournalApplicationTests
26-05-15 19:41:01.422 [main] INFO  o.s.b.t.c.SpringBootTestContextBootstrapper - Loaded default TestExecutionListener class names from location [META-INF/spring.factories]: [org.springframework.boot.test.mock.mockito.MockitoTestExecutionListener, org.springframework.boot.test.mock.mockito.ResetMocksTestExecutionListener, org.springframework.boot.test.autoconfigure.restdocs.RestDocsTestExecutionListener, org.springframework.boot.test.autoconfigure.web.client.MockRestServiceServerResetTestExecutionListener, org.springframework.boot.test.autoconfigure.web.servlet.MockMvcPrintOnlyOnFailureTestExecutionListener, org.springframework.boot.test.autoconfigure.web.servlet.WebDriverTestExecutionListener, org.springframework.boot.test.autoconfigure.webservices.client.MockWebServiceServerTestExecutionListener, org.springframework.test.context.web.ServletTestExecutionListener, org.springframework.test.context.support.DirtiesContextBeforeModesTestExecutionListener, org.springframework.test.context.event.ApplicationEventsTestExecutionListener, org.springframework.test.context.support.DependencyInjectionTestExecutionListener, org.springframework.test.context.support.DirtiesContextTestExecutionListener, org.springframework.test.context.transaction.TransactionalTestExecutionListener, org.springframework.test.context.jdbc.SqlScriptsTestExecutionListener, org.springframework.test.context.event.EventPublishingTestExecutionListener]
26-05-15 19:41:01.479 [main] INFO  o.s.b.t.c.SpringBootTestContextBootstrapper - Using TestExecutionListeners: [org.springframework.test.context.web.ServletTestExecutionListener@2cf92cc7, org.springframework.test.context.support.DirtiesContextBeforeModesTestExecutionListener@30ea8c23, org.springframework.test.context.event.ApplicationEventsTestExecutionListener@7b139eab, org.springframework.boot.test.mock.mockito.MockitoTestExecutionListener@4e76dac, org.springframework.boot.test.autoconfigure.SpringBootDependencyInjectionTestExecutionListener@611df6e3, org.springframework.test.context.support.DirtiesContextTestExecutionListener@5f2f577, org.springframework.test.context.transaction.TransactionalTestExecutionListener@6273c5a4, org.springframework.test.context.jdbc.SqlScriptsTestExecutionListener@5d465e4b, org.springframework.test.context.event.EventPublishingTestExecutionListener@53e211ee, org.springframework.boot.test.mock.mockito.ResetMocksTestExecutionListener@41a90fa8, org.springframework.boot.test.autoconfigure.restdocs.RestDocsTestExecutionListener@3d8bbcdc, org.springframework.boot.test.autoconfigure.web.client.MockRestServiceServerResetTestExecutionListener@52500920, org.springframework.boot.test.autoconfigure.web.servlet.MockMvcPrintOnlyOnFailureTestExecutionListener@117e0fe5, org.springframework.boot.test.autoconfigure.web.servlet.WebDriverTestExecutionListener@18a3962d, org.springframework.boot.test.autoconfigure.webservices.client.MockWebServiceServerTestExecutionListener@78aea4b9]
26-05-15 19:41:02.642 [main] INFO  n.e.j.JournalApplicationTests - Starting JournalApplicationTests using Java 11.0.31 on LAPTOP-4IL5G33D with PID 33836 (started by SIDDHU in C:\Users\SIDDHU\OneDrive\Desktop\journalapp\journalApp)
26-05-15 19:41:02.644 [main] INFO  n.e.j.JournalApplicationTests - The following 1 profile is active: "dev"
26-05-15 19:41:04.401 [main] INFO  o.s.d.r.c.RepositoryConfigurationDelegate - Bootstrapping Spring Data MongoDB repositories in DEFAULT mode.
26-05-15 19:41:04.599 [main] INFO  o.s.d.r.c.RepositoryConfigurationDelegate - Finished Spring Data repository scanning in 185 ms. Found 2 MongoDB repository interfaces.
26-05-15 19:41:07.576 [cluster-ClusterId{value='6a07297b9ad1b949d2e8da31', description='null'}-srv-cluster0.1q4yqcd.mongodb.net] INFO  org.mongodb.driver.cluster - Adding discovered server ac-ggf694n-shard-00-01.1q4yqcd.mongodb.net:27017 to client view of cluster
26-05-15 19:41:07.583 [main] INFO  org.mongodb.driver.client - MongoClient with metadata {"driver": {"name": "mongo-java-driver|sync|spring-boot", "version": "4.6.1"}, "os": {"type": "Windows", "name": "Windows 11", "architecture": "amd64", "version": "10.0"}, "platform": "Java/Eclipse Adoptium/11.0.31+11", "application": {"name": "Cluster0"}} created with settings MongoClientSettings{readPreference=primary, writeConcern=WriteConcern{w=null, wTimeout=null ms, journal=null}, retryWrites=true, retryReads=true, readConcern=ReadConcern{level=null}, credential=MongoCredential{mechanism=null, userName='banusiddharth35_db_user', source='admin', password=<hidden>, mechanismProperties=<hidden>}, streamFactoryFactory=null, commandListeners=[], codecRegistry=ProvidersCodecRegistry{codecProviders=[ValueCodecProvider{}, BsonValueCodecProvider{}, DBRefCodecProvider{}, DBObjectCodecProvider{}, DocumentCodecProvider{}, IterableCodecProvider{}, MapCodecProvider{}, GeoJsonCodecProvider{}, GridFSFileCodecProvider{}, Jsr310CodecProvider{}, JsonObjectCodecProvider{}, BsonCodecProvider{}, EnumCodecProvider{}, com.mongodb.Jep395RecordCodecProvider@5e593b08]}, clusterSettings={hosts=[127.0.0.1:27017], srvHost=cluster0.1q4yqcd.mongodb.net, srvServiceName=mongodb, mode=MULTIPLE, requiredClusterType=REPLICA_SET, requiredReplicaSetName='atlas-mizxxc-shard-0', serverSelector='null', clusterListeners='[]', serverSelectionTimeout='30000 ms', localThreshold='30000 ms'}, socketSettings=SocketSettings{connectTimeoutMS=10000, readTimeoutMS=0, receiveBufferSize=0, sendBufferSize=0}, heartbeatSocketSettings=SocketSettings{connectTimeoutMS=10000, readTimeoutMS=10000, receiveBufferSize=0, sendBufferSize=0}, connectionPoolSettings=ConnectionPoolSettings{maxSize=100, minSize=0, maxWaitTimeMS=120000, maxConnectionLifeTimeMS=0, maxConnectionIdleTimeMS=0, maintenanceInitialDelayMS=0, maintenanceFrequencyMS=60000, connectionPoolListeners=[], maxConnecting=2}, serverSettings=ServerSettings{heartbeatFrequencyMS=10000, minHeartbeatFrequencyMS=500, serverListeners='[]', serverMonitorListeners='[]'}, sslSettings=SslSettings{enabled=true, invalidHostNameAllowed=false, context=null}, applicationName='Cluster0', compressorList=[], uuidRepresentation=JAVA_LEGACY, serverApi=null, autoEncryptionSettings=null, contextProvider=null}
26-05-15 19:41:07.630 [cluster-ClusterId{value='6a07297b9ad1b949d2e8da31', description='null'}-srv-cluster0.1q4yqcd.mongodb.net] INFO  org.mongodb.driver.cluster - Adding discovered server ac-ggf694n-shard-00-00.1q4yqcd.mongodb.net:27017 to client view of cluster
26-05-15 19:41:07.632 [cluster-ClusterId{value='6a07297b9ad1b949d2e8da31', description='null'}-srv-cluster0.1q4yqcd.mongodb.net] INFO  org.mongodb.driver.cluster - Adding discovered server ac-ggf694n-shard-00-02.1q4yqcd.mongodb.net:27017 to client view of cluster
26-05-15 19:41:09.018 [cluster-rtt-ClusterId{value='6a07297b9ad1b949d2e8da31', description='null'}-ac-ggf694n-shard-00-00.1q4yqcd.mongodb.net:27017] INFO  org.mongodb.driver.connection - Opened connection [connectionId{localValue:5, serverValue:161539}] to ac-ggf694n-shard-00-00.1q4yqcd.mongodb.net:27017
26-05-15 19:41:09.018 [cluster-rtt-ClusterId{value='6a07297b9ad1b949d2e8da31', description='null'}-ac-ggf694n-shard-00-02.1q4yqcd.mongodb.net:27017] INFO  org.mongodb.driver.connection - Opened connection [connectionId{localValue:3, serverValue:186617}] to ac-ggf694n-shard-00-02.1q4yqcd.mongodb.net:27017
26-05-15 19:41:09.018 [cluster-rtt-ClusterId{value='6a07297b9ad1b949d2e8da31', description='null'}-ac-ggf694n-shard-00-01.1q4yqcd.mongodb.net:27017] INFO  org.mongodb.driver.connection - Opened connection [connectionId{localValue:6, serverValue:155144}] to ac-ggf694n-shard-00-01.1q4yqcd.mongodb.net:27017
26-05-15 19:41:09.018 [cluster-ClusterId{value='6a07297b9ad1b949d2e8da31', description='null'}-ac-ggf694n-shard-00-02.1q4yqcd.mongodb.net:27017] INFO  org.mongodb.driver.connection - Opened connection [connectionId{localValue:2, serverValue:186963}] to ac-ggf694n-shard-00-02.1q4yqcd.mongodb.net:27017
26-05-15 19:41:09.018 [cluster-ClusterId{value='6a07297b9ad1b949d2e8da31', description='null'}-ac-ggf694n-shard-00-00.1q4yqcd.mongodb.net:27017] INFO  org.mongodb.driver.connection - Opened connection [connectionId{localValue:4, serverValue:161539}] to ac-ggf694n-shard-00-00.1q4yqcd.mongodb.net:27017
26-05-15 19:41:09.018 [cluster-ClusterId{value='6a07297b9ad1b949d2e8da31', description='null'}-ac-ggf694n-shard-00-01.1q4yqcd.mongodb.net:27017] INFO  org.mongodb.driver.connection - Opened connection [connectionId{localValue:1, serverValue:155144}] to ac-ggf694n-shard-00-01.1q4yqcd.mongodb.net:27017
26-05-15 19:41:09.049 [cluster-ClusterId{value='6a07297b9ad1b949d2e8da31', description='null'}-ac-ggf694n-shard-00-02.1q4yqcd.mongodb.net:27017] INFO  org.mongodb.driver.cluster - Monitor thread successfully connected to server with description ServerDescription{address=ac-ggf694n-shard-00-02.1q4yqcd.mongodb.net:27017, type=REPLICA_SET_PRIMARY, state=CONNECTED, ok=true, minWireVersion=0, maxWireVersion=25, maxDocumentSize=16777216, logicalSessionTimeoutMinutes=30, roundTripTimeNanos=790585600, setName='atlas-mizxxc-shard-0', canonicalAddress=ac-ggf694n-shard-00-02.1q4yqcd.mongodb.net:27017, hosts=[ac-ggf694n-shard-00-02.1q4yqcd.mongodb.net:27017, ac-ggf694n-shard-00-00.1q4yqcd.mongodb.net:27017, ac-ggf694n-shard-00-01.1q4yqcd.mongodb.net:27017], passives=[], arbiters=[], primary='ac-ggf694n-shard-00-02.1q4yqcd.mongodb.net:27017', tagSet=TagSet{[Tag{name='availabilityZone', value='aps1-az2'}, Tag{name='cacheState', value='READY'}, Tag{name='diskState', value='READY'}, Tag{name='nodeType', value='ELECTABLE'}, Tag{name='provider', value='AWS'}, Tag{name='region', value='AP_SOUTH_1'}, Tag{name='workloadType', value='OPERATIONAL'}]}, electionId=7fffffff0000000000000109, setVersion=263, topologyVersion=TopologyVersion{processId=6a038c3ee6a08c3e351f731e, counter=6}, lastWriteDate=Fri May 15 19:41:09 IST 2026, lastUpdateTimeNanos=4124847550800}
26-05-15 19:41:09.049 [cluster-ClusterId{value='6a07297b9ad1b949d2e8da31', description='null'}-ac-ggf694n-shard-00-00.1q4yqcd.mongodb.net:27017] INFO  org.mongodb.driver.cluster - Monitor thread successfully connected to server with description ServerDescription{address=ac-ggf694n-shard-00-00.1q4yqcd.mongodb.net:27017, type=REPLICA_SET_SECONDARY, state=CONNECTED, ok=true, minWireVersion=0, maxWireVersion=25, maxDocumentSize=16777216, logicalSessionTimeoutMinutes=30, roundTripTimeNanos=790533400, setName='atlas-mizxxc-shard-0', canonicalAddress=ac-ggf694n-shard-00-00.1q4yqcd.mongodb.net:27017, hosts=[ac-ggf694n-shard-00-02.1q4yqcd.mongodb.net:27017, ac-ggf694n-shard-00-00.1q4yqcd.mongodb.net:27017, ac-ggf694n-shard-00-01.1q4yqcd.mongodb.net:27017], passives=[], arbiters=[], primary='ac-ggf694n-shard-00-02.1q4yqcd.mongodb.net:27017', tagSet=TagSet{[Tag{name='availabilityZone', value='aps1-az1'}, Tag{name='cacheState', value='READY'}, Tag{name='diskState', value='READY'}, Tag{name='nodeType', value='ELECTABLE'}, Tag{name='provider', value='AWS'}, Tag{name='region', value='AP_SOUTH_1'}, Tag{name='workloadType', value='OPERATIONAL'}]}, electionId=null, setVersion=263, topologyVersion=TopologyVersion{processId=6a0389a4b348ff17f5109be7, counter=4}, lastWriteDate=Fri May 15 19:41:09 IST 2026, lastUpdateTimeNanos=4124847550800}
26-05-15 19:41:09.049 [cluster-ClusterId{value='6a07297b9ad1b949d2e8da31', description='null'}-ac-ggf694n-shard-00-01.1q4yqcd.mongodb.net:27017] INFO  org.mongodb.driver.cluster - Monitor thread successfully connected to server with description ServerDescription{address=ac-ggf694n-shard-00-01.1q4yqcd.mongodb.net:27017, type=REPLICA_SET_SECONDARY, state=CONNECTED, ok=true, minWireVersion=0, maxWireVersion=25, maxDocumentSize=16777216, logicalSessionTimeoutMinutes=30, roundTripTimeNanos=790824499, setName='atlas-mizxxc-shard-0', canonicalAddress=ac-ggf694n-shard-00-01.1q4yqcd.mongodb.net:27017, hosts=[ac-ggf694n-shard-00-02.1q4yqcd.mongodb.net:27017, ac-ggf694n-shard-00-00.1q4yqcd.mongodb.net:27017, ac-ggf694n-shard-00-01.1q4yqcd.mongodb.net:27017], passives=[], arbiters=[], primary='ac-ggf694n-shard-00-02.1q4yqcd.mongodb.net:27017', tagSet=TagSet{[Tag{name='availabilityZone', value='aps1-az3'}, Tag{name='cacheState', value='READY'}, Tag{name='diskState', value='READY'}, Tag{name='nodeType', value='ELECTABLE'}, Tag{name='provider', value='AWS'}, Tag{name='region', value='AP_SOUTH_1'}, Tag{name='workloadType', value='OPERATIONAL'}]}, electionId=null, setVersion=263, topologyVersion=TopologyVersion{processId=6a038efd653979f40b80b441, counter=3}, lastWriteDate=Fri May 15 19:41:09 IST 2026, lastUpdateTimeNanos=4124847783999}
26-05-15 19:41:09.061 [cluster-ClusterId{value='6a07297b9ad1b949d2e8da31', description='null'}-ac-ggf694n-shard-00-02.1q4yqcd.mongodb.net:27017] INFO  org.mongodb.driver.cluster - Setting max election id to 7fffffff0000000000000109 from replica set primary ac-ggf694n-shard-00-02.1q4yqcd.mongodb.net:27017
26-05-15 19:41:09.061 [cluster-ClusterId{value='6a07297b9ad1b949d2e8da31', description='null'}-ac-ggf694n-shard-00-02.1q4yqcd.mongodb.net:27017] INFO  org.mongodb.driver.cluster - Setting max set version to 263 from replica set primary ac-ggf694n-shard-00-02.1q4yqcd.mongodb.net:27017
26-05-15 19:41:09.061 [cluster-ClusterId{value='6a07297b9ad1b949d2e8da31', description='null'}-ac-ggf694n-shard-00-02.1q4yqcd.mongodb.net:27017] INFO  org.mongodb.driver.cluster - Discovered replica set primary ac-ggf694n-shard-00-02.1q4yqcd.mongodb.net:27017
26-05-15 19:41:09.488 [main] INFO  org.mongodb.driver.connection - Opened connection [connectionId{localValue:7, serverValue:186938}] to ac-ggf694n-shard-00-02.1q4yqcd.mongodb.net:27017
26-05-15 19:41:11.098 [main] INFO  o.s.s.web.DefaultSecurityFilterChain - Will secure any request with [org.springframework.security.web.session.DisableEncodeUrlFilter@141aba65, org.springframework.security.web.context.request.async.WebAsyncManagerIntegrationFilter@3356ff58, org.springframework.security.web.context.SecurityContextPersistenceFilter@2a1e57c6, org.springframework.security.web.header.HeaderWriterFilter@6fef75c6, org.springframework.security.web.authentication.logout.LogoutFilter@2c8a445b, org.springframework.security.web.authentication.www.BasicAuthenticationFilter@5822ecda, org.springframework.security.web.savedrequest.RequestCacheAwareFilter@7babed9e, org.springframework.security.web.servletapi.SecurityContextHolderAwareRequestFilter@3c17bd0b, org.springframework.security.web.authentication.AnonymousAuthenticationFilter@b55f5b7, org.springframework.security.web.session.SessionManagementFilter@1934339, org.springframework.security.web.access.ExceptionTranslationFilter@6546371, org.springframework.security.web.access.intercept.FilterSecurityInterceptor@5f0677f3]
26-05-15 19:41:13.296 [main] INFO  n.e.j.JournalApplicationTests - Started JournalApplicationTests in 11.728 seconds (JVM running for 14.016)
26-05-15 19:41:14.484 [main] INFO  o.s.b.t.c.SpringBootTestContextBootstrapper - Neither @ContextConfiguration nor @ContextHierarchy found for test class [net.engineeringdigest.journalApp.service.UserServiceTests], using SpringBootContextLoader
26-05-15 19:41:14.487 [main] INFO  o.s.t.c.s.AbstractContextLoader - Could not detect default resource locations for test class [net.engineeringdigest.journalApp.service.UserServiceTests]: no resource found for suffixes {-context.xml, Context.groovy}.
26-05-15 19:41:14.487 [main] INFO  o.s.t.c.s.AnnotationConfigContextLoaderUtils - Could not detect default configuration classes for test class [net.engineeringdigest.journalApp.service.UserServiceTests]: UserServiceTests does not declare any static, non-private, non-final, nested classes annotated with @Configuration.
26-05-15 19:41:14.508 [main] INFO  o.s.b.t.c.SpringBootTestContextBootstrapper - Found @SpringBootConfiguration net.engineeringdigest.journalApp.JournalApplication for test class net.engineeringdigest.journalApp.service.UserServiceTests
26-05-15 19:41:14.512 [main] INFO  o.s.b.t.c.SpringBootTestContextBootstrapper - Loaded default TestExecutionListener class names from location [META-INF/spring.factories]: [org.springframework.boot.test.mock.mockito.MockitoTestExecutionListener, org.springframework.boot.test.mock.mockito.ResetMocksTestExecutionListener, org.springframework.boot.test.autoconfigure.restdocs.RestDocsTestExecutionListener, org.springframework.boot.test.autoconfigure.web.client.MockRestServiceServerResetTestExecutionListener, org.springframework.boot.test.autoconfigure.web.servlet.MockMvcPrintOnlyOnFailureTestExecutionListener, org.springframework.boot.test.autoconfigure.web.servlet.WebDriverTestExecutionListener, org.springframework.boot.test.autoconfigure.webservices.client.MockWebServiceServerTestExecutionListener, org.springframework.test.context.web.ServletTestExecutionListener, org.springframework.test.context.support.DirtiesContextBeforeModesTestExecutionListener, org.springframework.test.context.event.ApplicationEventsTestExecutionListener, org.springframework.test.context.support.DependencyInjectionTestExecutionListener, org.springframework.test.context.support.DirtiesContextTestExecutionListener, org.springframework.test.context.transaction.TransactionalTestExecutionListener, org.springframework.test.context.jdbc.SqlScriptsTestExecutionListener, org.springframework.test.context.event.EventPublishingTestExecutionListener]
26-05-15 19:41:14.513 [main] INFO  o.s.b.t.c.SpringBootTestContextBootstrapper - Using TestExecutionListeners: [org.springframework.test.context.web.ServletTestExecutionListener@31531d0d, org.springframework.test.context.support.DirtiesContextBeforeModesTestExecutionListener@19d76106, org.springframework.test.context.event.ApplicationEventsTestExecutionListener@3f87780b, org.springframework.boot.test.mock.mockito.MockitoTestExecutionListener@2ba318c2, org.springframework.boot.test.autoconfigure.SpringBootDependencyInjectionTestExecutionListener@231d3ce, org.springframework.test.context.support.DirtiesContextTestExecutionListener@204c5ddf, org.springframework.test.context.transaction.TransactionalTestExecutionListener@240f2efd, org.springframework.test.context.jdbc.SqlScriptsTestExecutionListener@175957b6, org.springframework.test.context.event.EventPublishingTestExecutionListener@1b7a4930, org.springframework.boot.test.mock.mockito.ResetMocksTestExecutionListener@591a4d25, org.springframework.boot.test.autoconfigure.restdocs.RestDocsTestExecutionListener@4bfe83d, org.springframework.boot.test.autoconfigure.web.client.MockRestServiceServerResetTestExecutionListener@5906ebfb, org.springframework.boot.test.autoconfigure.web.servlet.MockMvcPrintOnlyOnFailureTestExecutionListener@10fc1a22, org.springframework.boot.test.autoconfigure.web.servlet.WebDriverTestExecutionListener@1b841e7d, org.springframework.boot.test.autoconfigure.webservices.client.MockWebServiceServerTestExecutionListener@6081f330]
26-05-15 19:41:15.015 [main] ERROR n.e.journalApp.service.UserService - Exception occurred
org.springframework.dao.DuplicateKeyException: Write operation error on server ac-ggf694n-shard-00-02.1q4yqcd.mongodb.net:27017. Write error: WriteError{code=11000, message='E11000 duplicate key error collection: journaldb.Users index: username dup key: { username: "hiiii" }', details={}}.; nested exception is com.mongodb.MongoWriteException: Write operation error on server ac-ggf694n-shard-00-02.1q4yqcd.mongodb.net:27017. Write error: WriteError{code=11000, message='E11000 duplicate key error collection: journaldb.Users index: username dup key: { username: "hiiii" }', details={}}.
	at org.springframework.data.mongodb.core.MongoExceptionTranslator.translateExceptionIfPossible(MongoExceptionTranslator.java:106)
	at org.springframework.data.mongodb.core.MongoTemplate.potentiallyConvertRuntimeException(MongoTemplate.java:3029)
	at org.springframework.data.mongodb.core.MongoTemplate.execute(MongoTemplate.java:581)
	at org.springframework.data.mongodb.core.MongoTemplate.insertDocument(MongoTemplate.java:1530)
	at org.springframework.data.mongodb.core.MongoTemplate.doInsert(MongoTemplate.java:1326)
	at org.springframework.data.mongodb.core.MongoTemplate.insert(MongoTemplate.java:1241)
	at org.springframework.data.mongodb.repository.support.SimpleMongoRepository.save(SimpleMongoRepository.java:95)
	at java.base/jdk.internal.reflect.NativeMethodAccessorImpl.invoke0(Native Method)
	at java.base/jdk.internal.reflect.NativeMethodAccessorImpl.invoke(NativeMethodAccessorImpl.java:62)
	at java.base/jdk.internal.reflect.DelegatingMethodAccessorImpl.invoke(DelegatingMethodAccessorImpl.java:43)
	at java.base/java.lang.reflect.Method.invoke(Method.java:566)
	at org.springframework.data.repository.core.support.RepositoryMethodInvoker$RepositoryFragmentMethodInvoker.lambda$new$0(RepositoryMethodInvoker.java:289)
	at org.springframework.data.repository.core.support.RepositoryMethodInvoker.doInvoke(RepositoryMethodInvoker.java:137)
	at org.springframework.data.repository.core.support.RepositoryMethodInvoker.invoke(RepositoryMethodInvoker.java:121)
	at org.springframework.data.repository.core.support.RepositoryComposition$RepositoryFragments.invoke(RepositoryComposition.java:530)
	at org.springframework.data.repository.core.support.RepositoryComposition.invoke(RepositoryComposition.java:286)
	at org.springframework.data.repository.core.support.RepositoryFactorySupport$ImplementationMethodExecutionInterceptor.invoke(RepositoryFactorySupport.java:640)
	at org.springframework.aop.framework.ReflectiveMethodInvocation.proceed(ReflectiveMethodInvocation.java:186)
	at org.springframework.data.repository.core.support.QueryExecutorMethodInterceptor.doInvoke(QueryExecutorMethodInterceptor.java:164)
	at org.springframework.data.repository.core.support.QueryExecutorMethodInterceptor.invoke(QueryExecutorMethodInterceptor.java:139)
	at org.springframework.aop.framework.ReflectiveMethodInvocation.proceed(ReflectiveMethodInvocation.java:186)
	at org.springframework.data.projection.DefaultMethodInvokingMethodInterceptor.invoke(DefaultMethodInvokingMethodInterceptor.java:76)
	at org.springframework.aop.framework.ReflectiveMethodInvocation.proceed(ReflectiveMethodInvocation.java:186)
	at org.springframework.aop.interceptor.ExposeInvocationInterceptor.invoke(ExposeInvocationInterceptor.java:97)
	at org.springframework.aop.framework.ReflectiveMethodInvocation.proceed(ReflectiveMethodInvocation.java:186)
	at org.springframework.aop.framework.JdkDynamicAopProxy.invoke(JdkDynamicAopProxy.java:241)
	at com.sun.proxy.$Proxy86.save(Unknown Source)
	at net.engineeringdigest.journalApp.service.UserService.saveNewUser(UserService.java:35)
	at net.engineeringdigest.journalApp.service.UserServiceTests.testFindUserByUserName(UserServiceTests.java:26)
	at java.base/jdk.internal.reflect.NativeMethodAccessorImpl.invoke0(Native Method)
	at java.base/jdk.internal.reflect.NativeMethodAccessorImpl.invoke(NativeMethodAccessorImpl.java:62)
	at java.base/jdk.internal.reflect.DelegatingMethodAccessorImpl.invoke(DelegatingMethodAccessorImpl.java:43)
	at java.base/java.lang.reflect.Method.invoke(Method.java:566)
	at org.junit.platform.commons.util.ReflectionUtils.invokeMethod(ReflectionUtils.java:725)
	at org.junit.jupiter.engine.execution.MethodInvocation.proceed(MethodInvocation.java:60)
	at org.junit.jupiter.engine.execution.InvocationInterceptorChain$ValidatingInvocation.proceed(InvocationInterceptorChain.java:131)
	at org.junit.jupiter.engine.extension.TimeoutExtension.intercept(TimeoutExtension.java:149)
	at org.junit.jupiter.engine.extension.TimeoutExtension.interceptTestableMethod(TimeoutExtension.java:140)
	at org.junit.jupiter.engine.extension.TimeoutExtension.interceptTestTemplateMethod(TimeoutExtension.java:92)
	at org.junit.jupiter.engine.execution.ExecutableInvoker$ReflectiveInterceptorCall.lambda$ofVoidMethod$0(ExecutableInvoker.java:115)
	at org.junit.jupiter.engine.execution.ExecutableInvoker.lambda$invoke$0(ExecutableInvoker.java:105)
	at org.junit.jupiter.engine.execution.InvocationInterceptorChain$InterceptedInvocation.proceed(InvocationInterceptorChain.java:106)
	at org.junit.jupiter.engine.execution.InvocationInterceptorChain.proceed(InvocationInterceptorChain.java:64)
	at org.junit.jupiter.engine.execution.InvocationInterceptorChain.chainAndInvoke(InvocationInterceptorChain.java:45)
	at org.junit.jupiter.engine.execution.InvocationInterceptorChain.invoke(InvocationInterceptorChain.java:37)
	at org.junit.jupiter.engine.execution.ExecutableInvoker.invoke(ExecutableInvoker.java:104)
	at org.junit.jupiter.engine.execution.ExecutableInvoker.invoke(ExecutableInvoker.java:98)
	at org.junit.jupiter.engine.descriptor.TestMethodTestDescriptor.lambda$invokeTestMethod$7(TestMethodTestDescriptor.java:214)
	at org.junit.platform.engine.support.hierarchical.ThrowableCollector.execute(ThrowableCollector.java:73)
	at org.junit.jupiter.engine.descriptor.TestMethodTestDescriptor.invokeTestMethod(TestMethodTestDescriptor.java:210)
	at org.junit.jupiter.engine.descriptor.TestMethodTestDescriptor.execute(TestMethodTestDescriptor.java:135)
	at org.junit.jupiter.engine.descriptor.TestMethodTestDescriptor.execute(TestMethodTestDescriptor.java:66)
	at org.junit.platform.engine.support.hierarchical.NodeTestTask.lambda$executeRecursively$6(NodeTestTask.java:151)
	at org.junit.platform.engine.support.hierarchical.ThrowableCollector.execute(ThrowableCollector.java:73)
	at org.junit.platform.engine.support.hierarchical.NodeTestTask.lambda$executeRecursively$8(NodeTestTask.java:141)
	at org.junit.platform.engine.support.hierarchical.Node.around(Node.java:137)
	at org.junit.platform.engine.support.hierarchical.NodeTestTask.lambda$executeRecursively$9(NodeTestTask.java:139)
	at org.junit.platform.engine.support.hierarchical.ThrowableCollector.execute(ThrowableCollector.java:73)
	at org.junit.platform.engine.support.hierarchical.NodeTestTask.executeRecursively(NodeTestTask.java:138)
	at org.junit.platform.engine.support.hierarchical.NodeTestTask.execute(NodeTestTask.java:95)
	at org.junit.platform.engine.support.hierarchical.SameThreadHierarchicalTestExecutorService.submit(SameThreadHierarchicalTestExecutorService.java:35)
	at org.junit.platform.engine.support.hierarchical.NodeTestTask$DefaultDynamicTestExecutor.execute(NodeTestTask.java:226)
	at org.junit.platform.engine.support.hierarchical.NodeTestTask$DefaultDynamicTestExecutor.execute(NodeTestTask.java:204)
	at org.junit.jupiter.engine.descriptor.TestTemplateTestDescriptor.execute(TestTemplateTestDescriptor.java:139)
	at org.junit.jupiter.engine.descriptor.TestTemplateTestDescriptor.lambda$execute$2(TestTemplateTestDescriptor.java:107)
	at java.base/java.util.stream.ForEachOps$ForEachOp$OfRef.accept(ForEachOps.java:183)
	at java.base/java.util.stream.ReferencePipeline$3$1.accept(ReferencePipeline.java:195)
	at java.base/java.util.stream.ReferencePipeline$2$1.accept(ReferencePipeline.java:177)
	at java.base/java.util.stream.ReferencePipeline$3$1.accept(ReferencePipeline.java:195)
	at java.base/java.util.stream.ForEachOps$ForEachOp$OfRef.accept(ForEachOps.java:183)
	at java.base/java.util.stream.ReferencePipeline$3$1.accept(ReferencePipeline.java:195)
	at java.base/java.util.stream.ReferencePipeline$3$1.accept(ReferencePipeline.java:195)
	at java.base/java.util.stream.ReferencePipeline$3$1.accept(ReferencePipeline.java:195)
	at java.base/java.util.stream.Streams$StreamBuilderImpl.forEachRemaining(Streams.java:411)
	at java.base/java.util.stream.ReferencePipeline$Head.forEach(ReferencePipeline.java:658)
	at java.base/java.util.stream.ReferencePipeline$7$1.accept(ReferencePipeline.java:274)
	at java.base/java.util.stream.ReferencePipeline$3$1.accept(ReferencePipeline.java:195)
	at java.base/java.util.stream.ReferencePipeline$3$1.accept(ReferencePipeline.java:195)
	at java.base/java.util.stream.ReferencePipeline$3$1.accept(ReferencePipeline.java:195)
	at java.base/java.util.ArrayList$ArrayListSpliterator.forEachRemaining(ArrayList.java:1655)
	at java.base/java.util.stream.AbstractPipeline.copyInto(AbstractPipeline.java:484)
	at java.base/java.util.stream.AbstractPipeline.wrapAndCopyInto(AbstractPipeline.java:474)
	at java.base/java.util.stream.ForEachOps$ForEachOp.evaluateSequential(ForEachOps.java:150)
	at java.base/java.util.stream.ForEachOps$ForEachOp$OfRef.evaluateSequential(ForEachOps.java:173)
	at java.base/java.util.stream.AbstractPipeline.evaluate(AbstractPipeline.java:234)
	at java.base/java.util.stream.ReferencePipeline.forEach(ReferencePipeline.java:497)
	at java.base/java.util.stream.ReferencePipeline$7$1.accept(ReferencePipeline.java:274)
	at java.base/java.util.ArrayList$ArrayListSpliterator.forEachRemaining(ArrayList.java:1655)
	at java.base/java.util.stream.AbstractPipeline.copyInto(AbstractPipeline.java:484)
	at java.base/java.util.stream.AbstractPipeline.wrapAndCopyInto(AbstractPipeline.java:474)
	at java.base/java.util.stream.ForEachOps$ForEachOp.evaluateSequential(ForEachOps.java:150)
	at java.base/java.util.stream.ForEachOps$ForEachOp$OfRef.evaluateSequential(ForEachOps.java:173)
	at java.base/java.util.stream.AbstractPipeline.evaluate(AbstractPipeline.java:234)
	at java.base/java.util.stream.ReferencePipeline.forEach(ReferencePipeline.java:497)
	at org.junit.jupiter.engine.descriptor.TestTemplateTestDescriptor.execute(TestTemplateTestDescriptor.java:107)
	at org.junit.jupiter.engine.descriptor.TestTemplateTestDescriptor.execute(TestTemplateTestDescriptor.java:42)
	at org.junit.platform.engine.support.hierarchical.NodeTestTask.lambda$executeRecursively$6(NodeTestTask.java:151)
	at org.junit.platform.engine.support.hierarchical.ThrowableCollector.execute(ThrowableCollector.java:73)
	at org.junit.platform.engine.support.hierarchical.NodeTestTask.lambda$executeRecursively$8(NodeTestTask.java:141)
	at org.junit.platform.engine.support.hierarchical.Node.around(Node.java:137)
	at org.junit.platform.engine.support.hierarchical.NodeTestTask.lambda$executeRecursively$9(NodeTestTask.java:139)
	at org.junit.platform.engine.support.hierarchical.ThrowableCollector.execute(ThrowableCollector.java:73)
	at org.junit.platform.engine.support.hierarchical.NodeTestTask.executeRecursively(NodeTestTask.java:138)
	at org.junit.platform.engine.support.hierarchical.NodeTestTask.execute(NodeTestTask.java:95)
	at java.base/java.util.ArrayList.forEach(ArrayList.java:1541)
	at org.junit.platform.engine.support.hierarchical.SameThreadHierarchicalTestExecutorService.invokeAll(SameThreadHierarchicalTestExecutorService.java:41)
	at org.junit.platform.engine.support.hierarchical.NodeTestTask.lambda$executeRecursively$6(NodeTestTask.java:155)
	at org.junit.platform.engine.support.hierarchical.ThrowableCollector.execute(ThrowableCollector.java:73)
	at org.junit.platform.engine.support.hierarchical.NodeTestTask.lambda$executeRecursively$8(NodeTestTask.java:141)
	at org.junit.platform.engine.support.hierarchical.Node.around(Node.java:137)
	at org.junit.platform.engine.support.hierarchical.NodeTestTask.lambda$executeRecursively$9(NodeTestTask.java:139)
	at org.junit.platform.engine.support.hierarchical.ThrowableCollector.execute(ThrowableCollector.java:73)
	at org.junit.platform.engine.support.hierarchical.NodeTestTask.executeRecursively(NodeTestTask.java:138)
	at org.junit.platform.engine.support.hierarchical.NodeTestTask.execute(NodeTestTask.java:95)
	at java.base/java.util.ArrayList.forEach(ArrayList.java:1541)
	at org.junit.platform.engine.support.hierarchical.SameThreadHierarchicalTestExecutorService.invokeAll(SameThreadHierarchicalTestExecutorService.java:41)
	at org.junit.platform.engine.support.hierarchical.NodeTestTask.lambda$executeRecursively$6(NodeTestTask.java:155)
	at org.junit.platform.engine.support.hierarchical.ThrowableCollector.execute(ThrowableCollector.java:73)
	at org.junit.platform.engine.support.hierarchical.NodeTestTask.lambda$executeRecursively$8(NodeTestTask.java:141)
	at org.junit.platform.engine.support.hierarchical.Node.around(Node.java:137)
	at org.junit.platform.engine.support.hierarchical.NodeTestTask.lambda$executeRecursively$9(NodeTestTask.java:139)
	at org.junit.platform.engine.support.hierarchical.ThrowableCollector.execute(ThrowableCollector.java:73)
	at org.junit.platform.engine.support.hierarchical.NodeTestTask.executeRecursively(NodeTestTask.java:138)
	at org.junit.platform.engine.support.hierarchical.NodeTestTask.execute(NodeTestTask.java:95)
	at org.junit.platform.engine.support.hierarchical.SameThreadHierarchicalTestExecutorService.submit(SameThreadHierarchicalTestExecutorService.java:35)
	at org.junit.platform.engine.support.hierarchical.HierarchicalTestExecutor.execute(HierarchicalTestExecutor.java:57)
	at org.junit.platform.engine.support.hierarchical.HierarchicalTestEngine.execute(HierarchicalTestEngine.java:54)
	at org.junit.platform.launcher.core.DefaultLauncher.execute(DefaultLauncher.java:220)
	at org.junit.platform.launcher.core.DefaultLauncher.lambda$execute$6(DefaultLauncher.java:188)
	at org.junit.platform.launcher.core.DefaultLauncher.withInterceptedStreams(DefaultLauncher.java:202)
	at org.junit.platform.launcher.core.DefaultLauncher.execute(DefaultLauncher.java:181)
	at org.junit.platform.launcher.core.DefaultLauncher.execute(DefaultLauncher.java:128)
	at org.apache.maven.surefire.junitplatform.JUnitPlatformProvider.invokeAllTests(JUnitPlatformProvider.java:150)
	at org.apache.maven.surefire.junitplatform.JUnitPlatformProvider.invoke(JUnitPlatformProvider.java:124)
	at org.apache.maven.surefire.booter.ForkedBooter.invokeProviderInSameClassLoader(ForkedBooter.java:384)
	at org.apache.maven.surefire.booter.ForkedBooter.runSuitesInProcess(ForkedBooter.java:345)
	at org.apache.maven.surefire.booter.ForkedBooter.execute(ForkedBooter.java:126)
	at org.apache.maven.surefire.booter.ForkedBooter.main(ForkedBooter.java:418)
Caused by: com.mongodb.MongoWriteException: Write operation error on server ac-ggf694n-shard-00-02.1q4yqcd.mongodb.net:27017. Write error: WriteError{code=11000, message='E11000 duplicate key error collection: journaldb.Users index: username dup key: { username: "hiiii" }', details={}}.
	at com.mongodb.client.internal.MongoCollectionImpl.executeSingleWriteRequest(MongoCollectionImpl.java:1018)
	at com.mongodb.client.internal.MongoCollectionImpl.executeInsertOne(MongoCollectionImpl.java:471)
	at com.mongodb.client.internal.MongoCollectionImpl.insertOne(MongoCollectionImpl.java:454)
	at com.mongodb.client.internal.MongoCollectionImpl.insertOne(MongoCollectionImpl.java:448)
	at org.springframework.data.mongodb.core.MongoTemplate.lambda$insertDocument$15(MongoTemplate.java:1536)
	at org.springframework.data.mongodb.core.MongoTemplate.execute(MongoTemplate.java:579)
	... 135 common frames omitted
26-05-15 19:41:28.501 [main] INFO  n.e.journalApp.JournalApplication - Starting JournalApplication using Java 11.0.31 on LAPTOP-4IL5G33D with PID 8956 (C:\Users\SIDDHU\OneDrive\Desktop\journalapp\journalApp\target\classes started by SIDDHU in C:\Users\SIDDHU\OneDrive\Desktop\journalapp\journalApp)
26-05-15 19:41:28.507 [main] INFO  n.e.journalApp.JournalApplication - The following 1 profile is active: "dev"
26-05-15 19:41:29.431 [main] INFO  o.s.d.r.c.RepositoryConfigurationDelegate - Bootstrapping Spring Data MongoDB repositories in DEFAULT mode.
26-05-15 19:41:29.517 [main] INFO  o.s.d.r.c.RepositoryConfigurationDelegate - Finished Spring Data repository scanning in 80 ms. Found 2 MongoDB repository interfaces.
26-05-15 19:41:31.270 [main] INFO  o.s.b.w.e.tomcat.TomcatWebServer - Tomcat initialized with port(s): 8082 (http)
26-05-15 19:41:31.281 [main] INFO  o.a.coyote.http11.Http11NioProtocol - Initializing ProtocolHandler ["http-nio-8082"]
26-05-15 19:41:31.286 [main] INFO  o.a.catalina.core.StandardService - Starting service [Tomcat]
26-05-15 19:41:31.286 [main] INFO  o.a.catalina.core.StandardEngine - Starting Servlet engine: [Apache Tomcat/9.0.80]
26-05-15 19:41:31.529 [main] INFO  o.a.c.c.C.[.[.[/journalapp] - Initializing Spring embedded WebApplicationContext
26-05-15 19:41:31.530 [main] INFO  o.s.b.w.s.c.ServletWebServerApplicationContext - Root WebApplicationContext: initialization completed in 2933 ms
26-05-15 19:41:31.967 [cluster-ClusterId{value='6a072993bae4b161baaba42b', description='null'}-srv-cluster0.1q4yqcd.mongodb.net] INFO  org.mongodb.driver.cluster - Adding discovered server ac-ggf694n-shard-00-01.1q4yqcd.mongodb.net:27017 to client view of cluster
26-05-15 19:41:31.973 [main] INFO  org.mongodb.driver.client - MongoClient with metadata {"driver": {"name": "mongo-java-driver|sync|spring-boot", "version": "4.6.1"}, "os": {"type": "Windows", "name": "Windows 11", "architecture": "amd64", "version": "10.0"}, "platform": "Java/Microsoft/11.0.31+11-LTS", "application": {"name": "Cluster0"}} created with settings MongoClientSettings{readPreference=primary, writeConcern=WriteConcern{w=null, wTimeout=null ms, journal=null}, retryWrites=true, retryReads=true, readConcern=ReadConcern{level=null}, credential=MongoCredential{mechanism=null, userName='banusiddharth35_db_user', source='admin', password=<hidden>, mechanismProperties=<hidden>}, streamFactoryFactory=null, commandListeners=[], codecRegistry=ProvidersCodecRegistry{codecProviders=[ValueCodecProvider{}, BsonValueCodecProvider{}, DBRefCodecProvider{}, DBObjectCodecProvider{}, DocumentCodecProvider{}, IterableCodecProvider{}, MapCodecProvider{}, GeoJsonCodecProvider{}, GridFSFileCodecProvider{}, Jsr310CodecProvider{}, JsonObjectCodecProvider{}, BsonCodecProvider{}, EnumCodecProvider{}, com.mongodb.Jep395RecordCodecProvider@539a138b]}, clusterSettings={hosts=[127.0.0.1:27017], srvHost=cluster0.1q4yqcd.mongodb.net, srvServiceName=mongodb, mode=MULTIPLE, requiredClusterType=REPLICA_SET, requiredReplicaSetName='atlas-mizxxc-shard-0', serverSelector='null', clusterListeners='[]', serverSelectionTimeout='30000 ms', localThreshold='30000 ms'}, socketSettings=SocketSettings{connectTimeoutMS=10000, readTimeoutMS=0, receiveBufferSize=0, sendBufferSize=0}, heartbeatSocketSettings=SocketSettings{connectTimeoutMS=10000, readTimeoutMS=10000, receiveBufferSize=0, sendBufferSize=0}, connectionPoolSettings=ConnectionPoolSettings{maxSize=100, minSize=0, maxWaitTimeMS=120000, maxConnectionLifeTimeMS=0, maxConnectionIdleTimeMS=0, maintenanceInitialDelayMS=0, maintenanceFrequencyMS=60000, connectionPoolListeners=[], maxConnecting=2}, serverSettings=ServerSettings{heartbeatFrequencyMS=10000, minHeartbeatFrequencyMS=500, serverListeners='[]', serverMonitorListeners='[]'}, sslSettings=SslSettings{enabled=true, invalidHostNameAllowed=false, context=null}, applicationName='Cluster0', compressorList=[], uuidRepresentation=JAVA_LEGACY, serverApi=null, autoEncryptionSettings=null, contextProvider=null}
26-05-15 19:41:31.997 [cluster-ClusterId{value='6a072993bae4b161baaba42b', description='null'}-srv-cluster0.1q4yqcd.mongodb.net] INFO  org.mongodb.driver.cluster - Adding discovered server ac-ggf694n-shard-00-00.1q4yqcd.mongodb.net:27017 to client view of cluster
26-05-15 19:41:31.998 [cluster-ClusterId{value='6a072993bae4b161baaba42b', description='null'}-srv-cluster0.1q4yqcd.mongodb.net] INFO  org.mongodb.driver.cluster - Adding discovered server ac-ggf694n-shard-00-02.1q4yqcd.mongodb.net:27017 to client view of cluster
26-05-15 19:41:32.397 [main] INFO  org.mongodb.driver.cluster - No server chosen by com.mongodb.client.internal.MongoClientDelegate$1@18d11527 from cluster description ClusterDescription{type=REPLICA_SET, connectionMode=MULTIPLE, serverDescriptions=[ServerDescription{address=ac-ggf694n-shard-00-00.1q4yqcd.mongodb.net:27017, type=UNKNOWN, state=CONNECTING}, ServerDescription{address=ac-ggf694n-shard-00-02.1q4yqcd.mongodb.net:27017, type=UNKNOWN, state=CONNECTING}, ServerDescription{address=ac-ggf694n-shard-00-01.1q4yqcd.mongodb.net:27017, type=UNKNOWN, state=CONNECTING}]}. Waiting for 30000 ms before timing out
26-05-15 19:41:32.734 [cluster-ClusterId{value='6a072993bae4b161baaba42b', description='null'}-ac-ggf694n-shard-00-02.1q4yqcd.mongodb.net:27017] INFO  org.mongodb.driver.connection - Opened connection [connectionId{localValue:5, serverValue:186944}] to ac-ggf694n-shard-00-02.1q4yqcd.mongodb.net:27017
26-05-15 19:41:32.734 [cluster-rtt-ClusterId{value='6a072993bae4b161baaba42b', description='null'}-ac-ggf694n-shard-00-00.1q4yqcd.mongodb.net:27017] INFO  org.mongodb.driver.connection - Opened connection [connectionId{localValue:4, serverValue:161589}] to ac-ggf694n-shard-00-00.1q4yqcd.mongodb.net:27017
26-05-15 19:41:32.734 [cluster-rtt-ClusterId{value='6a072993bae4b161baaba42b', description='null'}-ac-ggf694n-shard-00-02.1q4yqcd.mongodb.net:27017] INFO  org.mongodb.driver.connection - Opened connection [connectionId{localValue:6, serverValue:186944}] to ac-ggf694n-shard-00-02.1q4yqcd.mongodb.net:27017
26-05-15 19:41:32.734 [cluster-ClusterId{value='6a072993bae4b161baaba42b', description='null'}-ac-ggf694n-shard-00-01.1q4yqcd.mongodb.net:27017] INFO  org.mongodb.driver.connection - Opened connection [connectionId{localValue:1, serverValue:155189}] to ac-ggf694n-shard-00-01.1q4yqcd.mongodb.net:27017
26-05-15 19:41:32.734 [cluster-rtt-ClusterId{value='6a072993bae4b161baaba42b', description='null'}-ac-ggf694n-shard-00-01.1q4yqcd.mongodb.net:27017] INFO  org.mongodb.driver.connection - Opened connection [connectionId{localValue:3, serverValue:155189}] to ac-ggf694n-shard-00-01.1q4yqcd.mongodb.net:27017
26-05-15 19:41:32.734 [cluster-ClusterId{value='6a072993bae4b161baaba42b', description='null'}-ac-ggf694n-shard-00-00.1q4yqcd.mongodb.net:27017] INFO  org.mongodb.driver.connection - Opened connection [connectionId{localValue:2, serverValue:161589}] to ac-ggf694n-shard-00-00.1q4yqcd.mongodb.net:27017
26-05-15 19:41:32.740 [cluster-ClusterId{value='6a072993bae4b161baaba42b', description='null'}-ac-ggf694n-shard-00-02.1q4yqcd.mongodb.net:27017] INFO  org.mongodb.driver.cluster - Monitor thread successfully connected to server with description ServerDescription{address=ac-ggf694n-shard-00-02.1q4yqcd.mongodb.net:27017, type=REPLICA_SET_PRIMARY, state=CONNECTED, ok=true, minWireVersion=0, maxWireVersion=25, maxDocumentSize=16777216, logicalSessionTimeoutMinutes=30, roundTripTimeNanos=415527400, setName='atlas-mizxxc-shard-0', canonicalAddress=ac-ggf694n-shard-00-02.1q4yqcd.mongodb.net:27017, hosts=[ac-ggf694n-shard-00-02.1q4yqcd.mongodb.net:27017, ac-ggf694n-shard-00-00.1q4yqcd.mongodb.net:27017, ac-ggf694n-shard-00-01.1q4yqcd.mongodb.net:27017], passives=[], arbiters=[], primary='ac-ggf694n-shard-00-02.1q4yqcd.mongodb.net:27017', tagSet=TagSet{[Tag{name='availabilityZone', value='aps1-az2'}, Tag{name='cacheState', value='READY'}, Tag{name='diskState', value='READY'}, Tag{name='nodeType', value='ELECTABLE'}, Tag{name='provider', value='AWS'}, Tag{name='region', value='AP_SOUTH_1'}, Tag{name='workloadType', value='OPERATIONAL'}]}, electionId=7fffffff0000000000000109, setVersion=263, topologyVersion=TopologyVersion{processId=6a038c3ee6a08c3e351f731e, counter=6}, lastWriteDate=Fri May 15 19:41:33 IST 2026, lastUpdateTimeNanos=4148564705800}
26-05-15 19:41:32.740 [cluster-ClusterId{value='6a072993bae4b161baaba42b', description='null'}-ac-ggf694n-shard-00-00.1q4yqcd.mongodb.net:27017] INFO  org.mongodb.driver.cluster - Monitor thread successfully connected to server with description ServerDescription{address=ac-ggf694n-shard-00-00.1q4yqcd.mongodb.net:27017, type=REPLICA_SET_SECONDARY, state=CONNECTED, ok=true, minWireVersion=0, maxWireVersion=25, maxDocumentSize=16777216, logicalSessionTimeoutMinutes=30, roundTripTimeNanos=415356600, setName='atlas-mizxxc-shard-0', canonicalAddress=ac-ggf694n-shard-00-00.1q4yqcd.mongodb.net:27017, hosts=[ac-ggf694n-shard-00-02.1q4yqcd.mongodb.net:27017, ac-ggf694n-shard-00-00.1q4yqcd.mongodb.net:27017, ac-ggf694n-shard-00-01.1q4yqcd.mongodb.net:27017], passives=[], arbiters=[], primary='ac-ggf694n-shard-00-02.1q4yqcd.mongodb.net:27017', tagSet=TagSet{[Tag{name='availabilityZone', value='aps1-az1'}, Tag{name='cacheState', value='READY'}, Tag{name='diskState', value='READY'}, Tag{name='nodeType', value='ELECTABLE'}, Tag{name='provider', value='AWS'}, Tag{name='region', value='AP_SOUTH_1'}, Tag{name='workloadType', value='OPERATIONAL'}]}, electionId=null, setVersion=263, topologyVersion=TopologyVersion{processId=6a0389a4b348ff17f5109be7, counter=4}, lastWriteDate=Fri May 15 19:41:33 IST 2026, lastUpdateTimeNanos=4148564705699}
26-05-15 19:41:32.741 [cluster-ClusterId{value='6a072993bae4b161baaba42b', description='null'}-ac-ggf694n-shard-00-01.1q4yqcd.mongodb.net:27017] INFO  org.mongodb.driver.cluster - Monitor thread successfully connected to server with description ServerDescription{address=ac-ggf694n-shard-00-01.1q4yqcd.mongodb.net:27017, type=REPLICA_SET_SECONDARY, state=CONNECTED, ok=true, minWireVersion=0, maxWireVersion=25, maxDocumentSize=16777216, logicalSessionTimeoutMinutes=30, roundTripTimeNanos=415526301, setName='atlas-mizxxc-shard-0', canonicalAddress=ac-ggf694n-shard-00-01.1q4yqcd.mongodb.net:27017, hosts=[ac-ggf694n-shard-00-02.1q4yqcd.mongodb.net:27017, ac-ggf694n-shard-00-00.1q4yqcd.mongodb.net:27017, ac-ggf694n-shard-00-01.1q4yqcd.mongodb.net:27017], passives=[], arbiters=[], primary='ac-ggf694n-shard-00-02.1q4yqcd.mongodb.net:27017', tagSet=TagSet{[Tag{name='availabilityZone', value='aps1-az3'}, Tag{name='cacheState', value='READY'}, Tag{name='diskState', value='READY'}, Tag{name='nodeType', value='ELECTABLE'}, Tag{name='provider', value='AWS'}, Tag{name='region', value='AP_SOUTH_1'}, Tag{name='workloadType', value='OPERATIONAL'}]}, electionId=null, setVersion=263, topologyVersion=TopologyVersion{processId=6a038efd653979f40b80b441, counter=3}, lastWriteDate=Fri May 15 19:41:33 IST 2026, lastUpdateTimeNanos=4148564705800}
26-05-15 19:41:32.745 [cluster-ClusterId{value='6a072993bae4b161baaba42b', description='null'}-ac-ggf694n-shard-00-02.1q4yqcd.mongodb.net:27017] INFO  org.mongodb.driver.cluster - Setting max election id to 7fffffff0000000000000109 from replica set primary ac-ggf694n-shard-00-02.1q4yqcd.mongodb.net:27017
26-05-15 19:41:32.746 [cluster-ClusterId{value='6a072993bae4b161baaba42b', description='null'}-ac-ggf694n-shard-00-02.1q4yqcd.mongodb.net:27017] INFO  org.mongodb.driver.cluster - Setting max set version to 263 from replica set primary ac-ggf694n-shard-00-02.1q4yqcd.mongodb.net:27017
26-05-15 19:41:32.746 [cluster-ClusterId{value='6a072993bae4b161baaba42b', description='null'}-ac-ggf694n-shard-00-02.1q4yqcd.mongodb.net:27017] INFO  org.mongodb.driver.cluster - Discovered replica set primary ac-ggf694n-shard-00-02.1q4yqcd.mongodb.net:27017
26-05-15 19:41:32.950 [main] INFO  org.mongodb.driver.connection - Opened connection [connectionId{localValue:7, serverValue:187041}] to ac-ggf694n-shard-00-02.1q4yqcd.mongodb.net:27017
26-05-15 19:41:33.450 [main] INFO  o.s.s.web.DefaultSecurityFilterChain - Will secure any request with [org.springframework.security.web.session.DisableEncodeUrlFilter@7b8ea1db, org.springframework.security.web.context.request.async.WebAsyncManagerIntegrationFilter@a91119b, org.springframework.security.web.context.SecurityContextPersistenceFilter@6f50d55c, org.springframework.security.web.header.HeaderWriterFilter@7d59e968, org.springframework.security.web.authentication.logout.LogoutFilter@2b999ee8, org.springframework.security.web.authentication.www.BasicAuthenticationFilter@69a5c6be, org.springframework.security.web.savedrequest.RequestCacheAwareFilter@5fb3111a, org.springframework.security.web.servletapi.SecurityContextHolderAwareRequestFilter@26da1ba2, org.springframework.security.web.authentication.AnonymousAuthenticationFilter@77083e41, org.springframework.security.web.session.SessionManagementFilter@4f3356c0, org.springframework.security.web.access.ExceptionTranslationFilter@2b6fb197, org.springframework.security.web.access.intercept.FilterSecurityInterceptor@743c3520]
26-05-15 19:41:33.881 [main] INFO  o.s.b.w.e.tomcat.TomcatWebServer - Tomcat started on port(s): 8082 (http) with context path '/journalapp'
26-05-15 19:41:33.897 [main] INFO  n.e.journalApp.JournalApplication - Started JournalApplication in 6.097 seconds (JVM running for 7.122)
26-05-15 19:42:06.537 [main] INFO  o.s.b.t.c.SpringBootTestContextBootstrapper - Neither @ContextConfiguration nor @ContextHierarchy found for test class [net.engineeringdigest.journalApp.JournalApplicationTests], using SpringBootContextLoader
26-05-15 19:42:06.550 [main] INFO  o.s.t.c.s.AbstractContextLoader - Could not detect default resource locations for test class [net.engineeringdigest.journalApp.JournalApplicationTests]: no resource found for suffixes {-context.xml, Context.groovy}.
26-05-15 19:42:06.551 [main] INFO  o.s.t.c.s.AnnotationConfigContextLoaderUtils - Could not detect default configuration classes for test class [net.engineeringdigest.journalApp.JournalApplicationTests]: JournalApplicationTests does not declare any static, non-private, non-final, nested classes annotated with @Configuration.
26-05-15 19:42:06.761 [main] INFO  o.s.b.t.c.SpringBootTestContextBootstrapper - Found @SpringBootConfiguration net.engineeringdigest.journalApp.JournalApplication for test class net.engineeringdigest.journalApp.JournalApplicationTests
26-05-15 19:42:07.015 [main] INFO  o.s.b.t.c.SpringBootTestContextBootstrapper - Loaded default TestExecutionListener class names from location [META-INF/spring.factories]: [org.springframework.boot.test.mock.mockito.MockitoTestExecutionListener, org.springframework.boot.test.mock.mockito.ResetMocksTestExecutionListener, org.springframework.boot.test.autoconfigure.restdocs.RestDocsTestExecutionListener, org.springframework.boot.test.autoconfigure.web.client.MockRestServiceServerResetTestExecutionListener, org.springframework.boot.test.autoconfigure.web.servlet.MockMvcPrintOnlyOnFailureTestExecutionListener, org.springframework.boot.test.autoconfigure.web.servlet.WebDriverTestExecutionListener, org.springframework.boot.test.autoconfigure.webservices.client.MockWebServiceServerTestExecutionListener, org.springframework.test.context.web.ServletTestExecutionListener, org.springframework.test.context.support.DirtiesContextBeforeModesTestExecutionListener, org.springframework.test.context.event.ApplicationEventsTestExecutionListener, org.springframework.test.context.support.DependencyInjectionTestExecutionListener, org.springframework.test.context.support.DirtiesContextTestExecutionListener, org.springframework.test.context.transaction.TransactionalTestExecutionListener, org.springframework.test.context.jdbc.SqlScriptsTestExecutionListener, org.springframework.test.context.event.EventPublishingTestExecutionListener]
26-05-15 19:42:07.088 [main] INFO  o.s.b.t.c.SpringBootTestContextBootstrapper - Using TestExecutionListeners: [org.springframework.test.context.web.ServletTestExecutionListener@751d3241, org.springframework.test.context.support.DirtiesContextBeforeModesTestExecutionListener@76c7beb3, org.springframework.test.context.event.ApplicationEventsTestExecutionListener@64337702, org.springframework.boot.test.mock.mockito.MockitoTestExecutionListener@2cf92cc7, org.springframework.boot.test.autoconfigure.SpringBootDependencyInjectionTestExecutionListener@30ea8c23, org.springframework.test.context.support.DirtiesContextTestExecutionListener@7b139eab, org.springframework.test.context.transaction.TransactionalTestExecutionListener@4e76dac, org.springframework.test.context.jdbc.SqlScriptsTestExecutionListener@611df6e3, org.springframework.test.context.event.EventPublishingTestExecutionListener@5f2f577, org.springframework.boot.test.mock.mockito.ResetMocksTestExecutionListener@6273c5a4, org.springframework.boot.test.autoconfigure.restdocs.RestDocsTestExecutionListener@5d465e4b, org.springframework.boot.test.autoconfigure.web.client.MockRestServiceServerResetTestExecutionListener@53e211ee, org.springframework.boot.test.autoconfigure.web.servlet.MockMvcPrintOnlyOnFailureTestExecutionListener@41a90fa8, org.springframework.boot.test.autoconfigure.web.servlet.WebDriverTestExecutionListener@3d8bbcdc, org.springframework.boot.test.autoconfigure.webservices.client.MockWebServiceServerTestExecutionListener@52500920]
26-05-15 19:42:07.915 [main] INFO  n.e.j.JournalApplicationTests - Starting JournalApplicationTests using Java 11.0.31 on LAPTOP-4IL5G33D with PID 24016 (started by SIDDHU in C:\Users\SIDDHU\OneDrive\Desktop\journalapp\journalApp)
26-05-15 19:42:07.917 [main] INFO  n.e.j.JournalApplicationTests - The following 1 profile is active: "dev"
26-05-15 19:42:09.315 [main] INFO  o.s.d.r.c.RepositoryConfigurationDelegate - Bootstrapping Spring Data MongoDB repositories in DEFAULT mode.
26-05-15 19:42:09.484 [main] INFO  o.s.d.r.c.RepositoryConfigurationDelegate - Finished Spring Data repository scanning in 155 ms. Found 2 MongoDB repository interfaces.
26-05-15 19:42:12.164 [cluster-ClusterId{value='6a0729bc1cc0e806943f7380', description='null'}-srv-cluster0.1q4yqcd.mongodb.net] INFO  org.mongodb.driver.cluster - Adding discovered server ac-ggf694n-shard-00-01.1q4yqcd.mongodb.net:27017 to client view of cluster
26-05-15 19:42:12.185 [main] INFO  org.mongodb.driver.client - MongoClient with metadata {"driver": {"name": "mongo-java-driver|sync|spring-boot", "version": "4.6.1"}, "os": {"type": "Windows", "name": "Windows 11", "architecture": "amd64", "version": "10.0"}, "platform": "Java/Eclipse Adoptium/11.0.31+11", "application": {"name": "Cluster0"}} created with settings MongoClientSettings{readPreference=primary, writeConcern=WriteConcern{w=null, wTimeout=null ms, journal=null}, retryWrites=true, retryReads=true, readConcern=ReadConcern{level=null}, credential=MongoCredential{mechanism=null, userName='banusiddharth35_db_user', source='admin', password=<hidden>, mechanismProperties=<hidden>}, streamFactoryFactory=null, commandListeners=[], codecRegistry=ProvidersCodecRegistry{codecProviders=[ValueCodecProvider{}, BsonValueCodecProvider{}, DBRefCodecProvider{}, DBObjectCodecProvider{}, DocumentCodecProvider{}, IterableCodecProvider{}, MapCodecProvider{}, GeoJsonCodecProvider{}, GridFSFileCodecProvider{}, Jsr310CodecProvider{}, JsonObjectCodecProvider{}, BsonCodecProvider{}, EnumCodecProvider{}, com.mongodb.Jep395RecordCodecProvider@d13960e]}, clusterSettings={hosts=[127.0.0.1:27017], srvHost=cluster0.1q4yqcd.mongodb.net, srvServiceName=mongodb, mode=MULTIPLE, requiredClusterType=REPLICA_SET, requiredReplicaSetName='atlas-mizxxc-shard-0', serverSelector='null', clusterListeners='[]', serverSelectionTimeout='30000 ms', localThreshold='30000 ms'}, socketSettings=SocketSettings{connectTimeoutMS=10000, readTimeoutMS=0, receiveBufferSize=0, sendBufferSize=0}, heartbeatSocketSettings=SocketSettings{connectTimeoutMS=10000, readTimeoutMS=10000, receiveBufferSize=0, sendBufferSize=0}, connectionPoolSettings=ConnectionPoolSettings{maxSize=100, minSize=0, maxWaitTimeMS=120000, maxConnectionLifeTimeMS=0, maxConnectionIdleTimeMS=0, maintenanceInitialDelayMS=0, maintenanceFrequencyMS=60000, connectionPoolListeners=[], maxConnecting=2}, serverSettings=ServerSettings{heartbeatFrequencyMS=10000, minHeartbeatFrequencyMS=500, serverListeners='[]', serverMonitorListeners='[]'}, sslSettings=SslSettings{enabled=true, invalidHostNameAllowed=false, context=null}, applicationName='Cluster0', compressorList=[], uuidRepresentation=JAVA_LEGACY, serverApi=null, autoEncryptionSettings=null, contextProvider=null}
26-05-15 19:42:12.227 [cluster-ClusterId{value='6a0729bc1cc0e806943f7380', description='null'}-srv-cluster0.1q4yqcd.mongodb.net] INFO  org.mongodb.driver.cluster - Adding discovered server ac-ggf694n-shard-00-00.1q4yqcd.mongodb.net:27017 to client view of cluster
26-05-15 19:42:12.231 [cluster-ClusterId{value='6a0729bc1cc0e806943f7380', description='null'}-srv-cluster0.1q4yqcd.mongodb.net] INFO  org.mongodb.driver.cluster - Adding discovered server ac-ggf694n-shard-00-02.1q4yqcd.mongodb.net:27017 to client view of cluster
26-05-15 19:42:13.143 [main] INFO  org.mongodb.driver.cluster - No server chosen by com.mongodb.client.internal.MongoClientDelegate$1@16cb9989 from cluster description ClusterDescription{type=REPLICA_SET, connectionMode=MULTIPLE, serverDescriptions=[ServerDescription{address=ac-ggf694n-shard-00-00.1q4yqcd.mongodb.net:27017, type=UNKNOWN, state=CONNECTING}, ServerDescription{address=ac-ggf694n-shard-00-02.1q4yqcd.mongodb.net:27017, type=UNKNOWN, state=CONNECTING}, ServerDescription{address=ac-ggf694n-shard-00-01.1q4yqcd.mongodb.net:27017, type=UNKNOWN, state=CONNECTING}]}. Waiting for 30000 ms before timing out
26-05-15 19:42:13.159 [cluster-rtt-ClusterId{value='6a0729bc1cc0e806943f7380', description='null'}-ac-ggf694n-shard-00-01.1q4yqcd.mongodb.net:27017] INFO  org.mongodb.driver.connection - Opened connection [connectionId{localValue:5, serverValue:155188}] to ac-ggf694n-shard-00-01.1q4yqcd.mongodb.net:27017
26-05-15 19:42:13.159 [cluster-rtt-ClusterId{value='6a0729bc1cc0e806943f7380', description='null'}-ac-ggf694n-shard-00-02.1q4yqcd.mongodb.net:27017] INFO  org.mongodb.driver.connection - Opened connection [connectionId{localValue:1, serverValue:186987}] to ac-ggf694n-shard-00-02.1q4yqcd.mongodb.net:27017
26-05-15 19:42:13.159 [cluster-ClusterId{value='6a0729bc1cc0e806943f7380', description='null'}-ac-ggf694n-shard-00-01.1q4yqcd.mongodb.net:27017] INFO  org.mongodb.driver.connection - Opened connection [connectionId{localValue:3, serverValue:155188}] to ac-ggf694n-shard-00-01.1q4yqcd.mongodb.net:27017
26-05-15 19:42:13.159 [cluster-ClusterId{value='6a0729bc1cc0e806943f7380', description='null'}-ac-ggf694n-shard-00-00.1q4yqcd.mongodb.net:27017] INFO  org.mongodb.driver.connection - Opened connection [connectionId{localValue:6, serverValue:161631}] to ac-ggf694n-shard-00-00.1q4yqcd.mongodb.net:27017
26-05-15 19:42:13.159 [cluster-rtt-ClusterId{value='6a0729bc1cc0e806943f7380', description='null'}-ac-ggf694n-shard-00-00.1q4yqcd.mongodb.net:27017] INFO  org.mongodb.driver.connection - Opened connection [connectionId{localValue:4, serverValue:161631}] to ac-ggf694n-shard-00-00.1q4yqcd.mongodb.net:27017
26-05-15 19:42:13.159 [cluster-ClusterId{value='6a0729bc1cc0e806943f7380', description='null'}-ac-ggf694n-shard-00-02.1q4yqcd.mongodb.net:27017] INFO  org.mongodb.driver.connection - Opened connection [connectionId{localValue:2, serverValue:186987}] to ac-ggf694n-shard-00-02.1q4yqcd.mongodb.net:27017
26-05-15 19:42:13.190 [cluster-ClusterId{value='6a0729bc1cc0e806943f7380', description='null'}-ac-ggf694n-shard-00-00.1q4yqcd.mongodb.net:27017] INFO  org.mongodb.driver.cluster - Monitor thread successfully connected to server with description ServerDescription{address=ac-ggf694n-shard-00-00.1q4yqcd.mongodb.net:27017, type=REPLICA_SET_SECONDARY, state=CONNECTED, ok=true, minWireVersion=0, maxWireVersion=25, maxDocumentSize=16777216, logicalSessionTimeoutMinutes=30, roundTripTimeNanos=547981300, setName='atlas-mizxxc-shard-0', canonicalAddress=ac-ggf694n-shard-00-00.1q4yqcd.mongodb.net:27017, hosts=[ac-ggf694n-shard-00-02.1q4yqcd.mongodb.net:27017, ac-ggf694n-shard-00-00.1q4yqcd.mongodb.net:27017, ac-ggf694n-shard-00-01.1q4yqcd.mongodb.net:27017], passives=[], arbiters=[], primary='ac-ggf694n-shard-00-02.1q4yqcd.mongodb.net:27017', tagSet=TagSet{[Tag{name='availabilityZone', value='aps1-az1'}, Tag{name='cacheState', value='READY'}, Tag{name='diskState', value='READY'}, Tag{name='nodeType', value='ELECTABLE'}, Tag{name='provider', value='AWS'}, Tag{name='region', value='AP_SOUTH_1'}, Tag{name='workloadType', value='OPERATIONAL'}]}, electionId=null, setVersion=263, topologyVersion=TopologyVersion{processId=6a0389a4b348ff17f5109be7, counter=4}, lastWriteDate=Fri May 15 19:42:13 IST 2026, lastUpdateTimeNanos=4188988255300}
26-05-15 19:42:13.190 [cluster-ClusterId{value='6a0729bc1cc0e806943f7380', description='null'}-ac-ggf694n-shard-00-02.1q4yqcd.mongodb.net:27017] INFO  org.mongodb.driver.cluster - Monitor thread successfully connected to server with description ServerDescription{address=ac-ggf694n-shard-00-02.1q4yqcd.mongodb.net:27017, type=REPLICA_SET_PRIMARY, state=CONNECTED, ok=true, minWireVersion=0, maxWireVersion=25, maxDocumentSize=16777216, logicalSessionTimeoutMinutes=30, roundTripTimeNanos=545907200, setName='atlas-mizxxc-shard-0', canonicalAddress=ac-ggf694n-shard-00-02.1q4yqcd.mongodb.net:27017, hosts=[ac-ggf694n-shard-00-02.1q4yqcd.mongodb.net:27017, ac-ggf694n-shard-00-00.1q4yqcd.mongodb.net:27017, ac-ggf694n-shard-00-01.1q4yqcd.mongodb.net:27017], passives=[], arbiters=[], primary='ac-ggf694n-shard-00-02.1q4yqcd.mongodb.net:27017', tagSet=TagSet{[Tag{name='availabilityZone', value='aps1-az2'}, Tag{name='cacheState', value='READY'}, Tag{name='diskState', value='READY'}, Tag{name='nodeType', value='ELECTABLE'}, Tag{name='provider', value='AWS'}, Tag{name='region', value='AP_SOUTH_1'}, Tag{name='workloadType', value='OPERATIONAL'}]}, electionId=7fffffff0000000000000109, setVersion=263, topologyVersion=TopologyVersion{processId=6a038c3ee6a08c3e351f731e, counter=6}, lastWriteDate=Fri May 15 19:42:13 IST 2026, lastUpdateTimeNanos=4188988211699}
26-05-15 19:42:13.190 [cluster-ClusterId{value='6a0729bc1cc0e806943f7380', description='null'}-ac-ggf694n-shard-00-01.1q4yqcd.mongodb.net:27017] INFO  org.mongodb.driver.cluster - Monitor thread successfully connected to server with description ServerDescription{address=ac-ggf694n-shard-00-01.1q4yqcd.mongodb.net:27017, type=REPLICA_SET_SECONDARY, state=CONNECTED, ok=true, minWireVersion=0, maxWireVersion=25, maxDocumentSize=16777216, logicalSessionTimeoutMinutes=30, roundTripTimeNanos=548186700, setName='atlas-mizxxc-shard-0', canonicalAddress=ac-ggf694n-shard-00-01.1q4yqcd.mongodb.net:27017, hosts=[ac-ggf694n-shard-00-02.1q4yqcd.mongodb.net:27017, ac-ggf694n-shard-00-00.1q4yqcd.mongodb.net:27017, ac-ggf694n-shard-00-01.1q4yqcd.mongodb.net:27017], passives=[], arbiters=[], primary='ac-ggf694n-shard-00-02.1q4yqcd.mongodb.net:27017', tagSet=TagSet{[Tag{name='availabilityZone', value='aps1-az3'}, Tag{name='cacheState', value='READY'}, Tag{name='diskState', value='READY'}, Tag{name='nodeType', value='ELECTABLE'}, Tag{name='provider', value='AWS'}, Tag{name='region', value='AP_SOUTH_1'}, Tag{name='workloadType', value='OPERATIONAL'}]}, electionId=null, setVersion=263, topologyVersion=TopologyVersion{processId=6a038efd653979f40b80b441, counter=3}, lastWriteDate=Fri May 15 19:42:13 IST 2026, lastUpdateTimeNanos=4188988461100}
26-05-15 19:42:13.201 [cluster-ClusterId{value='6a0729bc1cc0e806943f7380', description='null'}-ac-ggf694n-shard-00-02.1q4yqcd.mongodb.net:27017] INFO  org.mongodb.driver.cluster - Setting max election id to 7fffffff0000000000000109 from replica set primary ac-ggf694n-shard-00-02.1q4yqcd.mongodb.net:27017
26-05-15 19:42:13.206 [cluster-ClusterId{value='6a0729bc1cc0e806943f7380', description='null'}-ac-ggf694n-shard-00-02.1q4yqcd.mongodb.net:27017] INFO  org.mongodb.driver.cluster - Setting max set version to 263 from replica set primary ac-ggf694n-shard-00-02.1q4yqcd.mongodb.net:27017
26-05-15 19:42:13.207 [cluster-ClusterId{value='6a0729bc1cc0e806943f7380', description='null'}-ac-ggf694n-shard-00-02.1q4yqcd.mongodb.net:27017] INFO  org.mongodb.driver.cluster - Discovered replica set primary ac-ggf694n-shard-00-02.1q4yqcd.mongodb.net:27017
26-05-15 19:42:13.459 [main] INFO  org.mongodb.driver.connection - Opened connection [connectionId{localValue:7, serverValue:186887}] to ac-ggf694n-shard-00-02.1q4yqcd.mongodb.net:27017
26-05-15 19:42:14.592 [main] INFO  o.s.s.web.DefaultSecurityFilterChain - Will secure any request with [org.springframework.security.web.session.DisableEncodeUrlFilter@2aa6bbad, org.springframework.security.web.context.request.async.WebAsyncManagerIntegrationFilter@6b2ef50e, org.springframework.security.web.context.SecurityContextPersistenceFilter@7babed9e, org.springframework.security.web.header.HeaderWriterFilter@1f179f51, org.springframework.security.web.authentication.logout.LogoutFilter@1187dc82, org.springframework.security.web.authentication.www.BasicAuthenticationFilter@2a6fb62f, org.springframework.security.web.savedrequest.RequestCacheAwareFilter@22b7ef2b, org.springframework.security.web.servletapi.SecurityContextHolderAwareRequestFilter@c758a2d, org.springframework.security.web.authentication.AnonymousAuthenticationFilter@6f867b0c, org.springframework.security.web.session.SessionManagementFilter@72eed547, org.springframework.security.web.access.ExceptionTranslationFilter@7103745, org.springframework.security.web.access.intercept.FilterSecurityInterceptor@2ae3235e]
26-05-15 19:42:16.405 [main] INFO  n.e.j.JournalApplicationTests - Started JournalApplicationTests in 9.222 seconds (JVM running for 11.45)
26-05-15 19:42:17.492 [main] INFO  o.s.b.t.c.SpringBootTestContextBootstrapper - Neither @ContextConfiguration nor @ContextHierarchy found for test class [net.engineeringdigest.journalApp.service.UserServiceTests], using SpringBootContextLoader
26-05-15 19:42:17.493 [main] INFO  o.s.t.c.s.AbstractContextLoader - Could not detect default resource locations for test class [net.engineeringdigest.journalApp.service.UserServiceTests]: no resource found for suffixes {-context.xml, Context.groovy}.
26-05-15 19:42:17.494 [main] INFO  o.s.t.c.s.AnnotationConfigContextLoaderUtils - Could not detect default configuration classes for test class [net.engineeringdigest.journalApp.service.UserServiceTests]: UserServiceTests does not declare any static, non-private, non-final, nested classes annotated with @Configuration.
26-05-15 19:42:17.514 [main] INFO  o.s.b.t.c.SpringBootTestContextBootstrapper - Found @SpringBootConfiguration net.engineeringdigest.journalApp.JournalApplication for test class net.engineeringdigest.journalApp.service.UserServiceTests
26-05-15 19:42:17.517 [main] INFO  o.s.b.t.c.SpringBootTestContextBootstrapper - Loaded default TestExecutionListener class names from location [META-INF/spring.factories]: [org.springframework.boot.test.mock.mockito.MockitoTestExecutionListener, org.springframework.boot.test.mock.mockito.ResetMocksTestExecutionListener, org.springframework.boot.test.autoconfigure.restdocs.RestDocsTestExecutionListener, org.springframework.boot.test.autoconfigure.web.client.MockRestServiceServerResetTestExecutionListener, org.springframework.boot.test.autoconfigure.web.servlet.MockMvcPrintOnlyOnFailureTestExecutionListener, org.springframework.boot.test.autoconfigure.web.servlet.WebDriverTestExecutionListener, org.springframework.boot.test.autoconfigure.webservices.client.MockWebServiceServerTestExecutionListener, org.springframework.test.context.web.ServletTestExecutionListener, org.springframework.test.context.support.DirtiesContextBeforeModesTestExecutionListener, org.springframework.test.context.event.ApplicationEventsTestExecutionListener, org.springframework.test.context.support.DependencyInjectionTestExecutionListener, org.springframework.test.context.support.DirtiesContextTestExecutionListener, org.springframework.test.context.transaction.TransactionalTestExecutionListener, org.springframework.test.context.jdbc.SqlScriptsTestExecutionListener, org.springframework.test.context.event.EventPublishingTestExecutionListener]
26-05-15 19:42:17.519 [main] INFO  o.s.b.t.c.SpringBootTestContextBootstrapper - Using TestExecutionListeners: [org.springframework.test.context.web.ServletTestExecutionListener@2ba318c2, org.springframework.test.context.support.DirtiesContextBeforeModesTestExecutionListener@231d3ce, org.springframework.test.context.event.ApplicationEventsTestExecutionListener@204c5ddf, org.springframework.boot.test.mock.mockito.MockitoTestExecutionListener@240f2efd, org.springframework.boot.test.autoconfigure.SpringBootDependencyInjectionTestExecutionListener@175957b6, org.springframework.test.context.support.DirtiesContextTestExecutionListener@1b7a4930, org.springframework.test.context.transaction.TransactionalTestExecutionListener@591a4d25, org.springframework.test.context.jdbc.SqlScriptsTestExecutionListener@4bfe83d, org.springframework.test.context.event.EventPublishingTestExecutionListener@5906ebfb, org.springframework.boot.test.mock.mockito.ResetMocksTestExecutionListener@10fc1a22, org.springframework.boot.test.autoconfigure.restdocs.RestDocsTestExecutionListener@1b841e7d, org.springframework.boot.test.autoconfigure.web.client.MockRestServiceServerResetTestExecutionListener@6081f330, org.springframework.boot.test.autoconfigure.web.servlet.MockMvcPrintOnlyOnFailureTestExecutionListener@eb695e8, org.springframework.boot.test.autoconfigure.web.servlet.WebDriverTestExecutionListener@7eebb316, org.springframework.boot.test.autoconfigure.webservices.client.MockWebServiceServerTestExecutionListener@45273d40]
26-05-16 12:21:34.860 [main] INFO  n.e.journalApp.JournalApplication - Starting JournalApplication using Java 11.0.31 on LAPTOP-4IL5G33D with PID 18036 (C:\Users\SIDDHU\OneDrive\Desktop\journalapp\journalApp\target\classes started by SIDDHU in C:\Users\SIDDHU\OneDrive\Desktop\journalapp\journalApp)
26-05-16 12:21:34.867 [main] INFO  n.e.journalApp.JournalApplication - The following 1 profile is active: "dev"
26-05-16 12:21:36.320 [main] INFO  o.s.d.r.c.RepositoryConfigurationDelegate - Bootstrapping Spring Data MongoDB repositories in DEFAULT mode.
26-05-16 12:21:36.460 [main] INFO  o.s.d.r.c.RepositoryConfigurationDelegate - Finished Spring Data repository scanning in 127 ms. Found 2 MongoDB repository interfaces.
26-05-16 12:21:38.651 [main] INFO  o.s.b.w.e.tomcat.TomcatWebServer - Tomcat initialized with port(s): 8082 (http)
26-05-16 12:21:38.663 [main] INFO  o.a.coyote.http11.Http11NioProtocol - Initializing ProtocolHandler ["http-nio-8082"]
26-05-16 12:21:38.668 [main] INFO  o.a.catalina.core.StandardService - Starting service [Tomcat]
26-05-16 12:21:38.669 [main] INFO  o.a.catalina.core.StandardEngine - Starting Servlet engine: [Apache Tomcat/9.0.80]
26-05-16 12:21:38.886 [main] INFO  o.a.c.c.C.[.[.[/journalapp] - Initializing Spring embedded WebApplicationContext
26-05-16 12:21:38.887 [main] INFO  o.s.b.w.s.c.ServletWebServerApplicationContext - Root WebApplicationContext: initialization completed in 3879 ms
26-05-16 12:21:39.405 [main] INFO  org.mongodb.driver.client - MongoClient with metadata {"driver": {"name": "mongo-java-driver|sync|spring-boot", "version": "4.6.1"}, "os": {"type": "Windows", "name": "Windows 11", "architecture": "amd64", "version": "10.0"}, "platform": "Java/Microsoft/11.0.31+11-LTS", "application": {"name": "Cluster0"}} created with settings MongoClientSettings{readPreference=primary, writeConcern=WriteConcern{w=null, wTimeout=null ms, journal=null}, retryWrites=true, retryReads=true, readConcern=ReadConcern{level=null}, credential=MongoCredential{mechanism=null, userName='banusiddharth35_db_user', source='admin', password=<hidden>, mechanismProperties=<hidden>}, streamFactoryFactory=null, commandListeners=[], codecRegistry=ProvidersCodecRegistry{codecProviders=[ValueCodecProvider{}, BsonValueCodecProvider{}, DBRefCodecProvider{}, DBObjectCodecProvider{}, DocumentCodecProvider{}, IterableCodecProvider{}, MapCodecProvider{}, GeoJsonCodecProvider{}, GridFSFileCodecProvider{}, Jsr310CodecProvider{}, JsonObjectCodecProvider{}, BsonCodecProvider{}, EnumCodecProvider{}, com.mongodb.Jep395RecordCodecProvider@6d08b4e6]}, clusterSettings={hosts=[127.0.0.1:27017], srvHost=cluster0.1q4yqcd.mongodb.net, srvServiceName=mongodb, mode=MULTIPLE, requiredClusterType=REPLICA_SET, requiredReplicaSetName='atlas-mizxxc-shard-0', serverSelector='null', clusterListeners='[]', serverSelectionTimeout='30000 ms', localThreshold='30000 ms'}, socketSettings=SocketSettings{connectTimeoutMS=10000, readTimeoutMS=0, receiveBufferSize=0, sendBufferSize=0}, heartbeatSocketSettings=SocketSettings{connectTimeoutMS=10000, readTimeoutMS=10000, receiveBufferSize=0, sendBufferSize=0}, connectionPoolSettings=ConnectionPoolSettings{maxSize=100, minSize=0, maxWaitTimeMS=120000, maxConnectionLifeTimeMS=0, maxConnectionIdleTimeMS=0, maintenanceInitialDelayMS=0, maintenanceFrequencyMS=60000, connectionPoolListeners=[], maxConnecting=2}, serverSettings=ServerSettings{heartbeatFrequencyMS=10000, minHeartbeatFrequencyMS=500, serverListeners='[]', serverMonitorListeners='[]'}, sslSettings=SslSettings{enabled=true, invalidHostNameAllowed=false, context=null}, applicationName='Cluster0', compressorList=[], uuidRepresentation=JAVA_LEGACY, serverApi=null, autoEncryptionSettings=null, contextProvider=null}
26-05-16 12:21:39.445 [cluster-ClusterId{value='6a0813fbaf9c2e1cbdd97c0f', description='null'}-srv-cluster0.1q4yqcd.mongodb.net] INFO  org.mongodb.driver.cluster - Adding discovered server ac-ggf694n-shard-00-01.1q4yqcd.mongodb.net:27017 to client view of cluster
26-05-16 12:21:39.493 [cluster-ClusterId{value='6a0813fbaf9c2e1cbdd97c0f', description='null'}-srv-cluster0.1q4yqcd.mongodb.net] INFO  org.mongodb.driver.cluster - Adding discovered server ac-ggf694n-shard-00-00.1q4yqcd.mongodb.net:27017 to client view of cluster
26-05-16 12:21:39.496 [cluster-ClusterId{value='6a0813fbaf9c2e1cbdd97c0f', description='null'}-srv-cluster0.1q4yqcd.mongodb.net] INFO  org.mongodb.driver.cluster - Adding discovered server ac-ggf694n-shard-00-02.1q4yqcd.mongodb.net:27017 to client view of cluster
26-05-16 12:21:39.959 [main] INFO  org.mongodb.driver.cluster - No server chosen by com.mongodb.client.internal.MongoClientDelegate$1@18d11527 from cluster description ClusterDescription{type=REPLICA_SET, connectionMode=MULTIPLE, serverDescriptions=[ServerDescription{address=ac-ggf694n-shard-00-00.1q4yqcd.mongodb.net:27017, type=UNKNOWN, state=CONNECTING}, ServerDescription{address=ac-ggf694n-shard-00-02.1q4yqcd.mongodb.net:27017, type=UNKNOWN, state=CONNECTING}, ServerDescription{address=ac-ggf694n-shard-00-01.1q4yqcd.mongodb.net:27017, type=UNKNOWN, state=CONNECTING}]}. Waiting for 30000 ms before timing out
26-05-16 12:21:40.476 [cluster-ClusterId{value='6a0813fbaf9c2e1cbdd97c0f', description='null'}-ac-ggf694n-shard-00-00.1q4yqcd.mongodb.net:27017] INFO  org.mongodb.driver.connection - Opened connection [connectionId{localValue:6, serverValue:196882}] to ac-ggf694n-shard-00-00.1q4yqcd.mongodb.net:27017
26-05-16 12:21:40.476 [cluster-rtt-ClusterId{value='6a0813fbaf9c2e1cbdd97c0f', description='null'}-ac-ggf694n-shard-00-00.1q4yqcd.mongodb.net:27017] INFO  org.mongodb.driver.connection - Opened connection [connectionId{localValue:3, serverValue:196865}] to ac-ggf694n-shard-00-00.1q4yqcd.mongodb.net:27017
26-05-16 12:21:40.476 [cluster-rtt-ClusterId{value='6a0813fbaf9c2e1cbdd97c0f', description='null'}-ac-ggf694n-shard-00-01.1q4yqcd.mongodb.net:27017] INFO  org.mongodb.driver.connection - Opened connection [connectionId{localValue:1, serverValue:190163}] to ac-ggf694n-shard-00-01.1q4yqcd.mongodb.net:27017
26-05-16 12:21:40.476 [cluster-ClusterId{value='6a0813fbaf9c2e1cbdd97c0f', description='null'}-ac-ggf694n-shard-00-01.1q4yqcd.mongodb.net:27017] INFO  org.mongodb.driver.connection - Opened connection [connectionId{localValue:2, serverValue:190163}] to ac-ggf694n-shard-00-01.1q4yqcd.mongodb.net:27017
26-05-16 12:21:40.476 [cluster-rtt-ClusterId{value='6a0813fbaf9c2e1cbdd97c0f', description='null'}-ac-ggf694n-shard-00-02.1q4yqcd.mongodb.net:27017] INFO  org.mongodb.driver.connection - Opened connection [connectionId{localValue:5, serverValue:227544}] to ac-ggf694n-shard-00-02.1q4yqcd.mongodb.net:27017
26-05-16 12:21:40.476 [cluster-ClusterId{value='6a0813fbaf9c2e1cbdd97c0f', description='null'}-ac-ggf694n-shard-00-02.1q4yqcd.mongodb.net:27017] INFO  org.mongodb.driver.connection - Opened connection [connectionId{localValue:4, serverValue:227544}] to ac-ggf694n-shard-00-02.1q4yqcd.mongodb.net:27017
26-05-16 12:21:40.481 [cluster-ClusterId{value='6a0813fbaf9c2e1cbdd97c0f', description='null'}-ac-ggf694n-shard-00-01.1q4yqcd.mongodb.net:27017] INFO  org.mongodb.driver.cluster - Monitor thread successfully connected to server with description ServerDescription{address=ac-ggf694n-shard-00-01.1q4yqcd.mongodb.net:27017, type=REPLICA_SET_SECONDARY, state=CONNECTED, ok=true, minWireVersion=0, maxWireVersion=25, maxDocumentSize=16777216, logicalSessionTimeoutMinutes=30, roundTripTimeNanos=476686100, setName='atlas-mizxxc-shard-0', canonicalAddress=ac-ggf694n-shard-00-01.1q4yqcd.mongodb.net:27017, hosts=[ac-ggf694n-shard-00-02.1q4yqcd.mongodb.net:27017, ac-ggf694n-shard-00-00.1q4yqcd.mongodb.net:27017, ac-ggf694n-shard-00-01.1q4yqcd.mongodb.net:27017], passives=[], arbiters=[], primary='ac-ggf694n-shard-00-02.1q4yqcd.mongodb.net:27017', tagSet=TagSet{[Tag{name='availabilityZone', value='aps1-az3'}, Tag{name='cacheState', value='READY'}, Tag{name='diskState', value='READY'}, Tag{name='nodeType', value='ELECTABLE'}, Tag{name='provider', value='AWS'}, Tag{name='region', value='AP_SOUTH_1'}, Tag{name='workloadType', value='OPERATIONAL'}]}, electionId=null, setVersion=263, topologyVersion=TopologyVersion{processId=6a038efd653979f40b80b441, counter=3}, lastWriteDate=Sat May 16 12:21:39 IST 2026, lastUpdateTimeNanos=64169605661300}
26-05-16 12:21:40.481 [cluster-ClusterId{value='6a0813fbaf9c2e1cbdd97c0f', description='null'}-ac-ggf694n-shard-00-02.1q4yqcd.mongodb.net:27017] INFO  org.mongodb.driver.cluster - Monitor thread successfully connected to server with description ServerDescription{address=ac-ggf694n-shard-00-02.1q4yqcd.mongodb.net:27017, type=REPLICA_SET_PRIMARY, state=CONNECTED, ok=true, minWireVersion=0, maxWireVersion=25, maxDocumentSize=16777216, logicalSessionTimeoutMinutes=30, roundTripTimeNanos=476282900, setName='atlas-mizxxc-shard-0', canonicalAddress=ac-ggf694n-shard-00-02.1q4yqcd.mongodb.net:27017, hosts=[ac-ggf694n-shard-00-02.1q4yqcd.mongodb.net:27017, ac-ggf694n-shard-00-00.1q4yqcd.mongodb.net:27017, ac-ggf694n-shard-00-01.1q4yqcd.mongodb.net:27017], passives=[], arbiters=[], primary='ac-ggf694n-shard-00-02.1q4yqcd.mongodb.net:27017', tagSet=TagSet{[Tag{name='availabilityZone', value='aps1-az2'}, Tag{name='cacheState', value='READY'}, Tag{name='diskState', value='READY'}, Tag{name='nodeType', value='ELECTABLE'}, Tag{name='provider', value='AWS'}, Tag{name='region', value='AP_SOUTH_1'}, Tag{name='workloadType', value='OPERATIONAL'}]}, electionId=7fffffff0000000000000109, setVersion=263, topologyVersion=TopologyVersion{processId=6a038c3ee6a08c3e351f731e, counter=6}, lastWriteDate=Sat May 16 12:21:39 IST 2026, lastUpdateTimeNanos=64169605690200}
26-05-16 12:21:40.483 [cluster-ClusterId{value='6a0813fbaf9c2e1cbdd97c0f', description='null'}-ac-ggf694n-shard-00-00.1q4yqcd.mongodb.net:27017] INFO  org.mongodb.driver.cluster - Monitor thread successfully connected to server with description ServerDescription{address=ac-ggf694n-shard-00-00.1q4yqcd.mongodb.net:27017, type=REPLICA_SET_SECONDARY, state=CONNECTED, ok=true, minWireVersion=0, maxWireVersion=25, maxDocumentSize=16777216, logicalSessionTimeoutMinutes=30, roundTripTimeNanos=476689500, setName='atlas-mizxxc-shard-0', canonicalAddress=ac-ggf694n-shard-00-00.1q4yqcd.mongodb.net:27017, hosts=[ac-ggf694n-shard-00-02.1q4yqcd.mongodb.net:27017, ac-ggf694n-shard-00-00.1q4yqcd.mongodb.net:27017, ac-ggf694n-shard-00-01.1q4yqcd.mongodb.net:27017], passives=[], arbiters=[], primary='ac-ggf694n-shard-00-02.1q4yqcd.mongodb.net:27017', tagSet=TagSet{[Tag{name='availabilityZone', value='aps1-az1'}, Tag{name='cacheState', value='READY'}, Tag{name='diskState', value='READY'}, Tag{name='nodeType', value='ELECTABLE'}, Tag{name='provider', value='AWS'}, Tag{name='region', value='AP_SOUTH_1'}, Tag{name='workloadType', value='OPERATIONAL'}]}, electionId=null, setVersion=263, topologyVersion=TopologyVersion{processId=6a0389a4b348ff17f5109be7, counter=4}, lastWriteDate=Sat May 16 12:21:39 IST 2026, lastUpdateTimeNanos=64169605661300}
26-05-16 12:21:40.488 [cluster-ClusterId{value='6a0813fbaf9c2e1cbdd97c0f', description='null'}-ac-ggf694n-shard-00-02.1q4yqcd.mongodb.net:27017] INFO  org.mongodb.driver.cluster - Setting max election id to 7fffffff0000000000000109 from replica set primary ac-ggf694n-shard-00-02.1q4yqcd.mongodb.net:27017
26-05-16 12:21:40.489 [cluster-ClusterId{value='6a0813fbaf9c2e1cbdd97c0f', description='null'}-ac-ggf694n-shard-00-02.1q4yqcd.mongodb.net:27017] INFO  org.mongodb.driver.cluster - Setting max set version to 263 from replica set primary ac-ggf694n-shard-00-02.1q4yqcd.mongodb.net:27017
26-05-16 12:21:40.489 [cluster-ClusterId{value='6a0813fbaf9c2e1cbdd97c0f', description='null'}-ac-ggf694n-shard-00-02.1q4yqcd.mongodb.net:27017] INFO  org.mongodb.driver.cluster - Discovered replica set primary ac-ggf694n-shard-00-02.1q4yqcd.mongodb.net:27017
26-05-16 12:21:40.900 [main] INFO  org.mongodb.driver.connection - Opened connection [connectionId{localValue:7, serverValue:227487}] to ac-ggf694n-shard-00-02.1q4yqcd.mongodb.net:27017
26-05-16 12:21:41.627 [main] INFO  o.s.s.web.DefaultSecurityFilterChain - Will secure any request with [org.springframework.security.web.session.DisableEncodeUrlFilter@77083e41, org.springframework.security.web.context.request.async.WebAsyncManagerIntegrationFilter@231df705, org.springframework.security.web.context.SecurityContextPersistenceFilter@6f50d55c, org.springframework.security.web.header.HeaderWriterFilter@581c9bb7, org.springframework.security.web.authentication.logout.LogoutFilter@2b999ee8, org.springframework.security.web.authentication.www.BasicAuthenticationFilter@69a5c6be, org.springframework.security.web.savedrequest.RequestCacheAwareFilter@5fb3111a, org.springframework.security.web.servletapi.SecurityContextHolderAwareRequestFilter@26da1ba2, org.springframework.security.web.authentication.AnonymousAuthenticationFilter@2d130ac4, org.springframework.security.web.session.SessionManagementFilter@6c835217, org.springframework.security.web.access.ExceptionTranslationFilter@5a2ae1ab, org.springframework.security.web.access.intercept.FilterSecurityInterceptor@743c3520]
26-05-16 12:21:42.103 [main] INFO  o.a.coyote.http11.Http11NioProtocol - Starting ProtocolHandler ["http-nio-8082"]
26-05-16 12:21:42.132 [main] INFO  o.s.b.w.e.tomcat.TomcatWebServer - Tomcat started on port(s): 8082 (http) with context path '/journalapp'
26-05-16 12:21:42.144 [main] INFO  n.e.journalApp.JournalApplication - Started JournalApplication in 8.141 seconds (JVM running for 9.326)
